Epoch,PC_Index,Source_Line,Voltage,Action,Status,Total_Cycles,Wasted_Cycles,Wasted_Time_ms
0,0,7,3.296977782758021,EXECUTE,SUCCESS,1,0,0.0
0,1,15,3.222014121632616,EXECUTE,SUCCESS,6,0,0.0
0,2,16,3.2189186849002565,EXECUTE,SUCCESS,7,0,0.0
0,3,17,3.2158202686095496,EXECUTE,SUCCESS,8,0,0.0
0,4,18,3.2127188641398416,EXECUTE,SUCCESS,9,0,0.0
0,5,19,3.209614462828829,EXECUTE,SUCCESS,10,0,0.0
0,6,20,3.2065070559722755,EXECUTE,SUCCESS,11,0,0.0
0,7,21,3.2033966348237284,EXECUTE,SUCCESS,12,0,0.0
0,8,22,3.200276941141186,EXECUTE,SUCCESS,13,0,0.0
0,9,23,3.1971542033502205,EXECUTE,SUCCESS,14,0,0.0
0,10,24,3.194028412522341,EXECUTE,SUCCESS,15,0,0.0
0,11,25,3.190899559685323,EXECUTE,SUCCESS,16,0,0.0
0,12,26,3.18776763582291,EXECUTE,SUCCESS,17,0,0.0
0,13,27,3.184632631874512,EXECUTE,SUCCESS,18,0,0.0
0,14,28,3.1814945387348983,EXECUTE,SUCCESS,19,0,0.0
0,15,29,3.178353347253886,EXECUTE,SUCCESS,20,0,0.0
0,16,30,3.1752090482360336,EXECUTE,SUCCESS,21,0,0.0
0,17,31,3.1720616324403244,EXECUTE,SUCCESS,22,0,0.0
0,18,35,3.0940729629405923,EXECUTE,SUCCESS,27,0,0.0
0,19,36,3.0908493978193077,EXECUTE,SUCCESS,28,0,0.0
0,20,40,3.0876224672067627,EXECUTE,SUCCESS,29,0,0.0
0,21,41,3.0843921605398967,EXECUTE,SUCCESS,30,0,0.0
0,22,42,3.0474649300689203,EXECUTE,SUCCESS,33,0,0.0
0,23,44,3.0441920110268947,EXECUTE,SUCCESS,34,0,0.0
0,24,46,3.032693522266958,EXECUTE,SUCCESS,36,0,0.0
0,25,49,3.029404644480491,EXECUTE,SUCCESS,37,0,0.0
0,26,51,3.0261121922360994,EXECUTE,SUCCESS,38,0,0.0
0,27,52,2.9884849840680094,EXECUTE,SUCCESS,41,0,0.0
0,28,54,2.957909734931066,EXECUTE,SUCCESS,44,0,0.0
0,29,55,2.865415327661938,EXECUTE,SUCCESS,50,0,0.0
0,30,56,2.769833930039845,EXECUTE,SUCCESS,56,0,0.0
0,31,57,2.6707892092038965,EXECUTE,SUCCESS,62,0,0.0
0,32,58,2.5679271796528766,EXECUTE,SUCCESS,68,0,0.0
0,33,61,2.532255417606995,EXECUTE,SUCCESS,71,0,0.0
0,34,62,2.49609795480866,EXECUTE,SUCCESS,74,0,0.0
0,35,63,2.3857661243298716,EXECUTE,SUCCESS,80,0,0.0
0,36,64,2.2700253302551445,EXECUTE,SUCCESS,86,0,0.0
0,37,65,2.1480572618065787,EXECUTE,SUCCESS,92,0,0.0
0,38,66,2.0187335138645657,EXECUTE,SUCCESS,98,0,0.0
0,39,68,2.0013320564064268,EXECUTE,SUCCESS,100,0,0.0
0,40,69,2.000028124802249,EXECUTE,SUCCESS,105,0,0.0
0,41,70,2.0000337497152394,EXECUTE,SUCCESS,111,0,0.0
0,42,71,2.000028124802249,EXECUTE,SUCCESS,116,0,0.0
0,43,72,2.000028124802249,EXECUTE,SUCCESS,121,0,0.0
0,44,73,2.0000781234741805,EXECUTE,SUCCESS,126,0,0.0
0,45,76,2.0000468744506965,EXECUTE,SUCCESS,129,0,0.0
0,46,77,2.0000337497152394,EXECUTE,SUCCESS,135,0,0.0
0,47,78,2.0000337497152394,EXECUTE,SUCCESS,141,0,0.0
0,48,79,2.0000937478028376,EXECUTE,SUCCESS,147,0,0.0
0,49,80,2.0000337497152394,EXECUTE,SUCCESS,153,0,0.0
0,50,84,2.00000562499209,EXECUTE,SUCCESS,154,0,0.0
0,51,86,2.00000562499209,EXECUTE,SUCCESS,155,0,0.0
0,52,87,2.0000168749288094,EXECUTE,SUCCESS,158,0,0.0
0,53,88,2.0000337497152394,EXECUTE,SUCCESS,164,0,0.0
0,54,92,2.00000562499209,EXECUTE,SUCCESS,165,0,0.0
0,55,94,2.0000156249389653,EXECUTE,SUCCESS,166,0,0.0
0,56,95,2.0000168749288094,EXECUTE,SUCCESS,169,0,0.0
0,57,96,2.000028124802249,EXECUTE,SUCCESS,174,0,0.0
0,58,100,2.00000562499209,EXECUTE,SUCCESS,175,0,0.0
0,59,102,2.0,EXECUTE,CRASH,352,176,0.011
0,0,7,3.049600383656849,EXECUTE,SUCCESS,208353,0,0.0
0,1,15,2.9683960315294855,EXECUTE,SUCCESS,208358,0,0.0
0,2,16,2.9650358345220713,EXECUTE,SUCCESS,208359,0,0.0
0,3,17,2.96167182516902,EXECUTE,SUCCESS,208360,0,0.0
0,4,18,2.9583039904648056,EXECUTE,SUCCESS,208361,0,0.0
0,5,19,2.9549255489775024,EXECUTE,SUCCESS,208362,0,0.0
0,6,20,2.951543240408311,EXECUTE,SUCCESS,208363,0,0.0
0,7,21,2.9481570514475632,EXECUTE,SUCCESS,208364,0,0.0
0,8,22,2.9447669687090676,EXECUTE,SUCCESS,208365,0,0.0
0,9,23,2.9413729787294893,EXECUTE,SUCCESS,208366,0,0.0
0,10,24,2.9379818753695517,EXECUTE,SUCCESS,208367,0,0.0
0,11,25,2.9345868533747623,EXECUTE,SUCCESS,208368,0,0.0
0,12,26,2.9311878991289504,EXECUTE,SUCCESS,208369,0,0.0
0,13,27,2.9277849989369074,EXECUTE,SUCCESS,208370,0,0.0
0,14,28,2.9243781390237458,EXECUTE,SUCCESS,208371,0,0.0
0,15,29,2.920967305534244,EXECUTE,SUCCESS,208372,0,0.0
0,16,30,2.9175524845321945,EXECUTE,SUCCESS,208373,0,0.0
0,17,31,2.9141336619997342,EXECUTE,SUCCESS,208374,0,0.0
0,18,35,2.829043566295857,EXECUTE,SUCCESS,208379,0,0.0
0,19,36,2.825517651687913,EXECUTE,SUCCESS,208380,0,0.0
0,20,40,2.821987331651221,EXECUTE,SUCCESS,208381,0,0.0
0,21,41,2.8184525896314057,EXECUTE,SUCCESS,208382,0,0.0
0,22,42,2.7780141288337568,EXECUTE,SUCCESS,208385,0,0.0
0,23,44,2.7744233635117723,EXECUTE,SUCCESS,208386,0,0.0
0,24,46,2.7617874646684846,EXECUTE,SUCCESS,208388,0,0.0
0,25,49,2.7581683233624403,EXECUTE,SUCCESS,208389,0,0.0
0,26,51,2.7545444269424983,EXECUTE,SUCCESS,208390,0,0.0
0,27,52,2.713131493311737,EXECUTE,SUCCESS,208393,0,0.0
0,28,54,2.679393588109066,EXECUTE,SUCCESS,208396,0,0.0
0,29,55,2.57687504547659,EXECUTE,SUCCESS,208402,0,0.0
0,30,56,2.4701052609150036,EXECUTE,SUCCESS,208408,0,0.0
0,31,57,2.3585069429620042,EXECUTE,SUCCESS,208414,0,0.0
0,32,58,2.241358962772358,EXECUTE,SUCCESS,208420,0,0.0
0,33,61,2.2003993955643555,EXECUTE,SUCCESS,208423,0,0.0
0,34,62,2.158662780519454,EXECUTE,SUCCESS,208426,0,0.0
0,35,63,2.0300738902808395,EXECUTE,SUCCESS,208432,0,0.0
0,36,64,2.0000337497152394,EXECUTE,SUCCESS,208438,0,0.0
0,37,65,2.0000337497152394,EXECUTE,SUCCESS,208444,0,0.0
0,38,66,2.0000337497152394,EXECUTE,SUCCESS,208450,0,0.0
0,39,68,2.0000112499683596,EXECUTE,SUCCESS,208452,0,0.0
0,40,69,2.000028124802249,EXECUTE,SUCCESS,208457,0,0.0
0,41,70,2.0000337497152394,EXECUTE,SUCCESS,208463,0,0.0
0,42,71,2.0000781234741805,EXECUTE,SUCCESS,208468,0,0.0
0,43,72,2.0000781234741805,EXECUTE,SUCCESS,208473,0,0.0
0,44,73,2.0000781234741805,EXECUTE,SUCCESS,208478,0,0.0
0,45,76,2.0000468744506965,EXECUTE,SUCCESS,208481,0,0.0
0,46,77,2.0000937478028376,EXECUTE,SUCCESS,208487,0,0.0
0,47,78,2.0000937478028376,EXECUTE,SUCCESS,208493,0,0.0
0,48,79,2.0000937478028376,EXECUTE,SUCCESS,208499,0,0.0
0,49,80,2.0000937478028376,EXECUTE,SUCCESS,208505,0,0.0
0,50,84,2.00000562499209,EXECUTE,SUCCESS,208506,0,0.0
0,51,86,2.00000562499209,EXECUTE,SUCCESS,208507,0,0.0
0,52,87,2.0000168749288094,EXECUTE,SUCCESS,208510,0,0.0
0,53,88,2.0000337497152394,EXECUTE,SUCCESS,208516,0,0.0
0,54,92,2.00000562499209,EXECUTE,SUCCESS,208517,0,0.0
0,55,94,2.00000562499209,EXECUTE,SUCCESS,208518,0,0.0
0,56,95,2.0000468744506965,EXECUTE,SUCCESS,208521,0,0.0
0,57,96,2.0000781234741805,EXECUTE,SUCCESS,208526,0,0.0
0,58,100,2.0000156249389653,EXECUTE,SUCCESS,208527,0,0.0
0,59,102,2.0000156249389653,EXECUTE,SUCCESS,208528,0,0.0
0,60,105,2.000031249755863,EXECUTE,SUCCESS,208530,0,0.0
0,61,106,2.000031249755863,EXECUTE,SUCCESS,208532,0,0.0
0,62,107,2.000031249755863,EXECUTE,SUCCESS,208534,0,0.0
0,63,108,2.000031249755863,EXECUTE,SUCCESS,208536,0,0.0
0,64,109,2.000031249755863,EXECUTE,SUCCESS,208538,0,0.0
0,65,112,2.000031249755863,EXECUTE,SUCCESS,208540,0,0.0
0,66,113,2.000031249755863,EXECUTE,SUCCESS,208542,0,0.0
0,67,114,2.000031249755863,EXECUTE,SUCCESS,208544,0,0.0
0,68,115,2.0000112499683596,EXECUTE,SUCCESS,208546,0,0.0
0,69,116,2.0000112499683596,EXECUTE,SUCCESS,208548,0,0.0
0,70,117,2.0000112499683596,EXECUTE,SUCCESS,208550,0,0.0
0,71,120,2.0000112499683596,EXECUTE,SUCCESS,208552,0,0.0
0,72,121,2.0000112499683596,EXECUTE,SUCCESS,208554,0,0.0
0,73,122,2.000031249755863,EXECUTE,SUCCESS,208556,0,0.0
0,74,123,2.000031249755863,EXECUTE,SUCCESS,208558,0,0.0
0,75,124,2.0000112499683596,EXECUTE,SUCCESS,208560,0,0.0
0,76,127,2.00000562499209,EXECUTE,SUCCESS,208561,0,0.0
0,77,129,2.00000562499209,EXECUTE,SUCCESS,208562,0,0.0
0,78,130,2.00000562499209,EXECUTE,SUCCESS,208563,0,0.0
0,79,131,2.0000168749288094,EXECUTE,SUCCESS,208566,0,0.0
0,80,132,2.0000168749288094,EXECUTE,SUCCESS,208569,0,0.0
0,81,133,2.0,EXECUTE,CRASH,208792,220,0.01375
0,0,7,3.140067276349346,EXECUTE,SUCCESS,480793,0,0.0
0,1,15,3.061230961557784,EXECUTE,SUCCESS,480798,0,0.0
0,2,16,3.0579727762032145,EXECUTE,SUCCESS,480799,0,0.0
0,3,17,3.054711115637614,EXECUTE,SUCCESS,480800,0,0.0
0,4,18,3.051445968717125,EXECUTE,SUCCESS,480801,0,0.0
0,5,19,3.0481707629330725,EXECUTE,SUCCESS,480802,0,0.0
0,6,20,3.044892034210735,EXECUTE,SUCCESS,480803,0,0.0
0,7,21,3.0416097711573693,EXECUTE,SUCCESS,480804,0,0.0
0,8,22,3.038323962318697,EXECUTE,SUCCESS,480805,0,0.0
0,9,23,3.0350345961784333,EXECUTE,SUCCESS,480806,0,0.0
0,10,24,3.031741661157821,EXECUTE,SUCCESS,480807,0,0.0
0,11,25,3.028445145615153,EXECUTE,SUCCESS,480808,0,0.0
0,12,26,3.02514503784529,EXECUTE,SUCCESS,480809,0,0.0
0,13,27,3.0218413260791808,EXECUTE,SUCCESS,480810,0,0.0
0,14,28,3.018533998483367,EXECUTE,SUCCESS,480811,0,0.0
0,15,29,3.0152296761606707,EXECUTE,SUCCESS,480812,0,0.0
0,16,30,3.011921728730676,EXECUTE,SUCCESS,480813,0,0.0
0,17,31,3.008610144236036,EXECUTE,SUCCESS,480814,0,0.0
0,18,35,2.926268528348002,EXECUTE,SUCCESS,480819,0,0.0
0,19,36,2.9228599008505314,EXECUTE,SUCCESS,480820,0,0.0
0,20,40,2.919447293581437,EXECUTE,SUCCESS,480821,0,0.0
0,21,41,2.916030692568234,EXECUTE,SUCCESS,480822,0,0.0
0,22,42,2.8769641116982974,EXECUTE,SUCCESS,480825,0,0.0
0,23,44,2.873496998432393,EXECUTE,SUCCESS,480826,0,0.0
0,24,46,2.861312635836911,EXECUTE,SUCCESS,480828,0,0.0
0,25,49,2.8578265342739,EXECUTE,SUCCESS,480829,0,0.0
0,26,51,2.8543361750151246,EXECUTE,SUCCESS,480830,0,0.0
0,27,52,2.8144133491724297,EXECUTE,SUCCESS,480833,0,0.0
0,28,54,2.78190402422513,EXECUTE,SUCCESS,480836,0,0.0
0,29,55,2.6833495858721004,EXECUTE,SUCCESS,480842,0,0.0
0,30,56,2.581034676249037,EXECUTE,SUCCESS,480848,0,0.0
0,31,57,2.474492877338703,EXECUTE,SUCCESS,480854,0,0.0
0,32,58,2.3631525553802013,EXECUTE,SUCCESS,480860,0,0.0
0,33,61,2.3243402289682065,EXECUTE,SUCCESS,480863,0,0.0
0,34,62,2.284868705199486,EXECUTE,SUCCESS,480866,0,0.0
0,35,63,2.1637375071851888,EXECUTE,SUCCESS,480872,0,0.0
0,36,64,2.035410278052063,EXECUTE,SUCCESS,480878,0,0.0
0,37,65,2.0000337497152394,EXECUTE,SUCCESS,480884,0,0.0
0,38,66,2.0000337497152394,EXECUTE,SUCCESS,480890,0,0.0
0,39,68,2.0000112499683596,EXECUTE,SUCCESS,480892,0,0.0
0,40,69,2.0,EXECUTE,CRASH,481002,105,0.0065625
0,0,7,3.140073645633172,EXECUTE,SUCCESS,657003,0,0.0
0,1,15,3.0612374948703343,EXECUTE,SUCCESS,657008,0,0.0
0,2,16,3.0579727762032154,EXECUTE,SUCCESS,657009,0,0.0
0,3,17,3.054704568366637,EXECUTE,SUCCESS,657010,0,0.0
0,4,18,2.0,EXECUTE,CRASH,657020,9,0.0005625
0,0,7,3.009987126218317,EXECUTE,SUCCESS,769021,0,0.0
0,1,15,2.9276500815500475,EXECUTE,SUCCESS,769026,0,0.0
0,2,16,2.9242362250680087,EXECUTE,SUCCESS,769027,0,0.0
0,3,17,2.0,EXECUTE,CRASH,769036,8,0.0005
0,0,7,3.114492334233622,EXECUTE,SUCCESS,881037,0,0.0
0,1,15,3.0349917627565306,EXECUTE,SUCCESS,881042,0,0.0
0,2,16,3.031698781211615,EXECUTE,SUCCESS,881043,0,0.0
0,3,17,3.028402218992714,EXECUTE,SUCCESS,881044,0,0.0
0,4,18,3.0251020643938604,EXECUTE,SUCCESS,881045,0,0.0
0,5,19,3.021798305645166,EXECUTE,SUCCESS,881046,0,0.0
0,6,20,3.018490930912332,EXECUTE,SUCCESS,881047,0,0.0
0,7,21,3.015179928296153,EXECUTE,SUCCESS,881048,0,0.0
0,8,22,3.01186528583202,EXECUTE,SUCCESS,881049,0,0.0
0,9,23,3.0085536392093783,EXECUTE,SUCCESS,881050,0,0.0
0,10,24,3.0052383432932555,EXECUTE,SUCCESS,881051,0,0.0
0,11,25,2.0,EXECUTE,CRASH,881068,16,0.001
0,0,7,2.996668566925613,EXECUTE,SUCCESS,961069,0,0.0
0,1,15,2.913955215853532,EXECUTE,SUCCESS,961074,0,0.0
0,2,16,2.9105252962309067,EXECUTE,SUCCESS,961075,0,0.0
0,3,17,2.907091329834687,EXECUTE,SUCCESS,961076,0,0.0
0,4,18,2.903653302307286,EXECUTE,SUCCESS,961077,0,0.0
0,5,19,2.9002111992060176,EXECUTE,SUCCESS,961078,0,0.0
0,6,20,2.8967650060023864,EXECUTE,SUCCESS,961079,0,0.0
0,7,21,2.8933147080813737,EXECUTE,SUCCESS,961080,0,0.0
0,8,22,2.889860290740714,EXECUTE,SUCCESS,961081,0,0.0
0,9,23,2.886408668224235,EXECUTE,SUCCESS,961082,0,0.0
0,10,24,2.8829529132471103,EXECUTE,SUCCESS,961083,0,0.0
0,11,25,2.8794860652553957,EXECUTE,SUCCESS,961084,0,0.0
0,12,26,2.8760150382082506,EXECUTE,SUCCESS,961085,0,0.0
0,13,27,2.872539816956417,EXECUTE,SUCCESS,961086,0,0.0
0,14,28,2.869067357173757,EXECUTE,SUCCESS,961087,0,0.0
0,15,29,2.8655906895437813,EXECUTE,SUCCESS,961088,0,0.0
0,16,30,2.0,EXECUTE,CRASH,961110,21,0.0013125
0,0,7,2.996675240996262,EXECUTE,SUCCESS,1041111,0,0.0
0,1,15,2.0,EXECUTE,CRASH,1041122,6,0.000375
0,0,7,3.0232470127331643,EXECUTE,SUCCESS,1185123,0,0.0
0,1,15,2.941315182023171,EXECUTE,SUCCESS,1185128,0,0.0
0,2,16,2.937924011951296,EXECUTE,SUCCESS,1185129,0,0.0
0,3,17,2.9345289230130276,EXECUTE,SUCCESS,1185130,0,0.0
0,4,18,2.9311230782756286,EXECUTE,SUCCESS,1185131,0,0.0
0,5,19,2.927720102742063,EXECUTE,SUCCESS,1185132,0,0.0
0,6,20,2.924313167224057,EXECUTE,SUCCESS,1185133,0,0.0
0,7,21,2.9209022578648525,EXECUTE,SUCCESS,1185134,0,0.0
0,8,22,2.9174873607266907,EXECUTE,SUCCESS,1185135,0,0.0
0,9,23,2.9140684617901464,EXECUTE,SUCCESS,1185136,0,0.0
0,10,24,2.9106455469534573,EXECUTE,SUCCESS,1185137,0,0.0
0,11,25,2.907211722596067,EXECUTE,SUCCESS,1185138,0,0.0
0,12,26,2.903773837612012,EXECUTE,SUCCESS,1185139,0,0.0
0,13,27,2.9003387733159705,EXECUTE,SUCCESS,1185140,0,0.0
0,14,28,2.8968996358175736,EXECUTE,SUCCESS,1185141,0,0.0
0,15,29,2.8934564105927003,EXECUTE,SUCCESS,1185142,0,0.0
0,16,30,2.8900090830307077,EXECUTE,SUCCESS,1185143,0,0.0
0,17,31,2.886557638433709,EXECUTE,SUCCESS,1185144,0,0.0
0,18,35,2.8006298398753073,EXECUTE,SUCCESS,1185149,0,0.0
0,19,36,2.7970681078586535,EXECUTE,SUCCESS,1185150,0,0.0
0,20,40,2.7935018346154683,EXECUTE,SUCCESS,1185151,0,0.0
0,21,41,2.789931002731069,EXECUTE,SUCCESS,1185152,0,0.0
0,22,42,2.749073025585168,EXECUTE,SUCCESS,1185155,0,0.0
0,23,44,2.745437123665371,EXECUTE,SUCCESS,1185156,0,0.0
0,24,46,2.732681832925302,EXECUTE,SUCCESS,1185158,0,0.0
0,25,49,2.729031421585319,EXECUTE,SUCCESS,1185159,0,0.0
0,26,51,2.725376120831763,EXECUTE,SUCCESS,1185160,0,0.0
0,27,52,2.683535447874686,EXECUTE,SUCCESS,1185163,0,0.0
0,28,54,2.649443337759838,EXECUTE,SUCCESS,1185166,0,0.0
0,29,55,2.5457660929472667,EXECUTE,SUCCESS,1185172,0,0.0
0,30,56,2.4376340988753813,EXECUTE,SUCCESS,1185178,0,0.0
0,31,57,2.324477360612487,EXECUTE,SUCCESS,1185184,0,0.0
0,32,58,2.20552261380381,EXECUTE,SUCCESS,1185190,0,0.0
0,33,61,2.1638848167127542,EXECUTE,SUCCESS,1185193,0,0.0
0,34,62,2.1214299422794967,EXECUTE,SUCCESS,1185196,0,0.0
0,35,63,2.0000337497152394,EXECUTE,SUCCESS,1185202,0,0.0
0,36,64,2.0000337497152394,EXECUTE,SUCCESS,1185208,0,0.0
0,37,65,2.0000337497152394,EXECUTE,SUCCESS,1185214,0,0.0
0,38,66,2.0000337497152394,EXECUTE,SUCCESS,1185220,0,0.0
0,39,68,2.0000112499683596,EXECUTE,SUCCESS,1185222,0,0.0
0,40,69,2.000028124802249,EXECUTE,SUCCESS,1185227,0,0.0
0,41,70,2.0000337497152394,EXECUTE,SUCCESS,1185233,0,0.0
0,42,71,2.000028124802249,EXECUTE,SUCCESS,1185238,0,0.0
0,43,72,2.000028124802249,EXECUTE,SUCCESS,1185243,0,0.0
0,44,73,2.000028124802249,EXECUTE,SUCCESS,1185248,0,0.0
0,45,76,2.0000168749288094,EXECUTE,SUCCESS,1185251,0,0.0
0,46,77,2.0000337497152394,EXECUTE,SUCCESS,1185257,0,0.0
0,47,78,2.0000937478028376,EXECUTE,SUCCESS,1185263,0,0.0
0,48,79,2.0000937478028376,EXECUTE,SUCCESS,1185269,0,0.0
0,49,80,2.0000937478028376,EXECUTE,SUCCESS,1185275,0,0.0
0,50,84,2.0000156249389653,EXECUTE,SUCCESS,1185276,0,0.0
0,51,86,2.0000156249389653,EXECUTE,SUCCESS,1185277,0,0.0
0,52,87,2.0000468744506965,EXECUTE,SUCCESS,1185280,0,0.0
0,53,88,2.0000937478028376,EXECUTE,SUCCESS,1185286,0,0.0
0,54,92,2.00000562499209,EXECUTE,SUCCESS,1185287,0,0.0
0,55,94,2.0000156249389653,EXECUTE,SUCCESS,1185288,0,0.0
0,56,95,2.0000468744506965,EXECUTE,SUCCESS,1185291,0,0.0
0,57,96,2.000028124802249,EXECUTE,SUCCESS,1185296,0,0.0
0,58,100,2.0,EXECUTE,CRASH,1185472,175,0.0109375
0,0,7,2.996675240996262,EXECUTE,SUCCESS,1329473,0,0.0
0,1,15,2.913996396703332,EXECUTE,SUCCESS,1329478,0,0.0
0,2,16,2.9105733971161083,EXECUTE,SUCCESS,1329479,0,0.0
0,3,17,2.907146367144248,EXECUTE,SUCCESS,1329480,0,0.0
0,4,18,2.9037152925175014,EXECUTE,SUCCESS,1329481,0,0.0
0,5,19,2.900280158881207,EXECUTE,SUCCESS,1329482,0,0.0
0,6,20,2.8968409517955935,EXECUTE,SUCCESS,1329483,0,0.0
0,7,21,2.893397656735071,EXECUTE,SUCCESS,1329484,0,0.0
0,8,22,2.889950259087516,EXECUTE,SUCCESS,1329485,0,0.0
0,9,23,2.886491815335703,EXECUTE,SUCCESS,1329486,0,0.0
0,10,24,2.8830292228834593,EXECUTE,SUCCESS,1329487,0,0.0
0,11,25,2.8795624667646997,EXECUTE,SUCCESS,1329488,0,0.0
0,12,26,2.8760984857963408,EXECUTE,SUCCESS,1329489,0,0.0
0,13,27,2.8726303277658265,EXECUTE,SUCCESS,1329490,0,0.0
0,14,28,2.86915797752581,EXECUTE,SUCCESS,1329491,0,0.0
0,15,29,2.865681419837173,EXECUTE,SUCCESS,1329492,0,0.0
0,16,30,2.8622006393682455,EXECUTE,SUCCESS,1329493,0,0.0
0,17,31,2.8587156206940194,EXECUTE,SUCCESS,1329494,0,0.0
0,18,35,2.771924872719315,EXECUTE,SUCCESS,1329499,0,0.0
0,19,36,2.768326209101809,EXECUTE,SUCCESS,1329500,0,0.0
0,20,40,2.764722861337098,EXECUTE,SUCCESS,1329501,0,0.0
0,21,41,2.7611148110862738,EXECUTE,SUCCESS,1329502,0,0.0
0,22,42,2.7198019229348285,EXECUTE,SUCCESS,1329505,0,0.0
0,23,44,2.7161268379808754,EXECUTE,SUCCESS,1329506,0,0.0
0,24,46,2.7032184521418148,EXECUTE,SUCCESS,1329508,0,0.0
0,25,49,2.699528199519314,EXECUTE,SUCCESS,1329509,0,0.0
0,26,51,2.695832895414697,EXECUTE,SUCCESS,1329510,0,0.0
0,27,52,2.6535264272284884,EXECUTE,SUCCESS,1329513,0,0.0
0,28,54,2.6190437186118114,EXECUTE,SUCCESS,1329516,0,0.0
0,29,55,2.5141131637219485,EXECUTE,SUCCESS,1329522,0,0.0
0,30,56,2.0,EXECUTE,CRASH,1329584,56,0.0035
0,0,7,3.0692120324278678,EXECUTE,SUCCESS,1457585,0,0.0
0,1,15,2.988540613744441,EXECUTE,SUCCESS,1457590,0,0.0
0,2,16,2.9851963921993474,EXECUTE,SUCCESS,1457591,0,0.0
0,3,17,2.981848420024063,EXECUTE,SUCCESS,1457592,0,0.0
0,4,18,2.0,EXECUTE,CRASH,1457602,9,0.0005625
0,0,7,2.996675240996262,EXECUTE,SUCCESS,1537603,0,0.0
0,1,15,2.913996396703332,EXECUTE,SUCCESS,1537608,0,0.0
0,2,16,2.9105733971161083,EXECUTE,SUCCESS,1537609,0,0.0
0,3,17,2.907146367144248,EXECUTE,SUCCESS,1537610,0,0.0
0,4,18,2.065792826011359,CHECKPOINT,SUCCESS,1537866,0,0.0
0,4,18,2.060961547433624,EXECUTE,SUCCESS,1537867,0,0.0
0,5,19,2.056118916794454,EXECUTE,SUCCESS,1537868,0,0.0
0,6,20,2.0512648536939344,EXECUTE,SUCCESS,1537869,0,0.0
0,7,21,2.046399276778605,EXECUTE,SUCCESS,1537870,0,0.0
0,8,22,2.0415221037255504,EXECUTE,SUCCESS,1537871,0,0.0
0,9,23,2.0366332512261502,EXECUTE,SUCCESS,1537872,0,0.0
0,10,24,2.0317326349694733,EXECUTE,SUCCESS,1537873,0,0.0
0,11,25,2.026820169625317,EXECUTE,SUCCESS,1537874,0,0.0
0,12,26,2.02189576882687,EXECUTE,SUCCESS,1537875,0,0.0
0,13,27,2.0169593451529955,EXECUTE,SUCCESS,1537876,0,0.0
0,14,28,2.0120008697811245,EXECUTE,SUCCESS,1537877,0,0.0
0,15,29,2.007030144267894,EXECUTE,SUCCESS,1537878,0,0.0
0,16,30,2.0020470773685624,EXECUTE,SUCCESS,1537879,0,0.0
0,17,31,2.00000562499209,EXECUTE,SUCCESS,1537880,0,0.0
0,18,35,2.000028124802249,EXECUTE,SUCCESS,1537885,0,0.0
0,19,36,2.0000156249389653,EXECUTE,SUCCESS,1537886,0,0.0
0,20,40,2.00000562499209,EXECUTE,SUCCESS,1537887,0,0.0
0,21,41,2.0,EXECUTE,CRASH,1537910,22,0.001375
0,4,18,3.0033352293741706,EXECUTE,SUCCESS,1761911,0,0.0
0,5,19,3.0000141666332176,EXECUTE,SUCCESS,1761912,0,0.0
0,6,20,2.9966827493079737,EXECUTE,SUCCESS,1761913,0,0.0
0,7,21,2.9933543057914136,EXECUTE,SUCCESS,1761914,0,0.0
0,8,22,2.990022157108538,EXECUTE,SUCCESS,1761915,0,0.0
0,9,23,2.986686290858147,EXECUTE,SUCCESS,1761916,0,0.0
0,10,24,2.983346694569707,EXECUTE,SUCCESS,1761917,0,0.0
0,11,25,2.9800033557028076,EXECUTE,SUCCESS,1761918,0,0.0
0,12,26,2.976656261646614,EXECUTE,SUCCESS,1761919,0,0.0
0,13,27,2.973305399719308,EXECUTE,SUCCESS,1761920,0,0.0
0,14,28,2.969950757167531,EXECUTE,SUCCESS,1761921,0,0.0
0,15,29,2.966592321165817,EXECUTE,SUCCESS,1761922,0,0.0
0,16,30,2.963230078816019,EXECUTE,SUCCESS,1761923,0,0.0
0,17,31,2.9598640171467316,EXECUTE,SUCCESS,1761924,0,0.0
0,18,35,2.8761271703455655,EXECUTE,SUCCESS,1761929,0,0.0
0,19,36,2.872659046945876,EXECUTE,SUCCESS,1761930,0,0.0
0,20,40,2.869186731462417,EXECUTE,SUCCESS,1761931,0,0.0
0,21,41,2.8657102086568327,EXECUTE,SUCCESS,1761932,0,0.0
0,22,42,2.825948071002011,EXECUTE,SUCCESS,1761935,0,0.0
0,23,44,2.8224182893398324,EXECUTE,SUCCESS,1761936,0,0.0
0,24,46,2.809998220640004,EXECUTE,SUCCESS,1761938,0,0.0
0,25,49,2.0,EXECUTE,CRASH,1761968,29,0.0018125
0,4,18,3.0033352293741706,EXECUTE,SUCCESS,1985969,0,0.0
0,5,19,3.000007499990625,EXECUTE,SUCCESS,1985970,0,0.0
0,6,20,2.9966760752540473,EXECUTE,SUCCESS,1985971,0,0.0
0,7,21,2.993340942826259,EXECUTE,SUCCESS,1985972,0,0.0
0,8,22,2.990002090300272,EXECUTE,SUCCESS,1985973,0,0.0
0,9,23,2.9866595051997473,EXECUTE,SUCCESS,1985974,0,0.0
0,10,24,2.9833131749784503,EXECUTE,SUCCESS,1985975,0,0.0
0,11,25,2.9799697985046762,EXECUTE,SUCCESS,1985976,0,0.0
0,12,26,2.9766226667147455,EXECUTE,SUCCESS,1985977,0,0.0
0,13,27,2.9732717669261253,EXECUTE,SUCCESS,1985978,0,0.0
0,14,28,2.969917086384736,EXECUTE,SUCCESS,1985979,0,0.0
0,15,29,2.966558612264386,EXECUTE,SUCCESS,1985980,0,0.0
0,16,30,2.9631963316661953,EXECUTE,SUCCESS,1985981,0,0.0
0,17,31,2.9598302316180223,EXECUTE,SUCCESS,1985982,0,0.0
0,18,35,2.87609240115821,EXECUTE,SUCCESS,1985987,0,0.0
0,19,36,2.8726242357816307,EXECUTE,SUCCESS,1985988,0,0.0
0,20,40,2.869151878168877,EXECUTE,SUCCESS,1985989,0,0.0
0,21,41,2.86567531308067,EXECUTE,SUCCESS,1985990,0,0.0
0,22,42,2.825912684426041,EXECUTE,SUCCESS,1985993,0,0.0
0,23,44,2.822382858508036,EXECUTE,SUCCESS,1985994,0,0.0
0,24,46,2.8099768682321913,EXECUTE,SUCCESS,1985996,0,0.0
0,25,49,2.8064269988724084,EXECUTE,SUCCESS,1985997,0,0.0
0,26,51,2.8028726335672105,EXECUTE,SUCCESS,1985998,0,0.0
0,27,52,2.7622060929626504,EXECUTE,SUCCESS,1986001,0,0.0
0,28,54,2.729096920228373,EXECUTE,SUCCESS,1986004,0,0.0
0,29,55,2.6285632957948697,EXECUTE,SUCCESS,1986010,0,0.0
0,30,56,2.524028525987769,EXECUTE,SUCCESS,1986016,0,0.0
0,31,57,2.41497308473614,EXECUTE,SUCCESS,1986022,0,0.0
0,32,58,2.3007542241621524,EXECUTE,SUCCESS,1986028,0,0.0
0,33,61,2.260897498782284,EXECUTE,SUCCESS,1986031,0,0.0
0,34,62,2.2203254265985395,EXECUTE,SUCCESS,1986034,0,0.0
0,35,63,2.095523800866978,EXECUTE,SUCCESS,1986040,0,0.0
0,36,64,2.0000937478028376,EXECUTE,SUCCESS,1986046,0,0.0
0,37,65,2.0000937478028376,EXECUTE,SUCCESS,1986052,0,0.0
0,38,66,2.0000937478028376,EXECUTE,SUCCESS,1986058,0,0.0
0,39,68,2.000031249755863,EXECUTE,SUCCESS,1986060,0,0.0
0,40,69,2.0000781234741805,EXECUTE,SUCCESS,1986065,0,0.0
0,41,70,2.0000937478028376,EXECUTE,SUCCESS,1986071,0,0.0
0,42,71,2.0000781234741805,EXECUTE,SUCCESS,1986076,0,0.0
0,43,72,2.0,EXECUTE,CRASH,1986194,113,0.0070625
0,4,18,2.996675240996262,EXECUTE,SUCCESS,2066195,0,0.0
0,5,19,2.993346789130855,EXECUTE,SUCCESS,2066196,0,0.0
0,6,20,2.990014632071221,EXECUTE,SUCCESS,2066197,0,0.0
0,7,21,2.986672061007033,EXECUTE,SUCCESS,2066198,0,0.0
0,8,22,2.9833257448693056,EXECUTE,SUCCESS,2066199,0,0.0
0,9,23,2.9799756710416276,EXECUTE,SUCCESS,2066200,0,0.0
0,10,24,2.9766218268365896,EXECUTE,SUCCESS,2066201,0,0.0
0,11,25,2.97327092610142,EXECUTE,SUCCESS,2066202,0,0.0
0,12,26,2.9699162446102743,EXECUTE,SUCCESS,2066203,0,0.0
0,13,27,2.966557769536941,EXECUTE,SUCCESS,2066204,0,0.0
0,14,28,2.9631954879825244,EXECUTE,SUCCESS,2066205,0,0.0
0,15,29,2.959829386974862,EXECUTE,SUCCESS,2066206,0,0.0
0,16,30,2.956459453467946,EXECUTE,SUCCESS,2066207,0,0.0
0,17,31,2.9530856743413296,EXECUTE,SUCCESS,2066208,0,0.0
0,18,35,2.869151006831112,EXECUTE,SUCCESS,2066213,0,0.0
0,19,36,2.8656744406858192,EXECUTE,SUCCESS,2066214,0,0.0
0,20,40,2.862193651729383,EXECUTE,SUCCESS,2066215,0,0.0
0,21,41,2.858701628362075,EXECUTE,SUCCESS,2066216,0,0.0
0,22,42,2.81881934504501,EXECUTE,SUCCESS,2066219,0,0.0
0,23,44,2.8152735213474336,EXECUTE,SUCCESS,2066220,0,0.0
0,24,46,2.802821792408497,EXECUTE,SUCCESS,2066222,0,0.0
0,25,49,2.7992557046472153,EXECUTE,SUCCESS,2066223,0,0.0
0,26,51,2.7956850681004783,EXECUTE,SUCCESS,2066224,0,0.0
0,27,52,2.7548906511874436,EXECUTE,SUCCESS,2066227,0,0.0
0,28,54,2.7216704429449163,EXECUTE,SUCCESS,2066230,0,0.0
0,29,55,2.620806173680148,EXECUTE,SUCCESS,2066236,0,0.0
0,30,56,2.515901428911709,EXECUTE,SUCCESS,2066242,0,0.0
0,31,57,2.406427850570214,EXECUTE,SUCCESS,2066248,0,0.0
0,32,58,2.2917307869817485,EXECUTE,SUCCESS,2066254,0,0.0
0,33,61,2.251687700370543,EXECUTE,SUCCESS,2066257,0,0.0
0,34,62,2.2109466298398033,EXECUTE,SUCCESS,2066260,0,0.0
0,35,63,2.0855838511074025,EXECUTE,SUCCESS,2066266,0,0.0
0,36,64,2.0000337497152394,EXECUTE,SUCCESS,2066272,0,0.0
0,37,65,2.0000337497152394,EXECUTE,SUCCESS,2066278,0,0.0
0,38,66,2.0000337497152394,EXECUTE,SUCCESS,2066284,0,0.0
0,39,68,2.000031249755863,EXECUTE,SUCCESS,2066286,0,0.0
0,40,69,2.0000781234741805,EXECUTE,SUCCESS,2066291,0,0.0
0,41,70,2.0000337497152394,EXECUTE,SUCCESS,2066297,0,0.0
0,42,71,2.0000781234741805,EXECUTE,SUCCESS,2066302,0,0.0
0,43,72,2.0000781234741805,EXECUTE,SUCCESS,2066307,0,0.0
0,44,73,2.0000781234741805,EXECUTE,SUCCESS,2066312,0,0.0
0,45,76,2.0000468744506965,EXECUTE,SUCCESS,2066315,0,0.0
0,46,77,2.0000937478028376,EXECUTE,SUCCESS,2066321,0,0.0
0,47,78,2.0000337497152394,EXECUTE,SUCCESS,2066327,0,0.0
0,48,79,2.0000337497152394,EXECUTE,SUCCESS,2066333,0,0.0
0,49,80,2.0000937478028376,EXECUTE,SUCCESS,2066339,0,0.0
0,50,84,2.0000156249389653,EXECUTE,SUCCESS,2066340,0,0.0
0,51,86,2.0000156249389653,EXECUTE,SUCCESS,2066341,0,0.0
0,52,87,2.0000468744506965,EXECUTE,SUCCESS,2066344,0,0.0
0,53,88,2.0000937478028376,EXECUTE,SUCCESS,2066350,0,0.0
0,54,92,2.0000156249389653,EXECUTE,SUCCESS,2066351,0,0.0
0,55,94,2.0000156249389653,EXECUTE,SUCCESS,2066352,0,0.0
0,56,95,2.0000468744506965,EXECUTE,SUCCESS,2066355,0,0.0
0,57,96,2.0000781234741805,EXECUTE,SUCCESS,2066360,0,0.0
0,58,100,2.00000562499209,EXECUTE,SUCCESS,2066361,0,0.0
0,59,102,2.00000562499209,EXECUTE,SUCCESS,2066362,0,0.0
0,60,105,2.0000112499683596,EXECUTE,SUCCESS,2066364,0,0.0
0,61,106,2.0000112499683596,EXECUTE,SUCCESS,2066366,0,0.0
0,62,107,2.000031249755863,EXECUTE,SUCCESS,2066368,0,0.0
0,63,108,2.000031249755863,EXECUTE,SUCCESS,2066370,0,0.0
0,64,109,2.000031249755863,EXECUTE,SUCCESS,2066372,0,0.0
0,65,112,2.0000112499683596,EXECUTE,SUCCESS,2066374,0,0.0
0,66,113,2.0000112499683596,EXECUTE,SUCCESS,2066376,0,0.0
0,67,114,2.000031249755863,EXECUTE,SUCCESS,2066378,0,0.0
0,68,115,2.000031249755863,EXECUTE,SUCCESS,2066380,0,0.0
0,69,116,2.0000112499683596,EXECUTE,SUCCESS,2066382,0,0.0
0,70,117,2.000031249755863,EXECUTE,SUCCESS,2066384,0,0.0
0,71,120,2.000031249755863,EXECUTE,SUCCESS,2066386,0,0.0
0,72,121,2.000031249755863,EXECUTE,SUCCESS,2066388,0,0.0
0,73,122,2.000031249755863,EXECUTE,SUCCESS,2066390,0,0.0
0,74,123,2.0,EXECUTE,CRASH,2066590,198,0.012375
0,4,18,3.009987126218317,EXECUTE,SUCCESS,2290591,0,0.0
0,5,19,3.0066667590539526,EXECUTE,SUCCESS,2290592,0,0.0
0,6,20,3.003342721036012,EXECUTE,SUCCESS,2290593,0,0.0
0,7,21,3.0000149999625,EXECUTE,SUCCESS,2290594,0,0.0
0,8,22,2.996690257600875,EXECUTE,SUCCESS,2290595,0,0.0
0,9,23,2.993361822433098,EXECUTE,SUCCESS,2290596,0,0.0
0,10,24,2.9900229932226265,EXECUTE,SUCCESS,2290597,0,0.0
0,11,25,2.9866871279061007,EXECUTE,SUCCESS,2290598,0,0.0
0,12,26,2.9833475325546623,EXECUTE,SUCCESS,2290599,0,0.0
0,13,27,2.979997483220412,EXECUTE,SUCCESS,2290600,0,0.0
0,14,28,2.9766436635915947,EXECUTE,SUCCESS,2290601,0,0.0
0,15,29,2.973286060909712,EXECUTE,SUCCESS,2290602,0,0.0
0,16,30,2.969924662344146,EXECUTE,SUCCESS,2290603,0,0.0
0,17,31,2.966559454991588,EXECUTE,SUCCESS,2290604,0,0.0
0,18,35,2.882982396755136,EXECUTE,SUCCESS,2290609,0,0.0
0,19,36,2.8795155842606563,EXECUTE,SUCCESS,2290610,0,0.0
0,20,40,2.8760445928392677,EXECUTE,SUCCESS,2290611,0,0.0
0,21,41,2.8725694073424908,EXECUTE,SUCCESS,2290612,0,0.0
0,22,42,2.8328823660716993,EXECUTE,SUCCESS,2290615,0,0.0
0,23,44,2.8293541665899635,EXECUTE,SUCCESS,2290616,0,0.0
0,24,46,2.8169646785147995,EXECUTE,SUCCESS,2290618,0,0.0
0,25,49,2.8134236261181833,EXECUTE,SUCCESS,2290619,0,0.0
0,26,51,2.80987811123543,EXECUTE,SUCCESS,2290620,0,0.0
0,27,52,2.769314445851173,EXECUTE,SUCCESS,2290623,0,0.0
0,28,54,2.7362912856638615,EXECUTE,SUCCESS,2290626,0,0.0
0,29,55,2.6360320559507597,EXECUTE,SUCCESS,2290632,0,0.0
0,30,56,2.531805679747162,EXECUTE,SUCCESS,2290638,0,0.0
0,31,57,2.4231002868226463,EXECUTE,SUCCESS,2290644,0,0.0
0,32,58,2.309283438644982,EXECUTE,SUCCESS,2290650,0,0.0
0,33,61,2.2695500655416243,EXECUTE,SUCCESS,2290653,0,0.0
0,34,62,2.2291354826479233,EXECUTE,SUCCESS,2290656,0,0.0
0,35,63,2.1047992778409985,EXECUTE,SUCCESS,2290662,0,0.0
0,36,64,2.0000337497152394,EXECUTE,SUCCESS,2290668,0,0.0
0,37,65,2.0000337497152394,EXECUTE,SUCCESS,2290674,0,0.0
0,38,66,2.0000337497152394,EXECUTE,SUCCESS,2290680,0,0.0
0,39,68,2.0000112499683596,EXECUTE,SUCCESS,2290682,0,0.0
0,40,69,2.000028124802249,EXECUTE,SUCCESS,2290687,0,0.0
0,41,70,2.0000337497152394,EXECUTE,SUCCESS,2290693,0,0.0
0,42,71,2.0000781234741805,EXECUTE,SUCCESS,2290698,0,0.0
0,43,72,2.000028124802249,EXECUTE,SUCCESS,2290703,0,0.0
0,44,73,2.000028124802249,EXECUTE,SUCCESS,2290708,0,0.0
0,45,76,2.0000168749288094,EXECUTE,SUCCESS,2290711,0,0.0
0,46,77,2.0000337497152394,EXECUTE,SUCCESS,2290717,0,0.0
0,47,78,2.0000937478028376,EXECUTE,SUCCESS,2290723,0,0.0
0,48,79,2.0000937478028376,EXECUTE,SUCCESS,2290729,0,0.0
0,49,80,2.0000937478028376,EXECUTE,SUCCESS,2290735,0,0.0
0,50,84,2.0000156249389653,EXECUTE,SUCCESS,2290736,0,0.0
0,51,86,2.0000156249389653,EXECUTE,SUCCESS,2290737,0,0.0
0,52,87,2.0000468744506965,EXECUTE,SUCCESS,2290740,0,0.0
0,53,88,2.0000937478028376,EXECUTE,SUCCESS,2290746,0,0.0
0,54,92,2.0000156249389653,EXECUTE,SUCCESS,2290747,0,0.0
0,55,94,2.0000156249389653,EXECUTE,SUCCESS,2290748,0,0.0
0,56,95,2.0000168749288094,EXECUTE,SUCCESS,2290751,0,0.0
0,57,96,2.000028124802249,EXECUTE,SUCCESS,2290756,0,0.0
0,58,100,2.00000562499209,EXECUTE,SUCCESS,2290757,0,0.0
0,59,102,2.00000562499209,EXECUTE,SUCCESS,2290758,0,0.0
0,60,105,2.0000112499683596,EXECUTE,SUCCESS,2290760,0,0.0
0,61,106,2.0,EXECUTE,CRASH,2290934,172,0.01075
0,4,18,3.0561515832824795,EXECUTE,SUCCESS,2386935,0,0.0
0,5,19,3.0528879769817965,EXECUTE,SUCCESS,2386936,0,0.0
0,6,20,3.0496208780764875,EXECUTE,SUCCESS,2386937,0,0.0
0,7,21,3.046350275329481,EXECUTE,SUCCESS,2386938,0,0.0
0,8,22,3.043069585139322,EXECUTE,SUCCESS,2386939,0,0.0
0,9,23,3.039785354264344,EXECUTE,SUCCESS,2386940,0,0.0
0,10,24,3.036504157744561,EXECUTE,SUCCESS,2386941,0,0.0
0,11,25,3.033219411780164,EXECUTE,SUCCESS,2386942,0,0.0
0,12,26,3.029931104827303,EXECUTE,SUCCESS,2386943,0,0.0
0,13,27,3.026639225279419,EXECUTE,SUCCESS,2386944,0,0.0
0,14,28,3.0233371462673495,EXECUTE,SUCCESS,2386945,0,0.0
0,15,29,3.020031456789813,EXECUTE,SUCCESS,2386946,0,0.0
0,16,30,3.01672214497789,EXECUTE,SUCCESS,2386947,0,0.0
0,17,31,3.0134091988974876,EXECUTE,SUCCESS,2386948,0,0.0
0,18,35,2.931168282443026,EXECUTE,SUCCESS,2386953,0,0.0
0,19,36,2.927758528294299,EXECUTE,SUCCESS,2386954,0,0.0
0,20,40,2.924344798412116,EXECUTE,SUCCESS,2386955,0,0.0
0,21,41,2.92093392599011,EXECUTE,SUCCESS,2386956,0,0.0
0,22,42,2.8819129931349416,EXECUTE,SUCCESS,2386959,0,0.0
0,23,44,2.878444892646027,EXECUTE,SUCCESS,2386960,0,0.0
0,24,46,2.866267607883116,EXECUTE,SUCCESS,2386962,0,0.0
0,25,49,2.8627875401433474,EXECUTE,SUCCESS,2386963,0,0.0
0,26,51,2.859303236804379,EXECUTE,SUCCESS,2386964,0,0.0
0,27,52,2.8194507443826713,EXECUTE,SUCCESS,2386967,0,0.0
0,28,54,2.787021707845133,EXECUTE,SUCCESS,2386970,0,0.0
0,29,55,2.6886548681450364,EXECUTE,SUCCESS,2386976,0,0.0
0,30,56,2.5865498255398065,EXECUTE,SUCCESS,2386982,0,0.0
0,31,57,2.480244947580784,EXECUTE,SUCCESS,2386988,0,0.0
0,32,58,2.3691243107950264,EXECUTE,SUCCESS,2386994,0,0.0
0,33,61,2.3304371907434036,EXECUTE,SUCCESS,2386997,0,0.0
0,34,62,2.291096898867441,EXECUTE,SUCCESS,2387000,0,0.0
0,35,63,2.1703686322834663,EXECUTE,SUCCESS,2387006,0,0.0
0,36,64,2.042458077905151,EXECUTE,SUCCESS,2387012,0,0.0
0,37,65,2.0000337497152394,EXECUTE,SUCCESS,2387018,0,0.0
0,38,66,2.0000337497152394,EXECUTE,SUCCESS,2387024,0,0.0
0,39,68,2.0000112499683596,EXECUTE,SUCCESS,2387026,0,0.0
0,40,69,2.000028124802249,EXECUTE,SUCCESS,2387031,0,0.0
0,41,70,2.0000337497152394,EXECUTE,SUCCESS,2387037,0,0.0
0,42,71,2.000028124802249,EXECUTE,SUCCESS,2387042,0,0.0
0,43,72,2.000028124802249,EXECUTE,SUCCESS,2387047,0,0.0
0,44,73,2.000028124802249,EXECUTE,SUCCESS,2387052,0,0.0
0,45,76,2.0000168749288094,EXECUTE,SUCCESS,2387055,0,0.0
0,46,77,2.0000337497152394,EXECUTE,SUCCESS,2387061,0,0.0
0,47,78,2.0000337497152394,EXECUTE,SUCCESS,2387067,0,0.0
0,48,79,2.0000937478028376,EXECUTE,SUCCESS,2387073,0,0.0
0,49,80,2.0000937478028376,EXECUTE,SUCCESS,2387079,0,0.0
0,50,84,2.0,EXECUTE,CRASH,2387226,146,0.009125
0,4,18,3.009993770757674,EXECUTE,SUCCESS,2499227,0,0.0
0,5,19,3.006680062793512,EXECUTE,SUCCESS,2499228,0,0.0
0,6,20,3.003362698709564,EXECUTE,SUCCESS,2499229,0,0.0
0,7,21,3.000034999795835,EXECUTE,SUCCESS,2499230,0,0.0
0,8,22,2.996703605630693,EXECUTE,SUCCESS,2499231,0,0.0
0,9,23,2.993375185305042,EXECUTE,SUCCESS,2499232,0,0.0
0,10,24,2.9900430598906085,EXECUTE,SUCCESS,2499233,0,0.0
0,11,25,2.0,EXECUTE,CRASH,2499242,8,0.0005
0,4,18,2.996675240996262,EXECUTE,SUCCESS,2579243,0,0.0
0,5,19,2.993346789130855,EXECUTE,SUCCESS,2579244,0,0.0
0,6,20,2.990007943133262,EXECUTE,SUCCESS,2579245,0,0.0
0,7,21,2.9866653645830494,EXECUTE,SUCCESS,2579246,0,0.0
0,8,22,2.983325744869306,EXECUTE,SUCCESS,2579247,0,0.0
0,9,23,2.9799823824982585,EXECUTE,SUCCESS,2579248,0,0.0
0,10,24,2.976635264858628,EXECUTE,SUCCESS,2579249,0,0.0
0,11,25,2.162488728294322,CHECKPOINT,SUCCESS,2579505,0,0.0
0,11,25,2.157864685284968,EXECUTE,SUCCESS,2579506,0,0.0
0,12,26,2.153230712208981,EXECUTE,SUCCESS,2579507,0,0.0
0,13,27,2.1485867448162277,EXECUTE,SUCCESS,2579508,0,0.0
0,14,28,2.1439327181607153,EXECUTE,SUCCESS,2579509,0,0.0
0,15,29,2.139268566589991,EXECUTE,SUCCESS,2579510,0,0.0
0,16,30,2.1346035931760245,EXECUTE,SUCCESS,2579511,0,0.0
0,17,31,2.1299190125448417,EXECUTE,SUCCESS,2579512,0,0.0
0,18,35,2.011881582002279,EXECUTE,SUCCESS,2579517,0,0.0
0,19,36,2.006910561036538,EXECUTE,SUCCESS,2579518,0,0.0
0,20,40,2.0019271964784315,EXECUTE,SUCCESS,2579519,0,0.0
0,21,41,2.0,EXECUTE,CRASH,2579535,15,0.0009375
0,11,25,3.0561450390974576,EXECUTE,SUCCESS,2675536,0,0.0
0,12,26,3.0528748746059016,EXECUTE,SUCCESS,2675537,0,0.0
0,13,27,3.049601203436279,EXECUTE,SUCCESS,2675538,0,0.0
0,14,28,3.046324014283444,EXECUTE,SUCCESS,2675539,0,0.0
0,15,29,3.0430432957813784,EXECUTE,SUCCESS,2675540,0,0.0
0,16,30,3.039765615964493,EXECUTE,SUCCESS,2675541,0,0.0
0,17,31,3.0364843981156877,EXECUTE,SUCCESS,2675542,0,0.0
0,18,35,2.954885784594726,EXECUTE,SUCCESS,2675547,0,0.0
0,19,36,2.9515034304570937,EXECUTE,SUCCESS,2675548,0,0.0
0,20,40,2.948117195770886,EXECUTE,SUCCESS,2675549,0,0.0
0,21,41,2.120649664607521,CHECKPOINT,SUCCESS,2675805,0,0.0
0,21,41,2.115934190848097,EXECUTE,SUCCESS,2675806,0,0.0
0,22,42,2.061733493931743,EXECUTE,SUCCESS,2675809,0,0.0
0,23,44,2.0568829572924154,EXECUTE,SUCCESS,2675810,0,0.0
0,24,46,2.039826585766543,EXECUTE,SUCCESS,2675812,0,0.0
0,25,49,2.034933659852328,EXECUTE,SUCCESS,2675813,0,0.0
0,26,51,2.0300190885802007,EXECUTE,SUCCESS,2675814,0,0.0
0,27,52,2.0000168749288094,EXECUTE,SUCCESS,2675817,0,0.0
0,28,54,2.0000168749288094,EXECUTE,SUCCESS,2675820,0,0.0
0,29,55,2.0000937478028376,EXECUTE,SUCCESS,2675826,0,0.0
0,30,56,2.0000937478028376,EXECUTE,SUCCESS,2675832,0,0.0
0,31,57,2.0000937478028376,EXECUTE,SUCCESS,2675838,0,0.0
0,32,58,2.0000937478028376,EXECUTE,SUCCESS,2675844,0,0.0
0,33,61,2.0000468744506965,EXECUTE,SUCCESS,2675847,0,0.0
0,34,62,2.0000168749288094,EXECUTE,SUCCESS,2675850,0,0.0
0,35,63,2.0000337497152394,EXECUTE,SUCCESS,2675856,0,0.0
0,36,64,2.0000337497152394,EXECUTE,SUCCESS,2675862,0,0.0
0,37,65,2.0000337497152394,EXECUTE,SUCCESS,2675868,0,0.0
0,38,66,2.0000337497152394,EXECUTE,SUCCESS,2675874,0,0.0
0,39,68,2.000031249755863,EXECUTE,SUCCESS,2675876,0,0.0
0,40,69,2.0000781234741805,EXECUTE,SUCCESS,2675881,0,0.0
0,41,70,2.0000937478028376,EXECUTE,SUCCESS,2675887,0,0.0
0,42,71,2.000028124802249,EXECUTE,SUCCESS,2675892,0,0.0
0,43,72,2.0000781234741805,EXECUTE,SUCCESS,2675897,0,0.0
0,44,73,2.000028124802249,EXECUTE,SUCCESS,2675902,0,0.0
0,45,76,2.0000468744506965,EXECUTE,SUCCESS,2675905,0,0.0
0,46,77,2.0000337497152394,EXECUTE,SUCCESS,2675911,0,0.0
0,47,78,2.0000337497152394,EXECUTE,SUCCESS,2675917,0,0.0
0,48,79,2.0000337497152394,EXECUTE,SUCCESS,2675923,0,0.0
0,49,80,2.0000337497152394,EXECUTE,SUCCESS,2675929,0,0.0
0,50,84,2.00000562499209,EXECUTE,SUCCESS,2675930,0,0.0
0,51,86,2.0,EXECUTE,CRASH,2676057,126,0.007875
0,21,41,3.0033352293741706,EXECUTE,SUCCESS,2900058,0,0.0
0,22,42,2.965398792742723,EXECUTE,SUCCESS,2900061,0,0.0
0,23,44,2.962028443482607,EXECUTE,SUCCESS,2900062,0,0.0
0,24,46,2.950196179917532,EXECUTE,SUCCESS,2900064,0,0.0
0,25,49,2.946808443044779,EXECUTE,SUCCESS,2900065,0,0.0
0,26,51,2.943416807045851,EXECUTE,SUCCESS,2900066,0,0.0
0,27,52,2.904697918889328,EXECUTE,SUCCESS,2900069,0,0.0
0,28,54,2.873231195013724,EXECUTE,SUCCESS,2900072,0,0.0
0,29,55,2.7779187353124626,EXECUTE,SUCCESS,2900078,0,0.0
0,30,56,2.679217702987197,EXECUTE,SUCCESS,2900084,0,0.0
0,31,57,2.576738733360445,EXECUTE,SUCCESS,2900090,0,0.0
0,32,58,2.4700116396486864,EXECUTE,SUCCESS,2900096,0,0.0
0,33,61,2.4329293043571965,EXECUTE,SUCCESS,2900099,0,0.0
0,34,62,2.3952478994876483,EXECUTE,SUCCESS,2900102,0,0.0
0,35,63,2.2799884868130347,EXECUTE,SUCCESS,2900108,0,0.0
0,36,64,2.1585834475414636,EXECUTE,SUCCESS,2900114,0,0.0
0,37,65,2.0299304175266673,EXECUTE,SUCCESS,2900120,0,0.0
0,38,66,2.0000337497152394,EXECUTE,SUCCESS,2900126,0,0.0
0,39,68,2.0000112499683596,EXECUTE,SUCCESS,2900128,0,0.0
0,40,69,2.000028124802249,EXECUTE,SUCCESS,2900133,0,0.0
0,41,70,2.0000337497152394,EXECUTE,SUCCESS,2900139,0,0.0
0,42,71,2.0000781234741805,EXECUTE,SUCCESS,2900144,0,0.0
0,43,72,2.0000781234741805,EXECUTE,SUCCESS,2900149,0,0.0
0,44,73,2.0000781234741805,EXECUTE,SUCCESS,2900154,0,0.0
0,45,76,2.0000468744506965,EXECUTE,SUCCESS,2900157,0,0.0
0,46,77,2.0000937478028376,EXECUTE,SUCCESS,2900163,0,0.0
0,47,78,2.0000937478028376,EXECUTE,SUCCESS,2900169,0,0.0
0,48,79,2.0000937478028376,EXECUTE,SUCCESS,2900175,0,0.0
0,49,80,2.0000337497152394,EXECUTE,SUCCESS,2900181,0,0.0
0,50,84,2.0000156249389653,EXECUTE,SUCCESS,2900182,0,0.0
0,51,86,2.00000562499209,EXECUTE,SUCCESS,2900183,0,0.0
0,52,87,2.0000468744506965,EXECUTE,SUCCESS,2900186,0,0.0
0,53,88,2.0000337497152394,EXECUTE,SUCCESS,2900192,0,0.0
0,54,92,2.00000562499209,EXECUTE,SUCCESS,2900193,0,0.0
0,55,94,2.0000156249389653,EXECUTE,SUCCESS,2900194,0,0.0
0,56,95,2.0000468744506965,EXECUTE,SUCCESS,2900197,0,0.0
0,57,96,2.0000781234741805,EXECUTE,SUCCESS,2900202,0,0.0
0,58,100,2.0000156249389653,EXECUTE,SUCCESS,2900203,0,0.0
0,59,102,2.0000156249389653,EXECUTE,SUCCESS,2900204,0,0.0
0,60,105,2.000031249755863,EXECUTE,SUCCESS,2900206,0,0.0
0,61,106,2.000031249755863,EXECUTE,SUCCESS,2900208,0,0.0
0,62,107,2.000031249755863,EXECUTE,SUCCESS,2900210,0,0.0
0,63,108,2.000031249755863,EXECUTE,SUCCESS,2900212,0,0.0
0,64,109,2.000031249755863,EXECUTE,SUCCESS,2900214,0,0.0
0,65,112,2.000031249755863,EXECUTE,SUCCESS,2900216,0,0.0
0,66,113,2.0000112499683596,EXECUTE,SUCCESS,2900218,0,0.0
0,67,114,2.0000112499683596,EXECUTE,SUCCESS,2900220,0,0.0
0,68,115,2.0000112499683596,EXECUTE,SUCCESS,2900222,0,0.0
0,69,116,2.0000112499683596,EXECUTE,SUCCESS,2900224,0,0.0
0,70,117,2.0000112499683596,EXECUTE,SUCCESS,2900226,0,0.0
0,71,120,2.0000112499683596,EXECUTE,SUCCESS,2900228,0,0.0
0,72,121,2.0000112499683596,EXECUTE,SUCCESS,2900230,0,0.0
0,73,122,2.0000112499683596,EXECUTE,SUCCESS,2900232,0,0.0
0,74,123,2.0000112499683596,EXECUTE,SUCCESS,2900234,0,0.0
0,75,124,2.0000112499683596,EXECUTE,SUCCESS,2900236,0,0.0
0,76,127,2.00000562499209,EXECUTE,SUCCESS,2900237,0,0.0
0,77,129,2.00000562499209,EXECUTE,SUCCESS,2900238,0,0.0
0,78,130,2.00000562499209,EXECUTE,SUCCESS,2900239,0,0.0
0,79,131,2.0000168749288094,EXECUTE,SUCCESS,2900242,0,0.0
0,80,132,2.0000168749288094,EXECUTE,SUCCESS,2900245,0,0.0
0,81,133,2.0000168749288094,EXECUTE,SUCCESS,2900248,0,0.0
0,82,134,2.0000168749288094,EXECUTE,SUCCESS,2900251,0,0.0
0,83,135,2.0000468744506965,EXECUTE,SUCCESS,2900254,0,0.0
0,84,136,2.0000168749288094,EXECUTE,SUCCESS,2900257,0,0.0
0,85,138,2.0000168749288094,EXECUTE,SUCCESS,2900260,0,0.0
0,86,139,2.0000168749288094,EXECUTE,SUCCESS,2900263,0,0.0
0,87,140,2.0000168749288094,EXECUTE,SUCCESS,2900266,0,0.0
0,88,141,2.0000168749288094,EXECUTE,SUCCESS,2900269,0,0.0
0,89,145,2.00000562499209,EXECUTE,SUCCESS,2900270,0,0.0
0,90,147,2.0000112499683596,EXECUTE,SUCCESS,2900272,0,0.0
0,91,149,2.00000562499209,EXECUTE,SUCCESS,2900273,0,0.0
0,92,151,2.0,EXECUTE,CRASH,2900495,219,0.0136875
0,21,41,3.009993770757674,EXECUTE,SUCCESS,3012496,0,0.0
0,22,42,2.9721625123805056,EXECUTE,SUCCESS,3012499,0,0.0
0,23,44,2.9688065784082327,EXECUTE,SUCCESS,3012500,0,0.0
0,24,46,2.9570149644531725,EXECUTE,SUCCESS,3012502,0,0.0
0,25,49,2.9536350485461127,EXECUTE,SUCCESS,3012503,0,0.0
0,26,51,2.9502512604861297,EXECUTE,SUCCESS,3012504,0,0.0
0,27,52,2.911643865585212,EXECUTE,SUCCESS,3012507,0,0.0
0,28,54,2.880253027079391,EXECUTE,SUCCESS,3012510,0,0.0
0,29,55,2.785180873839255,EXECUTE,SUCCESS,3012516,0,0.0
0,30,56,2.6867466385947147,EXECUTE,SUCCESS,3012522,0,0.0
0,31,57,2.5845662111851575,EXECUTE,SUCCESS,3012528,0,0.0
0,32,58,2.4781762447412814,EXECUTE,SUCCESS,3012534,0,0.0
0,33,61,2.4412179337371747,EXECUTE,SUCCESS,3012537,0,0.0
0,34,62,2.4036914319437925,EXECUTE,SUCCESS,3012540,0,0.0
0,35,63,2.288909674932587,EXECUTE,SUCCESS,3012546,0,0.0
0,36,64,2.1680596163389976,EXECUTE,SUCCESS,3012552,0,0.0
0,37,65,2.0400631117688497,EXECUTE,SUCCESS,3012558,0,0.0
0,38,66,2.0000337497152394,EXECUTE,SUCCESS,3012564,0,0.0
0,39,68,2.0000112499683596,EXECUTE,SUCCESS,3012566,0,0.0
0,40,69,2.000028124802249,EXECUTE,SUCCESS,3012571,0,0.0
0,41,70,2.0000337497152394,EXECUTE,SUCCESS,3012577,0,0.0
0,42,71,2.000028124802249,EXECUTE,SUCCESS,3012582,0,0.0
0,43,72,2.000028124802249,EXECUTE,SUCCESS,3012587,0,0.0
0,44,73,2.000028124802249,EXECUTE,SUCCESS,3012592,0,0.0
0,45,76,2.0000168749288094,EXECUTE,SUCCESS,3012595,0,0.0
0,46,77,2.0000337497152394,EXECUTE,SUCCESS,3012601,0,0.0
0,47,78,2.0000337497152394,EXECUTE,SUCCESS,3012607,0,0.0
0,48,79,2.0000337497152394,EXECUTE,SUCCESS,3012613,0,0.0
0,49,80,2.0000937478028376,EXECUTE,SUCCESS,3012619,0,0.0
0,50,84,2.0000156249389653,EXECUTE,SUCCESS,3012620,0,0.0
0,51,86,2.0000156249389653,EXECUTE,SUCCESS,3012621,0,0.0
0,52,87,2.0000468744506965,EXECUTE,SUCCESS,3012624,0,0.0
0,53,88,2.0000937478028376,EXECUTE,SUCCESS,3012630,0,0.0
0,54,92,2.0000156249389653,EXECUTE,SUCCESS,3012631,0,0.0
0,55,94,2.0000156249389653,EXECUTE,SUCCESS,3012632,0,0.0
0,56,95,2.0000168749288094,EXECUTE,SUCCESS,3012635,0,0.0
0,57,96,2.0000781234741805,EXECUTE,SUCCESS,3012640,0,0.0
0,58,100,2.0000156249389653,EXECUTE,SUCCESS,3012641,0,0.0
0,59,102,2.0,EXECUTE,CRASH,3012789,147,0.0091875
0,21,41,3.0364489951257214,EXECUTE,SUCCESS,3188790,0,0.0
0,22,42,2.998931476376211,EXECUTE,SUCCESS,3188793,0,0.0
0,23,44,2.995598854987096,EXECUTE,SUCCESS,3188794,0,0.0
0,24,46,2.983899713462234,EXECUTE,SUCCESS,3188796,0,0.0
0,25,49,2.980550284762866,EXECUTE,SUCCESS,3188797,0,0.0
0,26,51,2.9771970878663714,EXECUTE,SUCCESS,3188798,0,0.0
0,27,52,2.9389232722206273,EXECUTE,SUCCESS,3188801,0,0.0
0,28,54,2.9078063037279493,EXECUTE,SUCCESS,3188804,0,0.0
0,29,55,2.813622664821991,EXECUTE,SUCCESS,3188810,0,0.0
0,30,56,2.716175160036628,EXECUTE,SUCCESS,3188816,0,0.0
0,31,57,2.6151448334652527,EXECUTE,SUCCESS,3188822,0,0.0
0,32,58,2.510051294296593,EXECUTE,SUCCESS,3188828,0,0.0
0,33,61,2.4735692834444727,EXECUTE,SUCCESS,3188831,0,0.0
0,34,62,2.4365410934355287,EXECUTE,SUCCESS,3188834,0,0.0
0,35,63,2.323331121471927,EXECUTE,SUCCESS,3188840,0,0.0
0,36,64,2.204314519300729,EXECUTE,SUCCESS,3188846,0,0.0
0,37,65,2.078494046178628,EXECUTE,SUCCESS,3188852,0,0.0
0,38,66,2.0000337497152394,EXECUTE,SUCCESS,3188858,0,0.0
0,39,68,2.0000112499683596,EXECUTE,SUCCESS,3188860,0,0.0
0,40,69,2.000028124802249,EXECUTE,SUCCESS,3188865,0,0.0
0,41,70,2.0000337497152394,EXECUTE,SUCCESS,3188871,0,0.0
0,42,71,2.0000781234741805,EXECUTE,SUCCESS,3188876,0,0.0
0,43,72,2.0000781234741805,EXECUTE,SUCCESS,3188881,0,0.0
0,44,73,2.000028124802249,EXECUTE,SUCCESS,3188886,0,0.0
0,45,76,2.0000168749288094,EXECUTE,SUCCESS,3188889,0,0.0
0,46,77,2.0000337497152394,EXECUTE,SUCCESS,3188895,0,0.0
0,47,78,2.0000337497152394,EXECUTE,SUCCESS,3188901,0,0.0
0,48,79,2.0000337497152394,EXECUTE,SUCCESS,3188907,0,0.0
0,49,80,2.0000337497152394,EXECUTE,SUCCESS,3188913,0,0.0
0,50,84,2.0000156249389653,EXECUTE,SUCCESS,3188914,0,0.0
0,51,86,2.0000156249389653,EXECUTE,SUCCESS,3188915,0,0.0
0,52,87,2.0000468744506965,EXECUTE,SUCCESS,3188918,0,0.0
0,53,88,2.0000937478028376,EXECUTE,SUCCESS,3188924,0,0.0
0,54,92,2.0000156249389653,EXECUTE,SUCCESS,3188925,0,0.0
0,55,94,2.0000156249389653,EXECUTE,SUCCESS,3188926,0,0.0
0,56,95,2.0000468744506965,EXECUTE,SUCCESS,3188929,0,0.0
0,57,96,2.0000781234741805,EXECUTE,SUCCESS,3188934,0,0.0
0,58,100,2.00000562499209,EXECUTE,SUCCESS,3188935,0,0.0
0,59,102,2.0014394819729127,CHECKPOINT,SUCCESS,3189191,0,0.0
0,59,102,2.00000562499209,EXECUTE,SUCCESS,3189192,0,0.0
0,60,105,2.000031249755863,EXECUTE,SUCCESS,3189194,0,0.0
0,61,106,2.000031249755863,EXECUTE,SUCCESS,3189196,0,0.0
0,62,107,2.000031249755863,EXECUTE,SUCCESS,3189198,0,0.0
0,63,108,2.000031249755863,EXECUTE,SUCCESS,3189200,0,0.0
0,64,109,2.000031249755863,EXECUTE,SUCCESS,3189202,0,0.0
0,65,112,2.000031249755863,EXECUTE,SUCCESS,3189204,0,0.0
0,66,113,2.000031249755863,EXECUTE,SUCCESS,3189206,0,0.0
0,67,114,2.000031249755863,EXECUTE,SUCCESS,3189208,0,0.0
0,68,115,2.000031249755863,EXECUTE,SUCCESS,3189210,0,0.0
0,69,116,2.000031249755863,EXECUTE,SUCCESS,3189212,0,0.0
0,70,117,2.0000112499683596,EXECUTE,SUCCESS,3189214,0,0.0
0,71,120,2.0000112499683596,EXECUTE,SUCCESS,3189216,0,0.0
0,72,121,2.0,EXECUTE,CRASH,3189245,27,0.0016875
0,59,102,3.0561515832824795,EXECUTE,SUCCESS,3429246,0,0.0
0,60,105,3.0344995468775418,EXECUTE,SUCCESS,3429248,0,0.0
0,61,106,3.012678625409621,EXECUTE,SUCCESS,3429250,0,0.0
0,62,107,2.990698497007013,EXECUTE,SUCCESS,3429252,0,0.0
0,63,108,2.968555625215739,EXECUTE,SUCCESS,3429254,0,0.0
0,64,109,2.946246340685043,EXECUTE,SUCCESS,3429256,0,0.0
0,65,112,2.9237668340686827,EXECUTE,SUCCESS,3429258,0,0.0
0,66,113,2.9011269362094465,EXECUTE,SUCCESS,3429260,0,0.0
0,67,114,2.878295068265241,EXECUTE,SUCCESS,3429262,0,0.0
0,68,115,2.8552806341934254,EXECUTE,SUCCESS,3429264,0,0.0
0,69,116,2.8320791832150474,EXECUTE,SUCCESS,3429266,0,0.0
0,70,117,2.8087003222131073,EXECUTE,SUCCESS,3429268,0,0.0
0,71,120,2.785125221601358,EXECUTE,SUCCESS,3429270,0,0.0
0,72,121,2.761348855179297,EXECUTE,SUCCESS,3429272,0,0.0
0,73,122,2.737365978454473,EXECUTE,SUCCESS,3429274,0,0.0
0,74,123,2.7131563721982586,EXECUTE,SUCCESS,3429276,0,0.0
0,75,124,2.6887287888517157,EXECUTE,SUCCESS,3429278,0,0.0
0,76,127,2.685018621909355,EXECUTE,SUCCESS,3429279,0,0.0
0,77,129,2.681295862078635,EXECUTE,SUCCESS,3429280,0,0.0
0,78,130,2.6775679263092482,EXECUTE,SUCCESS,3429281,0,0.0
0,79,131,2.6433988537487125,EXECUTE,SUCCESS,3429284,0,0.0
0,80,132,2.6087822829818528,EXECUTE,SUCCESS,3429287,0,0.0
0,81,133,2.5737001573609946,EXECUTE,SUCCESS,3429290,0,0.0
0,82,134,2.5381331722350597,EXECUTE,SUCCESS,3429293,0,0.0
0,83,135,2.5020366703947423,EXECUTE,SUCCESS,3429296,0,0.0
0,84,136,2.465436066905814,EXECUTE,SUCCESS,3429299,0,0.0
0,85,138,2.0,EXECUTE,CRASH,3429359,57,0.0035625
0,59,102,3.0232470127331643,EXECUTE,SUCCESS,3573360,0,0.0
0,60,105,3.0013576094827488,EXECUTE,SUCCESS,3573362,0,0.0
0,61,106,2.9793073859539905,EXECUTE,SUCCESS,3573364,0,0.0
0,62,107,2.9570927445719386,EXECUTE,SUCCESS,3573366,0,0.0
0,63,108,2.93470995159658,EXECUTE,SUCCESS,3573368,0,0.0
0,64,109,2.9121551297964885,EXECUTE,SUCCESS,3573370,0,0.0
0,65,112,2.8894242506077235,EXECUTE,SUCCESS,3573372,0,0.0
0,66,113,2.8665131257330754,EXECUTE,SUCCESS,3573374,0,0.0
0,67,114,2.8434173981320447,EXECUTE,SUCCESS,3573376,0,0.0
0,68,115,2.8201325323466637,EXECUTE,SUCCESS,3573378,0,0.0
0,69,116,2.7966538041023252,EXECUTE,SUCCESS,3573380,0,0.0
0,70,117,2.772976289116084,EXECUTE,SUCCESS,3573382,0,0.0
0,71,120,2.7490948510373387,EXECUTE,SUCCESS,3573384,0,0.0
0,72,121,2.7250041284372415,EXECUTE,SUCCESS,3573386,0,0.0
0,73,122,2.700698520753475,EXECUTE,SUCCESS,3573388,0,0.0
0,74,123,2.6761721730860306,EXECUTE,SUCCESS,3573390,0,0.0
0,75,124,2.651418959727038,EXECUTE,SUCCESS,3573392,0,0.0
0,76,127,2.6476565109545476,EXECUTE,SUCCESS,3573393,0,0.0
0,77,129,2.643888707945175,EXECUTE,SUCCESS,3573394,0,0.0
0,78,130,2.640107952338314,EXECUTE,SUCCESS,3573395,0,0.0
0,79,131,2.605424629499,EXECUTE,SUCCESS,3573398,0,0.0
0,80,132,2.570296675483202,EXECUTE,SUCCESS,3573401,0,0.0
0,81,133,2.534681932708718,EXECUTE,SUCCESS,3573404,0,0.0
0,82,134,2.4985355710895942,EXECUTE,SUCCESS,3573407,0,0.0
0,83,135,2.461858545895764,EXECUTE,SUCCESS,3573410,0,0.0
0,84,136,2.4246267754027637,EXECUTE,SUCCESS,3573413,0,0.0
0,85,138,2.386814299437642,EXECUTE,SUCCESS,3573416,0,0.0
0,86,139,2.348393067610276,EXECUTE,SUCCESS,3573419,0,0.0
0,87,140,2.0,EXECUTE,CRASH,3573485,63,0.0039375
0,59,102,3.0364555817597596,EXECUTE,SUCCESS,3749486,0,0.0
0,60,105,3.014662087199824,EXECUTE,SUCCESS,3749488,0,0.0
0,61,106,2.992709892388502,EXECUTE,SUCCESS,3749490,0,0.0
0,62,107,2.9705954790243654,EXECUTE,SUCCESS,3749492,0,0.0
0,63,108,2.948315196853959,EXECUTE,SUCCESS,3749494,0,0.0
0,64,109,2.925851585436281,EXECUTE,SUCCESS,3749496,0,0.0
0,65,112,2.903214167091364,EXECUTE,SUCCESS,3749498,0,0.0
0,66,113,2.8803988439103367,EXECUTE,SUCCESS,3749500,0,0.0
0,67,114,2.8574013543777856,EXECUTE,SUCCESS,3749502,0,0.0
0,68,115,2.834231377287325,EXECUTE,SUCCESS,3749504,0,0.0
0,69,116,2.810856186289154,EXECUTE,SUCCESS,3749506,0,0.0
0,70,117,2.7872849692846273,EXECUTE,SUCCESS,3749508,0,0.0
0,71,120,2.7635127103018733,EXECUTE,SUCCESS,3749510,0,0.0
0,72,121,2.739548776714882,EXECUTE,SUCCESS,3749512,0,0.0
0,73,122,2.715373362909787,EXECUTE,SUCCESS,3749514,0,0.0
0,74,123,2.6909807691620555,EXECUTE,SUCCESS,3749516,0,0.0
0,75,124,2.6663650350242762,EXECUTE,SUCCESS,3749518,0,0.0
0,76,127,2.6626237060463516,EXECUTE,SUCCESS,3749519,0,0.0
0,77,129,2.6588771126172808,EXECUTE,SUCCESS,3749520,0,0.0
0,78,130,2.6551252324513825,EXECUTE,SUCCESS,3749521,0,0.0
0,79,131,2.6206635610089304,EXECUTE,SUCCESS,3749524,0,0.0
0,80,132,2.5857426399392507,EXECUTE,SUCCESS,3749527,0,0.0
0,81,133,2.550343604301194,EXECUTE,SUCCESS,3749530,0,0.0
0,82,134,2.5144462611080005,EXECUTE,SUCCESS,3749533,0,0.0
0,83,135,2.4780289546330976,EXECUTE,SUCCESS,3749536,0,0.0
0,84,136,2.441068413625477,EXECUTE,SUCCESS,3749539,0,0.0
0,85,138,2.403539577373338,EXECUTE,SUCCESS,3749542,0,0.0
0,86,139,2.3653900312633436,EXECUTE,SUCCESS,3749545,0,0.0
0,87,140,2.3266150304680835,EXECUTE,SUCCESS,3749548,0,0.0
0,88,141,2.2871827648878438,EXECUTE,SUCCESS,3749551,0,0.0
0,89,145,2.282811315023649,EXECUTE,SUCCESS,3749552,0,0.0
0,90,147,2.2537241401733272,EXECUTE,SUCCESS,3749554,0,0.0
0,91,149,2.2492876650175275,EXECUTE,SUCCESS,3749555,0,0.0
0,92,151,2.2084751526788797,EXECUTE,SUCCESS,3749558,0,0.0
0,93,152,2.2039475946582763,EXECUTE,SUCCESS,3749559,0,0.0
0,94,153,2.1994107165329537,EXECUTE,SUCCESS,3749560,0,0.0
0,95,154,2.194873572668823,EXECUTE,SUCCESS,3749561,0,0.0
0,96,155,2.1903270303769715,EXECUTE,SUCCESS,3749562,0,0.0
0,97,158,2.1857710310094247,EXECUTE,SUCCESS,3749563,0,0.0
0,98,159,2.1812055153057,EXECUTE,SUCCESS,3749564,0,0.0
0,99,160,2.176630423383815,EXECUTE,SUCCESS,3749565,0,0.0
0,100,163,2.0,EXECUTE,CRASH,3749647,81,0.0050625
0,59,102,2.996675240996262,EXECUTE,SUCCESS,3829648,0,0.0
0,60,105,2.974590307924775,EXECUTE,SUCCESS,3829650,0,0.0
0,61,106,2.9523401734894996,EXECUTE,SUCCESS,3829652,0,0.0
0,62,107,2.9299210740223036,EXECUTE,SUCCESS,3829654,0,0.0
0,63,108,2.907315342373443,EXECUTE,SUCCESS,3829656,0,0.0
0,64,109,2.884532457782372,EXECUTE,SUCCESS,3829658,0,0.0
0,65,112,2.8615681889481537,EXECUTE,SUCCESS,3829660,0,0.0
0,66,113,2.838418133397547,EXECUTE,SUCCESS,3829662,0,0.0
0,67,114,2.815077707630824,EXECUTE,SUCCESS,3829664,0,0.0
0,68,115,2.7915421365259774,EXECUTE,SUCCESS,3829666,0,0.0
0,69,116,2.7678064419319535,EXECUTE,SUCCESS,3829668,0,0.0
0,70,117,2.743880008309405,EXECUTE,SUCCESS,3829670,0,0.0
0,71,120,2.7197430944852163,EXECUTE,SUCCESS,3829672,0,0.0
0,72,121,2.6953900459859272,EXECUTE,SUCCESS,3829674,0,0.0
0,73,122,2.670814950534765,EXECUTE,SUCCESS,3829676,0,0.0
0,74,123,2.6460116212896763,EXECUTE,SUCCESS,3829678,0,0.0
0,75,124,2.6209735786535546,EXECUTE,SUCCESS,3829680,0,0.0
0,76,127,2.6171673618628253,EXECUTE,SUCCESS,3829681,0,0.0
0,77,129,2.613355601520776,EXECUTE,SUCCESS,3829682,0,0.0
0,78,130,2.609538273334963,EXECUTE,SUCCESS,3829683,0,0.0
0,79,131,2.574466449577469,EXECUTE,SUCCESS,3829686,0,0.0
0,80,132,2.538910199278427,EXECUTE,SUCCESS,3829689,0,0.0
0,81,133,2.5028488767802224,EXECUTE,SUCCESS,3829692,0,0.0
0,82,134,2.4662603268917134,EXECUTE,SUCCESS,3829695,0,0.0
0,83,135,2.4291207256947973,EXECUTE,SUCCESS,3829698,0,0.0
0,84,136,2.3913793091017617,EXECUTE,SUCCESS,3829701,0,0.0
0,85,138,2.3530326177084797,EXECUTE,SUCCESS,3829704,0,0.0
0,86,139,2.3140505612453715,EXECUTE,SUCCESS,3829707,0,0.0
0,87,140,2.2744004704537018,EXECUTE,SUCCESS,3829710,0,0.0
0,88,141,2.2340467765917573,EXECUTE,SUCCESS,3829713,0,0.0
0,89,145,2.2295801174212198,EXECUTE,SUCCESS,3829714,0,0.0
0,90,147,2.1998073779310814,EXECUTE,SUCCESS,3829716,0,0.0
0,91,149,2.195271053879229,EXECUTE,SUCCESS,3829717,0,0.0
0,92,151,2.153462908898136,EXECUTE,SUCCESS,3829720,0,0.0
0,93,152,2.1488287507384163,EXECUTE,SUCCESS,3829721,0,0.0
0,94,153,2.1441845769429517,EXECUTE,SUCCESS,3829722,0,0.0
0,95,154,2.1395303222903914,EXECUTE,SUCCESS,3829723,0,0.0
0,96,155,2.134865920848433,EXECUTE,SUCCESS,3829724,0,0.0
0,97,158,2.1301819171141294,EXECUTE,SUCCESS,3829725,0,0.0
0,98,159,2.1254970007036067,EXECUTE,SUCCESS,3829726,0,0.0
0,99,160,2.120801735193563,EXECUTE,SUCCESS,3829727,0,0.0
0,100,163,2.116096051695203,EXECUTE,SUCCESS,3829728,0,0.0
0,101,165,2.111379880552059,EXECUTE,SUCCESS,3829729,0,0.0
0,102,167,2.0678763260891664,EXECUTE,SUCCESS,3829732,0,0.0
0,103,168,2.023437668918919,EXECUTE,SUCCESS,3829735,0,0.0
0,104,169,2.0000468744506965,EXECUTE,SUCCESS,3829738,0,0.0
0,105,171,2.0000156249389653,EXECUTE,SUCCESS,3829739,0,0.0
0,106,174,2.00000562499209,EXECUTE,SUCCESS,3829740,0,0.0
0,107,176,2.00000562499209,EXECUTE,SUCCESS,3829741,0,0.0
0,108,182,2.0000168749288094,EXECUTE,SUCCESS,3829744,0,0.0
0,109,183,2.00000562499209,EXECUTE,SUCCESS,3829745,0,0.0
0,110,186,2.00000562499209,EXECUTE,SUCCESS,3829746,0,0.0
0,111,189,2.00000562499209,EXECUTE,SUCCESS,3829747,0,0.0
0,112,191,2.00000562499209,EXECUTE,SUCCESS,3829748,0,0.0
0,113,192,2.00000562499209,EXECUTE,SUCCESS,3829749,0,0.0
0,114,193,2.00000562499209,EXECUTE,SUCCESS,3829750,0,0.0
0,115,7,2.00000562499209,EXECUTE,SUCCESS,3829751,0,0.0
0,116,15,2.000028124802249,EXECUTE,SUCCESS,3829756,0,0.0
0,117,16,2.00000562499209,EXECUTE,SUCCESS,3829757,0,0.0
0,118,17,2.00000562499209,EXECUTE,SUCCESS,3829758,0,0.0
0,119,18,2.00000562499209,EXECUTE,SUCCESS,3829759,0,0.0
0,120,19,2.00000562499209,EXECUTE,SUCCESS,3829760,0,0.0
0,121,20,2.0000156249389653,EXECUTE,SUCCESS,3829761,0,0.0
0,122,21,2.0000156249389653,EXECUTE,SUCCESS,3829762,0,0.0
0,123,22,2.0000156249389653,EXECUTE,SUCCESS,3829763,0,0.0
0,124,23,2.0000156249389653,EXECUTE,SUCCESS,3829764,0,0.0
0,125,24,2.0000156249389653,EXECUTE,SUCCESS,3829765,0,0.0
0,126,25,2.0000156249389653,EXECUTE,SUCCESS,3829766,0,0.0
0,127,26,2.0000156249389653,EXECUTE,SUCCESS,3829767,0,0.0
0,128,27,2.00000562499209,EXECUTE,SUCCESS,3829768,0,0.0
0,129,28,2.00000562499209,EXECUTE,SUCCESS,3829769,0,0.0
0,130,29,2.00000562499209,EXECUTE,SUCCESS,3829770,0,0.0
0,131,30,2.00000562499209,EXECUTE,SUCCESS,3829771,0,0.0
0,132,31,2.00000562499209,EXECUTE,SUCCESS,3829772,0,0.0
0,133,35,2.000028124802249,EXECUTE,SUCCESS,3829777,0,0.0
0,134,36,2.00000562499209,EXECUTE,SUCCESS,3829778,0,0.0
0,135,40,2.00000562499209,EXECUTE,SUCCESS,3829779,0,0.0
0,136,41,2.00000562499209,EXECUTE,SUCCESS,3829780,0,0.0
0,137,42,2.0000168749288094,EXECUTE,SUCCESS,3829783,0,0.0
0,138,44,2.00000562499209,EXECUTE,SUCCESS,3829784,0,0.0
0,139,46,2.000031249755863,EXECUTE,SUCCESS,3829786,0,0.0
0,140,49,2.0000156249389653,EXECUTE,SUCCESS,3829787,0,0.0
0,141,51,2.0000156249389653,EXECUTE,SUCCESS,3829788,0,0.0
0,142,52,2.0000168749288094,EXECUTE,SUCCESS,3829791,0,0.0
0,143,54,2.0000168749288094,EXECUTE,SUCCESS,3829794,0,0.0
0,144,55,2.0000937478028376,EXECUTE,SUCCESS,3829800,0,0.0
0,145,56,2.0000337497152394,EXECUTE,SUCCESS,3829806,0,0.0
0,146,57,2.0000337497152394,EXECUTE,SUCCESS,3829812,0,0.0
0,147,58,2.0000337497152394,EXECUTE,SUCCESS,3829818,0,0.0
0,148,61,2.0000168749288094,EXECUTE,SUCCESS,3829821,0,0.0
0,149,62,2.0000168749288094,EXECUTE,SUCCESS,3829824,0,0.0
0,150,63,2.0000337497152394,EXECUTE,SUCCESS,3829830,0,0.0
0,151,64,2.0000337497152394,EXECUTE,SUCCESS,3829836,0,0.0
0,152,65,2.0000337497152394,EXECUTE,SUCCESS,3829842,0,0.0
0,153,66,2.0000337497152394,EXECUTE,SUCCESS,3829848,0,0.0
0,154,68,2.0000112499683596,EXECUTE,SUCCESS,3829850,0,0.0
0,155,69,2.0000781234741805,EXECUTE,SUCCESS,3829855,0,0.0
0,156,70,2.0000937478028376,EXECUTE,SUCCESS,3829861,0,0.0
0,157,71,2.000028124802249,EXECUTE,SUCCESS,3829866,0,0.0
0,158,72,2.0000781234741805,EXECUTE,SUCCESS,3829871,0,0.0
0,159,73,2.000028124802249,EXECUTE,SUCCESS,3829876,0,0.0
0,160,76,2.0000168749288094,EXECUTE,SUCCESS,3829879,0,0.0
0,161,77,2.0000337497152394,EXECUTE,SUCCESS,3829885,0,0.0
0,162,78,2.0000337497152394,EXECUTE,SUCCESS,3829891,0,0.0
0,163,79,2.0000337497152394,EXECUTE,SUCCESS,3829897,0,0.0
0,164,80,2.0000337497152394,EXECUTE,SUCCESS,3829903,0,0.0
0,165,84,2.00000562499209,EXECUTE,SUCCESS,3829904,0,0.0
0,166,86,2.0000156249389653,EXECUTE,SUCCESS,3829905,0,0.0
0,167,87,2.0000468744506965,EXECUTE,SUCCESS,3829908,0,0.0
0,168,88,2.0000937478028376,EXECUTE,SUCCESS,3829914,0,0.0
0,169,92,2.0000156249389653,EXECUTE,SUCCESS,3829915,0,0.0
0,170,94,2.0000156249389653,EXECUTE,SUCCESS,3829916,0,0.0
0,171,95,2.0000468744506965,EXECUTE,SUCCESS,3829919,0,0.0
0,172,96,2.0000781234741805,EXECUTE,SUCCESS,3829924,0,0.0
0,173,100,2.0000156249389653,EXECUTE,SUCCESS,3829925,0,0.0
0,174,102,2.0000156249389653,EXECUTE,SUCCESS,3829926,0,0.0
0,175,105,2.0000112499683596,EXECUTE,SUCCESS,3829928,0,0.0
0,176,106,2.0000112499683596,EXECUTE,SUCCESS,3829930,0,0.0
0,177,107,2.0000112499683596,EXECUTE,SUCCESS,3829932,0,0.0
0,178,108,2.000031249755863,EXECUTE,SUCCESS,3829934,0,0.0
0,179,109,2.0000112499683596,EXECUTE,SUCCESS,3829936,0,0.0
0,180,112,2.0000112499683596,EXECUTE,SUCCESS,3829938,0,0.0
0,181,113,2.000031249755863,EXECUTE,SUCCESS,3829940,0,0.0
0,182,114,2.000031249755863,EXECUTE,SUCCESS,3829942,0,0.0
0,183,115,2.000031249755863,EXECUTE,SUCCESS,3829944,0,0.0
0,184,116,2.0000112499683596,EXECUTE,SUCCESS,3829946,0,0.0
0,185,117,2.0000112499683596,EXECUTE,SUCCESS,3829948,0,0.0
0,186,120,2.0000112499683596,EXECUTE,SUCCESS,3829950,0,0.0
0,187,121,2.0000112499683596,EXECUTE,SUCCESS,3829952,0,0.0
0,188,122,2.0000112499683596,EXECUTE,SUCCESS,3829954,0,0.0
0,189,123,2.0000112499683596,EXECUTE,SUCCESS,3829956,0,0.0
0,190,124,2.0000112499683596,EXECUTE,SUCCESS,3829958,0,0.0
0,191,127,2.0000156249389653,EXECUTE,SUCCESS,3829959,0,0.0
0,192,129,2.0000156249389653,EXECUTE,SUCCESS,3829960,0,0.0
0,193,130,2.0000156249389653,EXECUTE,SUCCESS,3829961,0,0.0
0,194,131,2.0000168749288094,EXECUTE,SUCCESS,3829964,0,0.0
0,195,132,2.0000168749288094,EXECUTE,SUCCESS,3829967,0,0.0
0,196,133,2.0000468744506965,EXECUTE,SUCCESS,3829970,0,0.0
0,197,134,2.0000168749288094,EXECUTE,SUCCESS,3829973,0,0.0
0,198,135,2.0000168749288094,EXECUTE,SUCCESS,3829976,0,0.0
0,199,136,2.0000168749288094,EXECUTE,SUCCESS,3829979,0,0.0
0,200,138,2.0000168749288094,EXECUTE,SUCCESS,3829982,0,0.0
0,201,139,2.0000168749288094,EXECUTE,SUCCESS,3829985,0,0.0
0,202,140,2.0000468744506965,EXECUTE,SUCCESS,3829988,0,0.0
0,203,141,2.0000468744506965,EXECUTE,SUCCESS,3829991,0,0.0
0,204,145,2.0000156249389653,EXECUTE,SUCCESS,3829992,0,0.0
0,205,147,2.0000112499683596,EXECUTE,SUCCESS,3829994,0,0.0
0,206,149,2.00000562499209,EXECUTE,SUCCESS,3829995,0,0.0
0,207,151,2.0000468744506965,EXECUTE,SUCCESS,3829998,0,0.0
0,208,152,2.00000562499209,EXECUTE,SUCCESS,3829999,0,0.0
0,209,153,2.00000562499209,EXECUTE,SUCCESS,3830000,0,0.0
0,210,154,2.00000562499209,EXECUTE,SUCCESS,3830001,0,0.0
0,211,155,2.00000562499209,EXECUTE,SUCCESS,3830002,0,0.0
0,212,158,2.00000562499209,EXECUTE,SUCCESS,3830003,0,0.0
0,213,159,2.00000562499209,EXECUTE,SUCCESS,3830004,0,0.0
0,214,160,2.00000562499209,EXECUTE,SUCCESS,3830005,0,0.0
0,215,163,2.00000562499209,EXECUTE,SUCCESS,3830006,0,0.0
0,216,165,2.00000562499209,EXECUTE,SUCCESS,3830007,0,0.0
0,217,167,2.0000468744506965,EXECUTE,SUCCESS,3830010,0,0.0
0,218,168,2.0,EXECUTE,CRASH,3830379,366,0.022875
0,59,102,3.0232536281298006,EXECUTE,SUCCESS,3974380,0,0.0
0,60,105,3.001364273126473,EXECUTE,SUCCESS,3974382,0,0.0
0,61,106,2.9793140989160585,EXECUTE,SUCCESS,3974384,0,0.0
0,62,107,2.957099507963844,EXECUTE,SUCCESS,3974386,0,0.0
0,63,108,2.934703136605133,EXECUTE,SUCCESS,3974388,0,0.0
0,64,109,2.9121345264255916,EXECUTE,SUCCESS,3974390,0,0.0
0,65,112,2.8893896414294846,EXECUTE,SUCCESS,3974392,0,0.0
0,66,113,2.8664642854917983,EXECUTE,SUCCESS,3974394,0,0.0
0,67,114,2.8433540933200714,EXECUTE,SUCCESS,3974396,0,0.0
0,68,115,2.820068704836818,EXECUTE,SUCCESS,3974398,0,0.0
0,69,116,2.7965894407295484,EXECUTE,SUCCESS,3974400,0,0.0
0,70,117,2.772911376153232,EXECUTE,SUCCESS,3974402,0,0.0
0,71,120,2.7490293741609984,EXECUTE,SUCCESS,3974404,0,0.0
0,72,121,2.724938072690829,EXECUTE,SUCCESS,3974406,0,0.0
0,73,122,2.7006318705073467,EXECUTE,SUCCESS,3974408,0,0.0
0,74,123,2.6761049119942983,EXECUTE,SUCCESS,3974410,0,0.0
0,75,124,2.65135107068076,EXECUTE,SUCCESS,3974412,0,0.0
0,76,127,2.6475885254321545,EXECUTE,SUCCESS,3974413,0,0.0
0,77,129,2.643813060713637,EXECUTE,SUCCESS,3974414,0,0.0
0,78,130,2.0,EXECUTE,CRASH,3974451,36,0.00225
0,59,102,2.996675240996262,EXECUTE,SUCCESS,4054452,0,0.0
0,60,105,2.974590307924775,EXECUTE,SUCCESS,4054454,0,0.0
0,61,106,2.9523401734894996,EXECUTE,SUCCESS,4054456,0,0.0
0,62,107,2.9299210740223036,EXECUTE,SUCCESS,4054458,0,0.0
0,63,108,2.907329100738341,EXECUTE,SUCCESS,4054460,0,0.0
0,64,109,2.884560191779678,EXECUTE,SUCCESS,4054462,0,0.0
0,65,112,2.861610123689112,EXECUTE,SUCCESS,4054464,0,0.0
0,66,113,2.838474502263498,EXECUTE,SUCCESS,4054466,0,0.0
0,67,114,2.815148752730486,EXECUTE,SUCCESS,4054468,0,0.0
0,68,115,2.7916281091864676,EXECUTE,SUCCESS,4054470,0,0.0
0,69,116,2.7678931518395022,EXECUTE,SUCCESS,4054472,0,0.0
0,70,117,2.74395289682604,EXECUTE,SUCCESS,4054474,0,0.0
0,71,120,2.719801922934833,EXECUTE,SUCCESS,4054476,0,0.0
0,72,121,2.695434566076501,EXECUTE,SUCCESS,4054478,0,0.0
0,73,122,2.670859880263286,EXECUTE,SUCCESS,4054480,0,0.0
0,74,123,2.646056972175772,EXECUTE,SUCCESS,4054482,0,0.0
0,75,124,2.621019362767092,EXECUTE,SUCCESS,4054484,0,0.0
0,76,127,2.617213212560263,EXECUTE,SUCCESS,4054485,0,0.0
0,77,129,2.613401519093461,EXECUTE,SUCCESS,4054486,0,0.0
0,78,130,2.609584258076372,EXECUTE,SUCCESS,4054487,0,0.0
0,79,131,2.5745130607553754,EXECUTE,SUCCESS,4054490,0,0.0
0,80,132,2.5389574632120193,EXECUTE,SUCCESS,4054493,0,0.0
0,81,133,2.502872849347328,EXECUTE,SUCCESS,4054496,0,0.0
0,82,134,2.466260326891712,EXECUTE,SUCCESS,4054499,0,0.0
0,83,135,2.4290960252736027,EXECUTE,SUCCESS,4054502,0,0.0
0,84,136,2.391354218847558,EXECUTE,SUCCESS,4054505,0,0.0
0,85,138,2.3530326177084784,EXECUTE,SUCCESS,4054508,0,0.0
0,86,139,2.314076489660619,EXECUTE,SUCCESS,4054511,0,0.0
0,87,140,2.2744532309986094,EXECUTE,SUCCESS,4054514,0,0.0
0,88,141,2.234127346415153,EXECUTE,SUCCESS,4054517,0,0.0
0,89,145,2.229660848649411,EXECUTE,SUCCESS,4054518,0,0.0
0,90,147,2.1998892017554,EXECUTE,SUCCESS,4054520,0,0.0
0,91,149,2.195353046778584,EXECUTE,SUCCESS,4054521,0,0.0
0,92,151,2.1535464935775153,EXECUTE,SUCCESS,4054524,0,0.0
0,93,152,2.148912515669265,EXECUTE,SUCCESS,4054525,0,0.0
0,94,153,2.144268523296467,EXECUTE,SUCCESS,4054526,0,0.0
0,95,154,2.139614451250508,EXECUTE,SUCCESS,4054527,0,0.0
0,96,155,2.1349502336120185,EXECUTE,SUCCESS,4054528,0,0.0
0,97,158,2.130266415263596,EXECUTE,SUCCESS,4054529,0,0.0
0,98,159,2.1255722758824294,EXECUTE,SUCCESS,4054530,0,0.0
0,99,160,2.120867746937562,EXECUTE,SUCCESS,4054531,0,0.0
0,100,163,2.116152759136261,EXECUTE,SUCCESS,4054532,0,0.0
0,101,165,2.111427242412111,EXECUTE,SUCCESS,4054533,0,0.0
0,102,167,2.0678956695152713,EXECUTE,SUCCESS,4054536,0,0.0
0,103,168,2.0234277847257145,EXECUTE,SUCCESS,4054539,0,0.0
0,104,169,2.0000468744506965,EXECUTE,SUCCESS,4054542,0,0.0
0,105,171,2.0000156249389653,EXECUTE,SUCCESS,4054543,0,0.0
0,106,174,2.0000156249389653,EXECUTE,SUCCESS,4054544,0,0.0
0,107,176,2.0000156249389653,EXECUTE,SUCCESS,4054545,0,0.0
0,108,182,2.0000168749288094,EXECUTE,SUCCESS,4054548,0,0.0
0,109,183,2.0000156249389653,EXECUTE,SUCCESS,4054549,0,0.0
0,110,186,2.00000562499209,EXECUTE,SUCCESS,4054550,0,0.0
0,111,189,2.0000156249389653,EXECUTE,SUCCESS,4054551,0,0.0
0,112,191,2.0000156249389653,EXECUTE,SUCCESS,4054552,0,0.0
0,113,192,2.0000156249389653,EXECUTE,SUCCESS,4054553,0,0.0
0,114,193,2.0000156249389653,EXECUTE,SUCCESS,4054554,0,0.0
0,115,7,2.0000156249389653,EXECUTE,SUCCESS,4054555,0,0.0
0,116,15,2.0000781234741805,EXECUTE,SUCCESS,4054560,0,0.0
0,117,16,2.0000156249389653,EXECUTE,SUCCESS,4054561,0,0.0
0,118,17,2.00000562499209,EXECUTE,SUCCESS,4054562,0,0.0
0,119,18,2.0000156249389653,EXECUTE,SUCCESS,4054563,0,0.0
0,120,19,2.0000156249389653,EXECUTE,SUCCESS,4054564,0,0.0
0,121,20,2.0000156249389653,EXECUTE,SUCCESS,4054565,0,0.0
0,122,21,2.0000156249389653,EXECUTE,SUCCESS,4054566,0,0.0
0,123,22,2.0000156249389653,EXECUTE,SUCCESS,4054567,0,0.0
0,124,23,2.00000562499209,EXECUTE,SUCCESS,4054568,0,0.0
0,125,24,2.00000562499209,EXECUTE,SUCCESS,4054569,0,0.0
0,126,25,2.00000562499209,EXECUTE,SUCCESS,4054570,0,0.0
0,127,26,2.00000562499209,EXECUTE,SUCCESS,4054571,0,0.0
0,128,27,2.00000562499209,EXECUTE,SUCCESS,4054572,0,0.0
0,129,28,2.00000562499209,EXECUTE,SUCCESS,4054573,0,0.0
0,130,29,2.0000156249389653,EXECUTE,SUCCESS,4054574,0,0.0
0,131,30,2.0000156249389653,EXECUTE,SUCCESS,4054575,0,0.0
0,132,31,2.0000156249389653,EXECUTE,SUCCESS,4054576,0,0.0
0,133,35,2.0000781234741805,EXECUTE,SUCCESS,4054581,0,0.0
0,134,36,2.00000562499209,EXECUTE,SUCCESS,4054582,0,0.0
0,135,40,2.00000562499209,EXECUTE,SUCCESS,4054583,0,0.0
0,136,41,2.00000562499209,EXECUTE,SUCCESS,4054584,0,0.0
0,137,42,2.0000168749288094,EXECUTE,SUCCESS,4054587,0,0.0
0,138,44,2.00000562499209,EXECUTE,SUCCESS,4054588,0,0.0
0,139,46,2.0000112499683596,EXECUTE,SUCCESS,4054590,0,0.0
0,140,49,2.0000156249389653,EXECUTE,SUCCESS,4054591,0,0.0
0,141,51,2.0000156249389653,EXECUTE,SUCCESS,4054592,0,0.0
0,142,52,2.0000468744506965,EXECUTE,SUCCESS,4054595,0,0.0
0,143,54,2.0000168749288094,EXECUTE,SUCCESS,4054598,0,0.0
0,144,55,2.0000337497152394,EXECUTE,SUCCESS,4054604,0,0.0
0,145,56,2.0000337497152394,EXECUTE,SUCCESS,4054610,0,0.0
0,146,57,2.0000937478028376,EXECUTE,SUCCESS,4054616,0,0.0
0,147,58,2.0000937478028376,EXECUTE,SUCCESS,4054622,0,0.0
0,148,61,2.0000468744506965,EXECUTE,SUCCESS,4054625,0,0.0
0,149,62,2.0000468744506965,EXECUTE,SUCCESS,4054628,0,0.0
0,150,63,2.0000337497152394,EXECUTE,SUCCESS,4054634,0,0.0
0,151,64,2.0000337497152394,EXECUTE,SUCCESS,4054640,0,0.0
0,152,65,2.0,EXECUTE,CRASH,4054841,195,0.0121875
0,59,102,2.996675240996262,EXECUTE,SUCCESS,4246842,0,0.0
0,60,105,2.974590307924775,EXECUTE,SUCCESS,4246844,0,0.0
0,61,106,2.9523401734894996,EXECUTE,SUCCESS,4246846,0,0.0
0,62,107,2.9299210740223036,EXECUTE,SUCCESS,4246848,0,0.0
0,63,108,2.907329100738341,EXECUTE,SUCCESS,4246850,0,0.0
0,64,109,2.0,EXECUTE,CRASH,4246863,11,0.0006875
0,59,102,2.996675240996262,EXECUTE,SUCCESS,4326864,0,0.0
0,60,105,2.974590307924775,EXECUTE,SUCCESS,4326866,0,0.0
0,61,106,2.9523401734894996,EXECUTE,SUCCESS,4326868,0,0.0
0,62,107,2.92990742174561,EXECUTE,SUCCESS,4326870,0,0.0
0,63,108,2.9073015839434353,EXECUTE,SUCCESS,4326872,0,0.0
0,64,109,2.8845185906837223,EXECUTE,SUCCESS,4326874,0,0.0
0,65,112,2.861554210564603,EXECUTE,SUCCESS,4326876,0,0.0
0,66,113,2.838404041006144,EXECUTE,SUCCESS,4326878,0,0.0
0,67,114,2.8150634983957303,EXECUTE,SUCCESS,4326880,0,0.0
0,68,115,2.791527807491806,EXECUTE,SUCCESS,4326882,0,0.0
0,69,116,2.767791990016593,EXECUTE,SUCCESS,4326884,0,0.0
0,70,117,2.7438508523606036,EXECUTE,SUCCESS,4326886,0,0.0
0,71,120,2.719698972312931,EXECUTE,SUCCESS,4326888,0,0.0
0,72,121,2.695330684721267,EXECUTE,SUCCESS,4326890,0,0.0
0,73,122,2.6707400659742264,EXECUTE,SUCCESS,4326892,0,0.0
0,74,123,2.6459209171855487,EXECUTE,SUCCESS,4326894,0,0.0
0,75,124,2.6208667459449395,EXECUTE,SUCCESS,4326896,0,0.0
0,76,127,2.6170603737781852,EXECUTE,SUCCESS,4326897,0,0.0
0,77,129,2.6132484573802035,EXECUTE,SUCCESS,4326898,0,0.0
0,78,130,2.609430972453575,EXECUTE,SUCCESS,4326899,0,0.0
0,79,131,2.574357686880363,EXECUTE,SUCCESS,4326902,0,0.0
0,80,132,2.5387999133448877,EXECUTE,SUCCESS,4326905,0,0.0
0,81,133,2.5027370017642703,EXECUTE,SUCCESS,4326908,0,0.0
0,82,134,2.4661467920624696,EXECUTE,SUCCESS,4326911,0,0.0
0,83,135,2.428980753320209,EXECUTE,SUCCESS,4326914,0,0.0
0,84,136,2.3912371275137083,EXECUTE,SUCCESS,4326917,0,0.0
0,85,138,2.3528881188870865,EXECUTE,SUCCESS,4326920,0,0.0
0,86,139,2.3139036280709733,EXECUTE,SUCCESS,4326923,0,0.0
0,87,140,2.2742509755961438,EXECUTE,SUCCESS,4326926,0,0.0
0,88,141,2.233921439979484,EXECUTE,SUCCESS,4326929,0,0.0
0,89,145,2.2294545297000368,EXECUTE,SUCCESS,4326930,0,0.0
0,90,147,2.199680090376783,EXECUTE,SUCCESS,4326932,0,0.0
0,91,149,2.195143503281736,EXECUTE,SUCCESS,4326933,0,0.0
0,92,151,2.153332881836901,EXECUTE,SUCCESS,4326936,0,0.0
0,93,152,2.0,EXECUTE,CRASH,4327011,74,0.004625
0,59,102,2.996675240996262,EXECUTE,SUCCESS,4407012,0,0.0
0,60,105,2.974590307924775,EXECUTE,SUCCESS,4407014,0,0.0
0,61,106,2.9523266248841793,EXECUTE,SUCCESS,4407016,0,0.0
0,62,107,2.92990742174561,EXECUTE,SUCCESS,4407018,0,0.0
0,63,108,2.9073015839434353,EXECUTE,SUCCESS,4407020,0,0.0
0,64,109,2.8845185906837223,EXECUTE,SUCCESS,4407022,0,0.0
0,65,112,2.861554210564603,EXECUTE,SUCCESS,4407024,0,0.0
0,66,113,2.838418133397546,EXECUTE,SUCCESS,4407026,0,0.0
0,67,114,2.8150919167941937,EXECUTE,SUCCESS,4407028,0,0.0
0,68,115,2.791556465486594,EXECUTE,SUCCESS,4407030,0,0.0
0,69,116,2.7678208937718507,EXECUTE,SUCCESS,4407032,0,0.0
0,70,117,2.743894586167626,EXECUTE,SUCCESS,4407034,0,0.0
0,71,120,2.7197578017169115,EXECUTE,SUCCESS,4407036,0,0.0
0,72,121,2.695404886097821,EXECUTE,SUCCESS,4407038,0,0.0
0,73,122,2.6708299271949167,EXECUTE,SUCCESS,4407040,0,0.0
0,74,123,2.6460267383380702,EXECUTE,SUCCESS,4407042,0,0.0
0,75,124,2.620973578653552,EXECUTE,SUCCESS,4407044,0,0.0
0,76,127,2.6171597200018204,EXECUTE,SUCCESS,4407045,0,0.0
0,77,129,2.6133402954839244,EXECUTE,SUCCESS,4407046,0,0.0
0,78,130,2.609515280660377,EXECUTE,SUCCESS,4407047,0,0.0
0,79,131,2.5744198375556397,EXECUTE,SUCCESS,4407050,0,0.0
0,80,132,2.5388629344649556,EXECUTE,SUCCESS,4407053,0,0.0
0,81,133,2.502800930957156,EXECUTE,SUCCESS,4407056,0,0.0
0,82,134,2.4661873408157797,EXECUTE,SUCCESS,4407059,0,0.0
0,83,135,2.4290219225029666,EXECUTE,SUCCESS,4407062,0,0.0
0,84,136,2.3913040375493884,EXECUTE,SUCCESS,4407065,0,0.0
0,85,138,2.3529816191377284,EXECUTE,SUCCESS,4407068,0,0.0
0,86,139,2.3140246325395943,EXECUTE,SUCCESS,4407071,0,0.0
0,87,140,2.274400470453698,EXECUTE,SUCCESS,4407074,0,0.0
0,88,141,2.234073633522406,EXECUTE,SUCCESS,4407077,0,0.0
0,89,145,2.2296070281554115,EXECUTE,SUCCESS,4407078,0,0.0
0,90,147,2.1998346528773487,EXECUTE,SUCCESS,4407080,0,0.0
0,91,149,2.195298385185942,EXECUTE,SUCCESS,4407081,0,0.0
0,92,151,2.1534907708183946,EXECUTE,SUCCESS,4407084,0,0.0
0,93,152,2.1488566727448353,EXECUTE,SUCCESS,4407085,0,0.0
0,94,153,2.1442125594259553,EXECUTE,SUCCESS,4407086,0,0.0
0,95,154,2.13955836564465,EXECUTE,SUCCESS,4407087,0,0.0
0,96,155,2.134894025472929,EXECUTE,SUCCESS,4407088,0,0.0
0,97,158,2.1302194722610177,EXECUTE,SUCCESS,4407089,0,0.0
0,98,159,2.1255346386262466,EXECUTE,SUCCESS,4407090,0,0.0
0,99,160,2.12083945644172,EXECUTE,SUCCESS,4407091,0,0.0
0,100,163,2.1161244056056843,EXECUTE,SUCCESS,4407092,0,0.0
0,101,165,2.111398825423565,EXECUTE,SUCCESS,4407093,0,0.0
0,102,167,2.067866654308254,EXECUTE,SUCCESS,4407096,0,0.0
0,103,168,2.02339813185641,EXECUTE,SUCCESS,4407099,0,0.0
0,104,169,2.0000168749288094,EXECUTE,SUCCESS,4407102,0,0.0
0,105,171,2.00000562499209,EXECUTE,SUCCESS,4407103,0,0.0
0,106,174,2.00000562499209,EXECUTE,SUCCESS,4407104,0,0.0
0,107,176,2.00000562499209,EXECUTE,SUCCESS,4407105,0,0.0
0,108,182,2.0000168749288094,EXECUTE,SUCCESS,4407108,0,0.0
0,109,183,2.00000562499209,EXECUTE,SUCCESS,4407109,0,0.0
0,110,186,2.00000562499209,EXECUTE,SUCCESS,4407110,0,0.0
0,111,189,2.00000562499209,EXECUTE,SUCCESS,4407111,0,0.0
0,112,191,2.00000562499209,EXECUTE,SUCCESS,4407112,0,0.0
0,113,192,2.0000156249389653,EXECUTE,SUCCESS,4407113,0,0.0
0,114,193,2.00000562499209,EXECUTE,SUCCESS,4407114,0,0.0
0,115,7,2.0000156249389653,EXECUTE,SUCCESS,4407115,0,0.0
0,116,15,2.0000781234741805,EXECUTE,SUCCESS,4407120,0,0.0
0,117,16,2.0000156249389653,EXECUTE,SUCCESS,4407121,0,0.0
0,118,17,2.0000156249389653,EXECUTE,SUCCESS,4407122,0,0.0
0,119,18,2.0000156249389653,EXECUTE,SUCCESS,4407123,0,0.0
0,120,19,2.0000156249389653,EXECUTE,SUCCESS,4407124,0,0.0
0,121,20,2.00000562499209,EXECUTE,SUCCESS,4407125,0,0.0
0,122,21,2.0000156249389653,EXECUTE,SUCCESS,4407126,0,0.0
0,123,22,2.0000156249389653,EXECUTE,SUCCESS,4407127,0,0.0
0,124,23,2.00000562499209,EXECUTE,SUCCESS,4407128,0,0.0
0,125,24,2.0000156249389653,EXECUTE,SUCCESS,4407129,0,0.0
0,126,25,2.0000156249389653,EXECUTE,SUCCESS,4407130,0,0.0
0,127,26,2.00000562499209,EXECUTE,SUCCESS,4407131,0,0.0
0,128,27,2.00000562499209,EXECUTE,SUCCESS,4407132,0,0.0
0,129,28,2.00000562499209,EXECUTE,SUCCESS,4407133,0,0.0
0,130,29,2.00000562499209,EXECUTE,SUCCESS,4407134,0,0.0
0,131,30,2.00000562499209,EXECUTE,SUCCESS,4407135,0,0.0
0,132,31,2.0,EXECUTE,CRASH,4407261,125,0.0078125
0,59,102,3.0692120324278678,EXECUTE,SUCCESS,4535262,0,0.0
0,60,105,3.047652785341533,EXECUTE,SUCCESS,4535264,0,0.0
0,61,106,3.025926717552824,EXECUTE,SUCCESS,4535266,0,0.0
0,62,107,3.0040568403410757,EXECUTE,SUCCESS,4535268,0,0.0
0,63,108,2.9820265760049836,EXECUTE,SUCCESS,4535270,0,0.0
0,64,109,2.9598323432248668,EXECUTE,SUCCESS,4535272,0,0.0
0,65,112,2.937470425383038,EXECUTE,SUCCESS,4535274,0,0.0
0,66,113,2.9149369632978352,EXECUTE,SUCCESS,4535276,0,0.0
0,67,114,2.892227947448127,EXECUTE,SUCCESS,4535278,0,0.0
0,68,115,2.8693392096439223,EXECUTE,SUCCESS,4535280,0,0.0
0,69,116,2.8462664140940865,EXECUTE,SUCCESS,4535282,0,0.0
0,70,117,2.823005047816956,EXECUTE,SUCCESS,4535284,0,0.0
0,71,120,2.799550410333776,EXECUTE,SUCCESS,4535286,0,0.0
0,72,121,2.775897602578311,EXECUTE,SUCCESS,4535288,0,0.0
0,73,122,2.7520415149484965,EXECUTE,SUCCESS,4535290,0,0.0
0,74,123,2.727976814417603,EXECUTE,SUCCESS,4535292,0,0.0
0,75,124,2.7036979306128144,EXECUTE,SUCCESS,4535294,0,0.0
0,76,127,2.7000009259257696,EXECUTE,SUCCESS,4535295,0,0.0
0,77,129,2.696306269695639,EXECUTE,SUCCESS,4535296,0,0.0
0,78,130,2.6926065438530027,EXECUTE,SUCCESS,4535297,0,0.0
0,79,131,2.658630756611382,EXECUTE,SUCCESS,4535300,0,0.0
0,80,132,2.624215120755158,EXECUTE,SUCCESS,4535303,0,0.0
0,81,133,2.5893420979082715,EXECUTE,SUCCESS,4535306,0,0.0
0,82,134,2.553969459488506,EXECUTE,SUCCESS,4535309,0,0.0
0,83,135,2.518099978158137,EXECUTE,SUCCESS,4535312,0,0.0
0,84,136,2.4817121106204105,EXECUTE,SUCCESS,4535315,0,0.0
0,85,138,2.444782710181012,EXECUTE,SUCCESS,4535318,0,0.0
0,86,139,2.4073117787274696,EXECUTE,SUCCESS,4535321,0,0.0
0,87,140,2.3692482985115793,EXECUTE,SUCCESS,4535324,0,0.0
0,88,141,2.3305632366447413,EXECUTE,SUCCESS,4535327,0,0.0
0,89,145,2.326281904671059,EXECUTE,SUCCESS,4535328,0,0.0
0,90,147,2.2977450903004906,EXECUTE,SUCCESS,4535330,0,0.0
0,91,149,2.2934024941121893,EXECUTE,SUCCESS,4535331,0,0.0
0,92,151,2.2534157406035864,EXECUTE,SUCCESS,4535334,0,0.0
0,93,152,2.2489875499877736,EXECUTE,SUCCESS,4535335,0,0.0
0,94,153,2.244550623176053,EXECUTE,SUCCESS,4535336,0,0.0
0,95,154,2.2401049082576483,EXECUTE,SUCCESS,4535337,0,0.0
0,96,155,2.2356503528056453,EXECUTE,SUCCESS,4535338,0,0.0
0,97,158,2.2311869038697774,EXECUTE,SUCCESS,4535339,0,0.0
0,98,159,2.2267145079690844,EXECUTE,SUCCESS,4535340,0,0.0
0,99,160,2.2222331110844338,EXECUTE,SUCCESS,4535341,0,0.0
0,100,163,2.217742658650909,EXECUTE,SUCCESS,4535342,0,0.0
0,101,165,2.2132430955500575,EXECUTE,SUCCESS,4535343,0,0.0
0,102,167,2.1717809512011104,EXECUTE,SUCCESS,4535346,0,0.0
0,103,168,2.129511681113771,EXECUTE,SUCCESS,4535349,0,0.0
0,104,169,2.0863862298241904,EXECUTE,SUCCESS,4535352,0,0.0
0,105,171,2.0816027478844275,EXECUTE,SUCCESS,4535353,0,0.0
0,106,174,2.076808248250184,EXECUTE,SUCCESS,4535354,0,0.0
0,107,176,2.0720026544384536,EXECUTE,SUCCESS,4535355,0,0.0
0,108,182,2.0276248420257623,EXECUTE,SUCCESS,4535358,0,0.0
0,109,183,2.0226925124694555,EXECUTE,SUCCESS,4535359,0,0.0
0,110,186,2.0177481260058197,EXECUTE,SUCCESS,4535360,0,0.0
0,111,189,2.0127915937821275,EXECUTE,SUCCESS,4535361,0,0.0
0,112,191,2.0078228258489337,EXECUTE,SUCCESS,4535362,0,0.0
0,113,192,2.002851716927641,EXECUTE,SUCCESS,4535363,0,0.0
0,114,193,2.00000562499209,EXECUTE,SUCCESS,4535364,0,0.0
0,115,7,2.00000562499209,EXECUTE,SUCCESS,4535365,0,0.0
0,116,15,2.000028124802249,EXECUTE,SUCCESS,4535370,0,0.0
0,117,16,2.00000562499209,EXECUTE,SUCCESS,4535371,0,0.0
0,118,17,2.0000156249389653,EXECUTE,SUCCESS,4535372,0,0.0
0,119,18,2.0000156249389653,EXECUTE,SUCCESS,4535373,0,0.0
0,120,19,2.0000156249389653,EXECUTE,SUCCESS,4535374,0,0.0
0,121,20,2.00000562499209,EXECUTE,SUCCESS,4535375,0,0.0
0,122,21,2.00000562499209,EXECUTE,SUCCESS,4535376,0,0.0
0,123,22,2.00000562499209,EXECUTE,SUCCESS,4535377,0,0.0
0,124,23,2.0000156249389653,EXECUTE,SUCCESS,4535378,0,0.0
0,125,24,2.0000156249389653,EXECUTE,SUCCESS,4535379,0,0.0
0,126,25,2.00000562499209,EXECUTE,SUCCESS,4535380,0,0.0
0,127,26,2.00000562499209,EXECUTE,SUCCESS,4535381,0,0.0
0,128,27,2.00000562499209,EXECUTE,SUCCESS,4535382,0,0.0
0,129,28,2.00000562499209,EXECUTE,SUCCESS,4535383,0,0.0
0,130,29,2.00000562499209,EXECUTE,SUCCESS,4535384,0,0.0
0,131,30,2.00000562499209,EXECUTE,SUCCESS,4535385,0,0.0
0,132,31,2.00000562499209,EXECUTE,SUCCESS,4535386,0,0.0
0,133,35,2.000028124802249,EXECUTE,SUCCESS,4535391,0,0.0
0,134,36,2.00000562499209,EXECUTE,SUCCESS,4535392,0,0.0
0,135,40,2.00000562499209,EXECUTE,SUCCESS,4535393,0,0.0
0,136,41,2.00000562499209,EXECUTE,SUCCESS,4535394,0,0.0
0,137,42,2.0000168749288094,EXECUTE,SUCCESS,4535397,0,0.0
0,138,44,2.00000562499209,EXECUTE,SUCCESS,4535398,0,0.0
0,139,46,2.0000112499683596,EXECUTE,SUCCESS,4535400,0,0.0
0,140,49,2.00000562499209,EXECUTE,SUCCESS,4535401,0,0.0
0,141,51,2.0000156249389653,EXECUTE,SUCCESS,4535402,0,0.0
0,142,52,2.0000168749288094,EXECUTE,SUCCESS,4535405,0,0.0
0,143,54,2.0000168749288094,EXECUTE,SUCCESS,4535408,0,0.0
0,144,55,2.0000337497152394,EXECUTE,SUCCESS,4535414,0,0.0
0,145,56,2.0000337497152394,EXECUTE,SUCCESS,4535420,0,0.0
0,146,57,2.0000337497152394,EXECUTE,SUCCESS,4535426,0,0.0
0,147,58,2.0000937478028376,EXECUTE,SUCCESS,4535432,0,0.0
0,148,61,2.0000468744506965,EXECUTE,SUCCESS,4535435,0,0.0
0,149,62,2.0000468744506965,EXECUTE,SUCCESS,4535438,0,0.0
0,150,63,2.0000937478028376,EXECUTE,SUCCESS,4535444,0,0.0
0,151,64,2.0000337497152394,EXECUTE,SUCCESS,4535450,0,0.0
0,152,65,2.0000337497152394,EXECUTE,SUCCESS,4535456,0,0.0
0,153,66,2.0000937478028376,EXECUTE,SUCCESS,4535462,0,0.0
0,154,68,2.000031249755863,EXECUTE,SUCCESS,4535464,0,0.0
0,155,69,2.0000781234741805,EXECUTE,SUCCESS,4535469,0,0.0
0,156,70,2.0000937478028376,EXECUTE,SUCCESS,4535475,0,0.0
0,157,71,2.0000781234741805,EXECUTE,SUCCESS,4535480,0,0.0
0,158,72,2.0000781234741805,EXECUTE,SUCCESS,4535485,0,0.0
0,159,73,2.0000781234741805,EXECUTE,SUCCESS,4535490,0,0.0
0,160,76,2.0000468744506965,EXECUTE,SUCCESS,4535493,0,0.0
0,161,77,2.0000937478028376,EXECUTE,SUCCESS,4535499,0,0.0
0,162,78,2.0000937478028376,EXECUTE,SUCCESS,4535505,0,0.0
0,163,79,2.0000937478028376,EXECUTE,SUCCESS,4535511,0,0.0
0,164,80,2.0000937478028376,EXECUTE,SUCCESS,4535517,0,0.0
0,165,84,2.0000156249389653,EXECUTE,SUCCESS,4535518,0,0.0
0,166,86,2.0000156249389653,EXECUTE,SUCCESS,4535519,0,0.0
0,167,87,2.0000468744506965,EXECUTE,SUCCESS,4535522,0,0.0
0,168,88,2.0000937478028376,EXECUTE,SUCCESS,4535528,0,0.0
0,169,92,2.0000156249389653,EXECUTE,SUCCESS,4535529,0,0.0
0,170,94,2.0000156249389653,EXECUTE,SUCCESS,4535530,0,0.0
0,171,95,2.0000468744506965,EXECUTE,SUCCESS,4535533,0,0.0
0,172,96,2.0000781234741805,EXECUTE,SUCCESS,4535538,0,0.0
0,173,100,2.0000156249389653,EXECUTE,SUCCESS,4535539,0,0.0
0,174,102,2.0000156249389653,EXECUTE,SUCCESS,4535540,0,0.0
0,175,105,2.000031249755863,EXECUTE,SUCCESS,4535542,0,0.0
0,176,106,2.000031249755863,EXECUTE,SUCCESS,4535544,0,0.0
0,177,107,2.000031249755863,EXECUTE,SUCCESS,4535546,0,0.0
0,178,108,2.000031249755863,EXECUTE,SUCCESS,4535548,0,0.0
0,179,109,2.000031249755863,EXECUTE,SUCCESS,4535550,0,0.0
0,180,112,2.000031249755863,EXECUTE,SUCCESS,4535552,0,0.0
0,181,113,2.000031249755863,EXECUTE,SUCCESS,4535554,0,0.0
0,182,114,2.000031249755863,EXECUTE,SUCCESS,4535556,0,0.0
0,183,115,2.0000112499683596,EXECUTE,SUCCESS,4535558,0,0.0
0,184,116,2.0,EXECUTE,CRASH,4535859,299,0.0186875
0,59,102,3.009993770757674,EXECUTE,SUCCESS,4647860,0,0.0
0,60,105,2.9879938922293667,EXECUTE,SUCCESS,4647862,0,0.0
0,61,106,2.9658308279468675,EXECUTE,SUCCESS,4647864,0,0.0
0,62,107,2.9435008917953467,EXECUTE,SUCCESS,4647866,0,0.0
0,63,108,2.9210002567613724,EXECUTE,SUCCESS,4647868,0,0.0
0,64,109,2.898324947275582,EXECUTE,SUCCESS,4647870,0,0.0
0,65,112,2.875470831011855,EXECUTE,SUCCESS,4647872,0,0.0
0,66,113,2.8524336100950722,EXECUTE,SUCCESS,4647874,0,0.0
0,67,114,2.8292088116644925,EXECUTE,SUCCESS,4647876,0,0.0
0,68,115,2.8057917777340515,EXECUTE,SUCCESS,4647878,0,0.0
0,69,116,2.782177654284501,EXECUTE,SUCCESS,4647880,0,0.0
0,70,117,2.758361379515021,EXECUTE,SUCCESS,4647882,0,0.0
0,71,120,2.7343376711737726,EXECUTE,SUCCESS,4647884,0,0.0
0,72,121,2.7101010128775664,EXECUTE,SUCCESS,4647886,0,0.0
0,73,122,2.6856456393202754,EXECUTE,SUCCESS,4647888,0,0.0
0,74,123,2.0,EXECUTE,CRASH,4647921,31,0.0019375
0,59,102,2.996675240996262,EXECUTE,SUCCESS,4727922,0,0.0
0,60,105,2.974590307924775,EXECUTE,SUCCESS,4727924,0,0.0
0,61,106,2.9523401734894996,EXECUTE,SUCCESS,4727926,0,0.0
0,62,107,2.9299210740223036,EXECUTE,SUCCESS,4727928,0,0.0
0,63,108,2.907329100738341,EXECUTE,SUCCESS,4727930,0,0.0
0,64,109,2.884560191779678,EXECUTE,SUCCESS,4727932,0,0.0
0,65,112,2.861610123689112,EXECUTE,SUCCESS,4727934,0,0.0
0,66,113,2.838460410151957,EXECUTE,SUCCESS,4727936,0,0.0
0,67,114,2.815120334905777,EXECUTE,SUCCESS,4727938,0,0.0
0,68,115,2.7915851231871858,EXECUTE,SUCCESS,4727940,0,0.0
0,69,116,2.7678497972252782,EXECUTE,SUCCESS,4727942,0,0.0
0,70,117,2.0,EXECUTE,CRASH,4727967,23,0.0014375
0,59,102,3.0495938254134765,EXECUTE,SUCCESS,4935968,0,0.0
0,60,105,2.0,EXECUTE,CRASH,4935973,3,0.0001875
0,59,102,3.0364489951257214,EXECUTE,SUCCESS,5111974,0,0.0
0,60,105,3.014655452949807,EXECUTE,SUCCESS,5111976,0,0.0
0,61,106,2.9927032094746724,EXECUTE,SUCCESS,5111978,0,0.0
0,62,107,2.9705887463598866,EXECUTE,SUCCESS,5111980,0,0.0
0,63,108,2.948308413310928,EXECUTE,SUCCESS,5111982,0,0.0
0,64,109,2.9258584210450103,EXECUTE,SUCCESS,5111984,0,0.0
0,65,112,2.9032210559996976,EXECUTE,SUCCESS,5111986,0,0.0
0,66,113,2.880405787384826,EXECUTE,SUCCESS,5111988,0,0.0
0,67,114,2.857408353735951,EXECUTE,SUCCESS,5111990,0,0.0
0,68,115,2.834224320691642,EXECUTE,SUCCESS,5111992,0,0.0
0,69,116,2.8108490710103946,EXECUTE,SUCCESS,5111994,0,0.0
0,70,117,2.787277793833976,EXECUTE,SUCCESS,5111996,0,0.0
0,71,120,2.763505473126478,EXECUTE,SUCCESS,5111998,0,0.0
0,72,121,2.739526875210389,EXECUTE,SUCCESS,5112000,0,0.0
0,73,122,2.715336535311968,EXECUTE,SUCCESS,5112002,0,0.0
0,74,123,2.0014394819729127,CHECKPOINT,SUCCESS,5112258,0,0.0
0,74,123,2.0000112499683596,EXECUTE,SUCCESS,5112260,0,0.0
0,75,124,2.0000112499683596,EXECUTE,SUCCESS,5112262,0,0.0
0,76,127,2.00000562499209,EXECUTE,SUCCESS,5112263,0,0.0
0,77,129,2.00000562499209,EXECUTE,SUCCESS,5112264,0,0.0
0,78,130,2.0000156249389653,EXECUTE,SUCCESS,5112265,0,0.0
0,79,131,2.0000468744506965,EXECUTE,SUCCESS,5112268,0,0.0
0,80,132,2.0000468744506965,EXECUTE,SUCCESS,5112271,0,0.0
0,81,133,2.0000168749288094,EXECUTE,SUCCESS,5112274,0,0.0
0,82,134,2.0000468744506965,EXECUTE,SUCCESS,5112277,0,0.0
0,83,135,2.0000168749288094,EXECUTE,SUCCESS,5112280,0,0.0
0,84,136,2.0000168749288094,EXECUTE,SUCCESS,5112283,0,0.0
0,85,138,2.0000168749288094,EXECUTE,SUCCESS,5112286,0,0.0
0,86,139,2.0000168749288094,EXECUTE,SUCCESS,5112289,0,0.0
0,87,140,2.0000168749288094,EXECUTE,SUCCESS,5112292,0,0.0
0,88,141,2.0,EXECUTE,CRASH,5112332,37,0.0023125
0,74,123,2.991341672226696,EXECUTE,SUCCESS,5224334,0,0.0
0,75,124,2.9692035969262878,EXECUTE,SUCCESS,5224336,0,0.0
0,76,127,2.9658375714121643,EXECUTE,SUCCESS,5224337,0,0.0
0,77,129,2.9624677213431383,EXECUTE,SUCCESS,5224338,0,0.0
0,78,130,2.959094033652869,EXECUTE,SUCCESS,5224339,0,0.0
0,79,131,2.9281914213384352,EXECUTE,SUCCESS,5224342,0,0.0
0,80,132,2.8969591816247613,EXECUTE,SUCCESS,5224345,0,0.0
0,81,133,2.8653865358795847,EXECUTE,SUCCESS,5224348,0,0.0
0,82,134,2.8334621049168818,EXECUTE,SUCCESS,5224351,0,0.0
0,83,135,2.0,EXECUTE,CRASH,5224376,22,0.001375
0,74,123,3.09646976410234,EXECUTE,SUCCESS,5432378,0,0.0
0,75,124,3.075088616609284,EXECUTE,SUCCESS,5432380,0,0.0
0,76,127,3.0718386188079605,EXECUTE,SUCCESS,5432381,0,0.0
0,77,129,3.068585178873156,EXECUTE,SUCCESS,5432382,0,0.0
0,78,130,3.065328285844764,EXECUTE,SUCCESS,5432383,0,0.0
0,79,131,3.035507371099599,EXECUTE,SUCCESS,5432386,0,0.0
0,80,132,3.0053905736193425,EXECUTE,SUCCESS,5432389,0,0.0
0,81,133,2.9749689074005463,EXECUTE,SUCCESS,5432392,0,0.0
0,82,134,2.94423292217175,EXECUTE,SUCCESS,5432395,0,0.0
0,83,135,2.9131726691015074,EXECUTE,SUCCESS,5432398,0,0.0
0,84,136,2.881777663179448,EXECUTE,SUCCESS,5432401,0,0.0
0,85,138,2.8500368418671362,EXECUTE,SUCCESS,5432404,0,0.0
0,86,139,2.8179385195564506,EXECUTE,SUCCESS,5432407,0,0.0
0,87,140,2.7854918775684845,EXECUTE,SUCCESS,5432410,0,0.0
0,88,141,2.752662801724904,EXECUTE,SUCCESS,5432413,0,0.0
0,89,145,2.749038922969262,EXECUTE,SUCCESS,5432414,0,0.0
0,90,147,2.724947705920244,EXECUTE,SUCCESS,5432416,0,0.0
0,91,149,2.7212869198230454,EXECUTE,SUCCESS,5432417,0,0.0
0,92,151,2.6876737153159045,EXECUTE,SUCCESS,5432420,0,0.0
0,93,152,2.6839620898962036,EXECUTE,SUCCESS,5432421,0,0.0
0,94,153,2.680237862578618,EXECUTE,SUCCESS,5432422,0,0.0
0,95,154,2.6765084531904617,EXECUTE,SUCCESS,5432423,0,0.0
0,96,155,2.672773840039594,EXECUTE,SUCCESS,5432424,0,0.0
0,97,158,2.669034001282111,EXECUTE,SUCCESS,5432425,0,0.0
0,98,159,2.6652889149208563,EXECUTE,SUCCESS,5432426,0,0.0
0,99,160,2.661546073243895,EXECUTE,SUCCESS,5432427,0,0.0
0,100,163,2.657797960718609,EXECUTE,SUCCESS,5432428,0,0.0
0,101,165,2.0,EXECUTE,CRASH,5432482,53,0.0033125
0,74,123,2.991341672226696,EXECUTE,SUCCESS,5544484,0,0.0
0,75,124,2.9692170685216004,EXECUTE,SUCCESS,5544486,0,0.0
0,76,127,2.9658578017160577,EXECUTE,SUCCESS,5544487,0,0.0
0,77,129,2.962487974659139,EXECUTE,SUCCESS,5544488,0,0.0
0,78,130,2.9591143100596855,EXECUTE,SUCCESS,5544489,0,0.0
0,79,131,2.928211911730435,EXECUTE,SUCCESS,5544492,0,0.0
0,80,132,2.0,EXECUTE,CRASH,5544508,13,0.0008125
0,74,123,2.0,EXECUTE,CRASH,5688512,2,0.000125
0,74,123,3.09646976410234,EXECUTE,SUCCESS,5800514,0,0.0
0,75,124,3.075101624336991,EXECUTE,SUCCESS,5800516,0,0.0
0,76,127,3.0718581510219507,EXECUTE,SUCCESS,5800517,0,0.0
0,77,129,3.068611249409087,EXECUTE,SUCCESS,5800518,0,0.0
0,78,130,3.0653609086044002,EXECUTE,SUCCESS,5800519,0,0.0
0,79,131,3.0355600801170106,EXECUTE,SUCCESS,5800522,0,0.0
0,80,132,3.0054637745279833,EXECUTE,SUCCESS,5800525,0,0.0
0,81,133,2.9750630245425045,EXECUTE,SUCCESS,5800528,0,0.0
0,82,134,2.9443483999010707,EXECUTE,SUCCESS,5800531,0,0.0
0,83,135,2.9133099732091665,EXECUTE,SUCCESS,5800534,0,0.0
0,84,136,2.881937282454286,EXECUTE,SUCCESS,5800537,0,0.0
0,85,138,2.850219289809118,EXECUTE,SUCCESS,5800540,0,0.0
0,86,139,2.8181443362610072,EXECUTE,SUCCESS,5800543,0,0.0
0,87,140,2.7857000915389283,EXECUTE,SUCCESS,5800546,0,0.0
0,88,141,2.7528734987281913,EXECUTE,SUCCESS,5800549,0,0.0
0,89,145,2.749249897699369,EXECUTE,SUCCESS,5800550,0,0.0
0,90,147,2.7251605457293686,EXECUTE,SUCCESS,5800552,0,0.0
0,91,149,2.7215000459305507,EXECUTE,SUCCESS,5800553,0,0.0
0,92,151,2.687889506657591,EXECUTE,SUCCESS,5800556,0,0.0
0,93,152,2.684170728549134,EXECUTE,SUCCESS,5800557,0,0.0
0,94,153,2.680454252547502,EXECUTE,SUCCESS,5800558,0,0.0
0,95,154,2.0,EXECUTE,CRASH,5800606,47,0.0029375
0,74,123,2.9779397240374097,EXECUTE,SUCCESS,5880608,0,0.0
0,75,124,2.955714803562753,EXECUTE,SUCCESS,5880610,0,0.0
0,76,127,2.952340173489499,EXECUTE,SUCCESS,5880611,0,0.0
0,77,129,2.9489616816771296,EXECUTE,SUCCESS,5880612,0,0.0
0,78,130,2.9455793148377456,EXECUTE,SUCCESS,5880613,0,0.0
0,79,131,2.914553996754907,EXECUTE,SUCCESS,5880616,0,0.0
0,80,132,2.883194842531459,EXECUTE,SUCCESS,5880619,0,0.0
0,81,133,2.8514697964383218,EXECUTE,SUCCESS,5880622,0,0.0
0,82,134,2.81940906929094,EXECUTE,SUCCESS,5880625,0,0.0
0,83,135,2.786979547825926,EXECUTE,SUCCESS,5880628,0,0.0
0,84,136,2.7541682047398632,EXECUTE,SUCCESS,5880631,0,0.0
0,85,138,2.720961227213648,EXECUTE,SUCCESS,5880634,0,0.0
0,86,139,2.687343948957781,EXECUTE,SUCCESS,5880637,0,0.0
0,87,140,2.6533007745071044,EXECUTE,SUCCESS,5880640,0,0.0
0,88,141,2.618792183431133,EXECUTE,SUCCESS,5880643,0,0.0
0,89,145,2.6149827915303763,EXECUTE,SUCCESS,5880644,0,0.0
0,90,147,2.5896447632831805,EXECUTE,SUCCESS,5880646,0,0.0
0,91,149,2.5857924317315186,EXECUTE,SUCCESS,5880647,0,0.0
0,92,151,2.5503940871951536,EXECUTE,SUCCESS,5880650,0,0.0
0,93,152,2.5464823777124397,EXECUTE,SUCCESS,5880651,0,0.0
0,94,153,2.542564650112166,EXECUTE,SUCCESS,5880652,0,0.0
0,95,154,2.538640876532165,EXECUTE,SUCCESS,5880653,0,0.0
0,96,155,2.5347110288946153,EXECUTE,SUCCESS,5880654,0,0.0
0,97,158,2.5307750789036936,EXECUTE,SUCCESS,5880655,0,0.0
0,98,159,2.5268329980432016,EXECUTE,SUCCESS,5880656,0,0.0
0,99,160,2.5228847575741535,EXECUTE,SUCCESS,5880657,0,0.0
0,100,163,2.5189303285323303,EXECUTE,SUCCESS,5880658,0,0.0
0,101,165,2.5149617293310835,EXECUTE,SUCCESS,5880659,0,0.0
0,102,167,2.478527788829489,EXECUTE,SUCCESS,5880662,0,0.0
0,103,168,2.441550224754755,EXECUTE,SUCCESS,5880665,0,0.0
0,104,169,2.4040039517438396,EXECUTE,SUCCESS,5880668,0,0.0
0,105,171,2.399853641370656,EXECUTE,SUCCESS,5880669,0,0.0
0,106,174,2.39568779268084,EXECUTE,SUCCESS,5880670,0,0.0
0,107,176,2.3915146873895625,EXECUTE,SUCCESS,5880671,0,0.0
0,108,182,2.3531702020890877,EXECUTE,SUCCESS,5880674,0,0.0
0,109,183,2.3489215610573284,EXECUTE,SUCCESS,5880675,0,0.0
0,110,186,2.344665221305591,EXECUTE,SUCCESS,5880676,0,0.0
0,111,189,2.3404011408303487,EXECUTE,SUCCESS,5880677,0,0.0
0,112,191,2.3361378383990954,EXECUTE,SUCCESS,5880678,0,0.0
0,113,192,2.3318667414755923,EXECUTE,SUCCESS,5880679,0,0.0
0,114,193,2.327587807151428,EXECUTE,SUCCESS,5880680,0,0.0
0,115,7,2.32330099212306,EXECUTE,SUCCESS,5880681,0,0.0
0,116,15,2.2156353490590446,EXECUTE,SUCCESS,5880686,0,0.0
0,117,16,2.211131497672627,EXECUTE,SUCCESS,5880687,0,0.0
0,118,17,2.2066184536525553,EXECUTE,SUCCESS,5880688,0,0.0
0,119,18,2.202096160479827,EXECUTE,SUCCESS,5880689,0,0.0
0,120,19,2.1975645610538943,EXECUTE,SUCCESS,5880690,0,0.0
0,121,20,2.1930235976842556,EXECUTE,SUCCESS,5880691,0,0.0
0,122,21,2.1884732120818833,EXECUTE,SUCCESS,5880692,0,0.0
0,123,22,2.1839133453504957,EXECUTE,SUCCESS,5880693,0,0.0
0,124,23,2.1793439379776642,EXECUTE,SUCCESS,5880694,0,0.0
0,125,24,2.174755733410075,EXECUTE,SUCCESS,5880695,0,0.0
0,126,25,2.1701578283617975,EXECUTE,SUCCESS,5880696,0,0.0
0,127,26,2.1655593965532307,EXECUTE,SUCCESS,5880697,0,0.0
0,128,27,2.1609511794577854,EXECUTE,SUCCESS,5880698,0,0.0
0,129,28,2.1563331143401743,EXECUTE,SUCCESS,5880699,0,0.0
0,130,29,2.1517051377918848,EXECUTE,SUCCESS,5880700,0,0.0
0,131,30,2.1470578706686028,EXECUTE,SUCCESS,5880701,0,0.0
0,132,31,2.1424005227781278,EXECUTE,SUCCESS,5880702,0,0.0
0,133,35,2.0250907387077732,EXECUTE,SUCCESS,5880707,0,0.0
0,134,36,2.020152221987243,EXECUTE,SUCCESS,5880708,0,0.0
0,135,40,2.0152016028179407,EXECUTE,SUCCESS,5880709,0,0.0
0,136,41,2.010238791785692,EXECUTE,SUCCESS,5880710,0,0.0
0,137,42,2.0000168749288094,EXECUTE,SUCCESS,5880713,0,0.0
0,138,44,2.00000562499209,EXECUTE,SUCCESS,5880714,0,0.0
0,139,46,2.0000112499683596,EXECUTE,SUCCESS,5880716,0,0.0
0,140,49,2.00000562499209,EXECUTE,SUCCESS,5880717,0,0.0
0,141,51,2.00000562499209,EXECUTE,SUCCESS,5880718,0,0.0
0,142,52,2.0000468744506965,EXECUTE,SUCCESS,5880721,0,0.0
0,143,54,2.0000468744506965,EXECUTE,SUCCESS,5880724,0,0.0
0,144,55,2.0000937478028376,EXECUTE,SUCCESS,5880730,0,0.0
0,145,56,2.0000937478028376,EXECUTE,SUCCESS,5880736,0,0.0
0,146,57,2.0000937478028376,EXECUTE,SUCCESS,5880742,0,0.0
0,147,58,2.0000937478028376,EXECUTE,SUCCESS,5880748,0,0.0
0,148,61,2.0000468744506965,EXECUTE,SUCCESS,5880751,0,0.0
0,149,62,2.0000468744506965,EXECUTE,SUCCESS,5880754,0,0.0
0,150,63,2.0000937478028376,EXECUTE,SUCCESS,5880760,0,0.0
0,151,64,2.0000937478028376,EXECUTE,SUCCESS,5880766,0,0.0
0,152,65,2.0000337497152394,EXECUTE,SUCCESS,5880772,0,0.0
0,153,66,2.0000337497152394,EXECUTE,SUCCESS,5880778,0,0.0
0,154,68,2.0000112499683596,EXECUTE,SUCCESS,5880780,0,0.0
0,155,69,2.0,EXECUTE,CRASH,5880964,179,0.0111875
0,74,123,2.9779397240374097,EXECUTE,SUCCESS,5960966,0,0.0
0,75,124,2.955714803562753,EXECUTE,SUCCESS,5960968,0,0.0
0,76,127,2.952340173489499,EXECUTE,SUCCESS,5960969,0,0.0
0,77,129,2.9489548996212207,EXECUTE,SUCCESS,5960970,0,0.0
0,78,130,2.945565735134764,EXECUTE,SUCCESS,5960971,0,0.0
0,79,131,2.914540272495819,EXECUTE,SUCCESS,5960974,0,0.0
0,80,132,2.8831601585760027,EXECUTE,SUCCESS,5960977,0,0.0
0,81,133,2.8514347265894058,EXECUTE,SUCCESS,5960980,0,0.0
0,82,134,2.819352319239296,EXECUTE,SUCCESS,5960983,0,0.0
0,83,135,2.786900608202596,EXECUTE,SUCCESS,5960986,0,0.0
0,84,136,2.75406653877498,EXECUTE,SUCCESS,5960989,0,0.0
0,85,138,2.720836268502756,EXECUTE,SUCCESS,5960992,0,0.0
0,86,139,2.6871950989833246,EXECUTE,SUCCESS,5960995,0,0.0
0,87,140,2.653127399881129,EXECUTE,SUCCESS,5960998,0,0.0
0,88,141,2.61861652404471,EXECUTE,SUCCESS,5961001,0,0.0
0,89,145,2.6148068762338834,EXECUTE,SUCCESS,5961002,0,0.0
0,90,147,2.5894516794101414,EXECUTE,SUCCESS,5961004,0,0.0
0,91,149,2.5855913250163876,EXECUTE,SUCCESS,5961005,0,0.0
0,92,151,2.5501666612203993,EXECUTE,SUCCESS,5961008,0,0.0
0,93,152,2.546246747666062,EXECUTE,SUCCESS,5961009,0,0.0
0,94,153,2.542320790144312,EXECUTE,SUCCESS,5961010,0,0.0
0,95,154,2.5383887606117383,EXECUTE,SUCCESS,5961011,0,0.0
0,96,155,2.534450630807394,EXECUTE,SUCCESS,5961012,0,0.0
0,97,158,2.5305063722504233,EXECUTE,SUCCESS,5961013,0,0.0
0,98,159,2.5265638721393917,EXECUTE,SUCCESS,5961014,0,0.0
0,99,160,2.522615210451248,EXECUTE,SUCCESS,5961015,0,0.0
0,100,163,2.518660358206321,EXECUTE,SUCCESS,5961016,0,0.0
0,101,165,2.5146992861970583,EXECUTE,SUCCESS,5961017,0,0.0
0,102,167,2.4782856978161325,EXECUTE,SUCCESS,5961020,0,0.0
0,103,168,2.441329043779227,EXECUTE,SUCCESS,5961023,0,0.0
0,104,169,2.4038042765583043,EXECUTE,SUCCESS,5961026,0,0.0
0,105,171,2.3996536208378054,EXECUTE,SUCCESS,5961027,0,0.0
0,106,174,2.395495773321253,EXECUTE,SUCCESS,5961028,0,0.0
0,107,176,2.391322332936317,EXECUTE,SUCCESS,5961029,0,0.0
0,108,182,2.353000212494676,EXECUTE,SUCCESS,5961032,0,0.0
0,109,183,2.3487597791174792,EXECUTE,SUCCESS,5961033,0,0.0
0,110,186,2.344511676234518,EXECUTE,SUCCESS,5961034,0,0.0
0,111,189,2.3402558620800393,EXECUTE,SUCCESS,5961035,0,0.0
0,112,191,2.335992294507837,EXECUTE,SUCCESS,5961036,0,0.0
0,113,192,2.331720930986379,EXECUTE,SUCCESS,5961037,0,0.0
0,114,193,2.327441728593862,EXECUTE,SUCCESS,5961038,0,0.0
0,115,7,2.3231546440131754,EXECUTE,SUCCESS,5961039,0,0.0
0,116,15,2.215481888890086,EXECUTE,SUCCESS,5961044,0,0.0
0,117,16,2.210968679108771,EXECUTE,SUCCESS,5961045,0,0.0
0,118,17,2.206446237731612,EXECUTE,SUCCESS,5961046,0,0.0
0,119,18,2.201914507877176,EXECUTE,SUCCESS,5961047,0,0.0
0,120,19,2.197382533834286,EXECUTE,SUCCESS,5961048,0,0.0
0,121,20,2.1928411935204033,EXECUTE,SUCCESS,5961049,0,0.0
0,122,21,2.188290428622304,EXECUTE,SUCCESS,5961050,0,0.0
0,123,22,2.183730180219156,EXECUTE,SUCCESS,5961051,0,0.0
0,124,23,2.1791603887736186,EXECUTE,SUCCESS,5961052,0,0.0
0,125,24,2.174580994122773,EXECUTE,SUCCESS,5961053,0,0.0
0,126,25,2.169991935468883,EXECUTE,SUCCESS,5961054,0,0.0
0,127,26,2.165383915152227,EXECUTE,SUCCESS,5961055,0,0.0
0,128,27,2.160766067856488,EXECUTE,SUCCESS,5961056,0,0.0
0,129,28,2.1561383304417157,EXECUTE,SUCCESS,5961057,0,0.0
0,130,29,2.1515006390889098,EXECUTE,SUCCESS,5961058,0,0.0
0,131,30,2.1468622452313952,EXECUTE,SUCCESS,5961059,0,0.0
0,132,31,2.14221380819002,EXECUTE,SUCCESS,5961060,0,0.0
0,133,35,2.0249425917788355,EXECUTE,SUCCESS,5961065,0,0.0
0,134,36,2.0200136138155074,EXECUTE,SUCCESS,5961066,0,0.0
0,135,40,2.015062654112766,EXECUTE,SUCCESS,5961067,0,0.0
0,136,41,2.010099500024808,EXECUTE,SUCCESS,5961068,0,0.0
0,137,42,2.0000468744506965,EXECUTE,SUCCESS,5961071,0,0.0
0,138,44,2.0000156249389653,EXECUTE,SUCCESS,5961072,0,0.0
0,139,46,2.0000112499683596,EXECUTE,SUCCESS,5961074,0,0.0
0,140,49,2.00000562499209,EXECUTE,SUCCESS,5961075,0,0.0
0,141,51,2.00000562499209,EXECUTE,SUCCESS,5961076,0,0.0
0,142,52,2.0000168749288094,EXECUTE,SUCCESS,5961079,0,0.0
0,143,54,2.0000168749288094,EXECUTE,SUCCESS,5961082,0,0.0
0,144,55,2.0000337497152394,EXECUTE,SUCCESS,5961088,0,0.0
0,145,56,2.0000337497152394,EXECUTE,SUCCESS,5961094,0,0.0
0,146,57,2.0000337497152394,EXECUTE,SUCCESS,5961100,0,0.0
0,147,58,2.0000337497152394,EXECUTE,SUCCESS,5961106,0,0.0
0,148,61,2.0000168749288094,EXECUTE,SUCCESS,5961109,0,0.0
0,149,62,2.0000168749288094,EXECUTE,SUCCESS,5961112,0,0.0
0,150,63,2.0000337497152394,EXECUTE,SUCCESS,5961118,0,0.0
0,151,64,2.0000337497152394,EXECUTE,SUCCESS,5961124,0,0.0
0,152,65,2.0000337497152394,EXECUTE,SUCCESS,5961130,0,0.0
0,153,66,2.0000337497152394,EXECUTE,SUCCESS,5961136,0,0.0
0,154,68,2.0000112499683596,EXECUTE,SUCCESS,5961138,0,0.0
0,155,69,2.000028124802249,EXECUTE,SUCCESS,5961143,0,0.0
0,156,70,2.0000937478028376,EXECUTE,SUCCESS,5961149,0,0.0
0,157,71,2.0,EXECUTE,CRASH,5961344,190,0.011875
0,74,123,2.9779397240374097,EXECUTE,SUCCESS,6041346,0,0.0
0,75,124,2.955714803562753,EXECUTE,SUCCESS,6041348,0,0.0
0,76,127,2.952340173489499,EXECUTE,SUCCESS,6041349,0,0.0
0,77,129,2.9489616816771296,EXECUTE,SUCCESS,6041350,0,0.0
0,78,130,2.9455793148377456,EXECUTE,SUCCESS,6041351,0,0.0
0,79,131,2.914553996754907,EXECUTE,SUCCESS,6041354,0,0.0
0,80,132,2.883194842531459,EXECUTE,SUCCESS,6041357,0,0.0
0,81,133,2.8514908381406388,EXECUTE,SUCCESS,6041360,0,0.0
0,82,134,2.8194090692909395,EXECUTE,SUCCESS,6041363,0,0.0
0,83,135,2.7869580190594907,EXECUTE,SUCCESS,6041366,0,0.0
0,84,136,2.7541246340715957,EXECUTE,SUCCESS,6041369,0,0.0
0,85,138,2.7208950733168673,EXECUTE,SUCCESS,6041372,0,0.0
0,86,139,2.687254639962503,EXECUTE,SUCCESS,6041375,0,0.0
0,87,140,2.6531877053838464,EXECUTE,SUCCESS,6041378,0,0.0
0,88,141,2.6186776242981877,EXECUTE,SUCCESS,6041381,0,0.0
0,89,145,2.614860416924773,EXECUTE,SUCCESS,6041382,0,0.0
0,90,147,2.589521191262971,EXECUTE,SUCCESS,6041384,0,0.0
0,91,149,2.5856686756040492,EXECUTE,SUCCESS,6041385,0,0.0
0,92,151,2.550268613303312,EXECUTE,SUCCESS,6041388,0,0.0
0,93,152,2.5463567110677947,EXECUTE,SUCCESS,6041389,0,0.0
0,94,153,2.5424387898236596,EXECUTE,SUCCESS,6041390,0,0.0
0,95,154,2.538514821701854,EXECUTE,SUCCESS,6041391,0,0.0
0,96,155,2.0,EXECUTE,CRASH,6041440,48,0.003
0,74,123,3.0311788135971125,EXECUTE,SUCCESS,6249442,0,0.0
0,75,124,3.0093338133214798,EXECUTE,SUCCESS,6249444,0,0.0
0,76,127,3.0060127245239663,EXECUTE,SUCCESS,6249445,0,0.0
0,77,129,2.0,EXECUTE,CRASH,6249452,6,0.000375
0,74,123,3.0377829086358368,EXECUTE,SUCCESS,6345454,0,0.0
0,75,124,3.0159990053048764,EXECUTE,SUCCESS,6345456,0,0.0
0,76,127,3.012685264012821,EXECUTE,SUCCESS,6345457,0,0.0
0,77,129,3.0093678738233387,EXECUTE,SUCCESS,6345458,0,0.0
0,78,130,3.0060468226559616,EXECUTE,SUCCESS,6345459,0,0.0
0,79,131,2.9756318656715592,EXECUTE,SUCCESS,6345462,0,0.0
0,80,132,2.9449027997541792,EXECUTE,SUCCESS,6345465,0,0.0
0,81,133,2.913849687269404,EXECUTE,SUCCESS,6345468,0,0.0
0,82,134,2.8824620552576237,EXECUTE,SUCCESS,6345471,0,0.0
0,83,135,2.850749901341751,EXECUTE,SUCCESS,6345474,0,0.0
0,84,136,2.8186809858513615,EXECUTE,SUCCESS,6345477,0,0.0
0,85,138,2.786242990121286,EXECUTE,SUCCESS,6345480,0,0.0
0,86,139,2.753401078666166,EXECUTE,SUCCESS,6345483,0,0.0
0,87,140,2.720162678958743,EXECUTE,SUCCESS,6345486,0,0.0
0,88,141,2.686513074600607,EXECUTE,SUCCESS,6345489,0,0.0
0,89,145,2.682792388538481,EXECUTE,SUCCESS,6345490,0,0.0
0,90,147,2.6580857773969613,EXECUTE,SUCCESS,6345492,0,0.0
0,91,149,2.6543252438237492,EXECUTE,SUCCESS,6345493,0,0.0
0,92,151,2.619830147166035,EXECUTE,SUCCESS,6345496,0,0.0
0,93,152,2.6160146215187727,EXECUTE,SUCCESS,6345497,0,0.0
0,94,153,2.612193522693142,EXECUTE,SUCCESS,6345498,0,0.0
0,95,154,2.608366826196041,EXECUTE,SUCCESS,6345499,0,0.0
0,96,155,2.6045345073544346,EXECUTE,SUCCESS,6345500,0,0.0
0,97,158,2.6006965413135013,EXECUTE,SUCCESS,6345501,0,0.0
0,98,159,2.59685290303475,EXECUTE,SUCCESS,6345502,0,0.0
0,99,160,2.593011280345692,EXECUTE,SUCCESS,6345503,0,0.0
0,100,163,2.5891562332157565,EXECUTE,SUCCESS,6345504,0,0.0
0,101,165,2.5852954376627837,EXECUTE,SUCCESS,6345505,0,0.0
0,102,167,2.5498666631806466,EXECUTE,SUCCESS,6345508,0,0.0
0,103,168,2.5139386428471173,EXECUTE,SUCCESS,6345511,0,0.0
0,104,169,2.477489656890621,EXECUTE,SUCCESS,6345514,0,0.0
0,105,171,2.4734626538518842,EXECUTE,SUCCESS,6345515,0,0.0
0,106,174,2.469429083816744,EXECUTE,SUCCESS,6345516,0,0.0
0,107,176,2.4653808022291406,EXECUTE,SUCCESS,6345517,0,0.0
0,108,182,2.428227748791287,EXECUTE,SUCCESS,6345520,0,0.0
0,109,183,2.4241106616654284,EXECUTE,SUCCESS,6345521,0,0.0
0,110,186,2.4199865702106695,EXECUTE,SUCCESS,6345522,0,0.0
0,111,189,2.4158554385558753,EXECUTE,SUCCESS,6345523,0,0.0
0,112,191,2.411717230522683,EXECUTE,SUCCESS,6345524,0,0.0
0,113,192,2.4075719096218084,EXECUTE,SUCCESS,6345525,0,0.0
0,114,193,2.4034277605120566,EXECUTE,SUCCESS,6345526,0,0.0
0,115,7,2.39927645343341,EXECUTE,SUCCESS,6345527,0,0.0
0,116,15,2.2951339830171142,EXECUTE,SUCCESS,6345532,0,0.0
0,117,16,2.290777706369608,EXECUTE,SUCCESS,6345533,0,0.0
0,118,17,2.286413129773358,EXECUTE,SUCCESS,6345534,0,0.0
0,119,18,2.282048969676155,EXECUTE,SUCCESS,6345535,0,0.0
0,120,19,2.2776676667152302,EXECUTE,SUCCESS,6345536,0,0.0
0,121,20,2.2732779196569877,EXECUTE,SUCCESS,6345537,0,0.0
0,122,21,2.2688796794894173,EXECUTE,SUCCESS,6345538,0,0.0
0,123,22,2.2644728967245333,EXECUTE,SUCCESS,6345539,0,0.0
0,124,23,2.260057521391878,EXECUTE,SUCCESS,6345540,0,0.0
0,125,24,2.2556335030319086,EXECUTE,SUCCESS,6345541,0,0.0
0,126,25,2.251200790689271,EXECUTE,SUCCESS,6345542,0,0.0
0,127,26,2.2467682345983078,EXECUTE,SUCCESS,6345543,0,0.0
0,128,27,2.242317997073563,EXECUTE,SUCCESS,6345544,0,0.0
0,129,28,2.2378589097617385,EXECUTE,SUCCESS,6345545,0,0.0
0,130,29,2.23339091965558,EXECUTE,SUCCESS,6345546,0,0.0
0,131,30,2.2289139732165526,EXECUTE,SUCCESS,6345547,0,0.0
0,132,31,2.2244280163673533,EXECUTE,SUCCESS,6345548,0,0.0
0,133,35,2.1116800183739954,EXECUTE,SUCCESS,6345553,0,0.0
0,134,36,2.1069444700798354,EXECUTE,SUCCESS,6345554,0,0.0
0,135,40,2.10219825420915,EXECUTE,SUCCESS,6345555,0,0.0
0,136,41,2.0974412983442465,EXECUTE,SUCCESS,6345556,0,0.0
0,137,42,2.0427499847019943,EXECUTE,SUCCESS,6345559,0,0.0
0,138,44,2.0,EXECUTE,CRASH,6345668,108,0.00675
0,74,123,3.1093608668020516,EXECUTE,SUCCESS,6489670,0,0.0
0,75,124,3.0880819289649692,EXECUTE,SUCCESS,6489672,0,0.0
0,76,127,3.0848521034240854,EXECUTE,SUCCESS,6489673,0,0.0
0,77,129,3.0816188927250563,EXECUTE,SUCCESS,6489674,0,0.0
0,78,130,3.0783822862016343,EXECUTE,SUCCESS,6489675,0,0.0
0,79,131,3.04870874305828,EXECUTE,SUCCESS,6489678,0,0.0
0,80,132,3.01874353001377,EXECUTE,SUCCESS,6489681,0,0.0
0,81,133,2.988457796255452,EXECUTE,SUCCESS,6489684,0,0.0
0,82,134,2.957861981229008,EXECUTE,SUCCESS,6489687,0,0.0
0,83,135,2.926946360970763,EXECUTE,SUCCESS,6489690,0,0.0
0,84,136,2.8957006924058972,EXECUTE,SUCCESS,6489693,0,0.0
0,85,138,2.864135122510806,EXECUTE,SUCCESS,6489696,0,0.0
0,86,139,2.8322177705819143,EXECUTE,SUCCESS,6489699,0,0.0
0,87,140,2.799936606425222,EXECUTE,SUCCESS,6489702,0,0.0
0,88,141,2.767278898123568,EXECUTE,SUCCESS,6489705,0,0.0
0,89,145,2.763674184848856,EXECUTE,SUCCESS,6489706,0,0.0
0,90,147,2.7397116636609753,EXECUTE,SUCCESS,6489708,0,0.0
0,91,149,2.7360706313982446,EXECUTE,SUCCESS,6489709,0,0.0
0,92,151,2.7026413006538603,EXECUTE,SUCCESS,6489712,0,0.0
0,93,152,2.6989502588969643,EXECUTE,SUCCESS,6489713,0,0.0
0,94,153,2.6952541624121444,EXECUTE,SUCCESS,6489714,0,0.0
0,95,154,2.6915529903756292,EXECUTE,SUCCESS,6489715,0,0.0
0,96,155,2.6878392809094804,EXECUTE,SUCCESS,6489716,0,0.0
0,97,158,2.6841278844347176,EXECUTE,SUCCESS,6489717,0,0.0
0,98,159,2.6804113490283523,EXECUTE,SUCCESS,6489718,0,0.0
0,99,160,2.6766896532844426,EXECUTE,SUCCESS,6489719,0,0.0
0,100,163,2.672962775648024,EXECUTE,SUCCESS,6489720,0,0.0
0,101,165,2.669230694413652,EXECUTE,SUCCESS,6489721,0,0.0
0,102,167,2.634953510026313,EXECUTE,SUCCESS,6489724,0,0.0
0,103,168,2.6002245095375875,EXECUTE,SUCCESS,6489727,0,0.0
0,104,169,2.565025341005423,EXECUTE,SUCCESS,6489730,0,0.0
0,105,171,2.561128169381608,EXECUTE,SUCCESS,6489731,0,0.0
0,106,174,2.5572250585351277,EXECUTE,SUCCESS,6489732,0,0.0
0,107,176,2.5533159812291126,EXECUTE,SUCCESS,6489733,0,0.0
0,108,182,2.5174371888887292,EXECUTE,SUCCESS,6489736,0,0.0
0,109,183,2.513474189244836,EXECUTE,SUCCESS,6489737,0,0.0
0,110,186,2.509504931256359,EXECUTE,SUCCESS,6489738,0,0.0
0,111,189,2.5055293851799028,EXECUTE,SUCCESS,6489739,0,0.0
0,112,191,2.5015475210357248,EXECUTE,SUCCESS,6489740,0,0.0
0,113,192,2.4975593086050987,EXECUTE,SUCCESS,6489741,0,0.0
0,114,193,2.0,EXECUTE,CRASH,6489816,74,0.004625
0,74,123,3.0377829086358363,EXECUTE,SUCCESS,6585818,0,0.0
0,75,124,3.0159990053048764,EXECUTE,SUCCESS,6585820,0,0.0
0,76,127,3.012691902601393,EXECUTE,SUCCESS,6585821,0,0.0
0,77,129,3.009381165621929,EXECUTE,SUCCESS,6585822,0,0.0
0,78,130,3.0060667823586353,EXECUTE,SUCCESS,6585823,0,0.0
0,79,131,2.9756721929674983,EXECUTE,SUCCESS,6585826,0,0.0
0,80,132,2.9449639216805354,EXECUTE,SUCCESS,6585829,0,0.0
0,81,133,2.9139320513697635,EXECUTE,SUCCESS,6585832,0,0.0
0,82,134,2.8825661310714104,EXECUTE,SUCCESS,6585835,0,0.0
0,83,135,2.850855134867431,EXECUTE,SUCCESS,6585838,0,0.0
0,84,136,2.818787416603104,EXECUTE,SUCCESS,6585841,0,0.0
0,85,138,2.786350659913429,EXECUTE,SUCCESS,6585844,0,0.0
0,86,139,2.7535318229503,EXECUTE,SUCCESS,6585847,0,0.0
0,87,140,2.7203170771070053,EXECUTE,SUCCESS,6585850,0,0.0
0,88,141,2.6866917389235407,EXECUTE,SUCCESS,6585853,0,0.0
0,89,145,2.6829713006292106,EXECUTE,SUCCESS,6585854,0,0.0
0,90,147,2.658281399701694,EXECUTE,SUCCESS,6585856,0,0.0
0,91,149,2.6545286775621766,EXECUTE,SUCCESS,6585857,0,0.0
0,92,151,2.6200591596374307,EXECUTE,SUCCESS,6585860,0,0.0
0,93,152,2.6162516125174196,EXECUTE,SUCCESS,6585861,0,0.0
0,94,153,2.612438516022913,EXECUTE,SUCCESS,6585862,0,0.0
0,95,154,2.608619845818857,EXECUTE,SUCCESS,6585863,0,0.0
0,96,155,2.604795577391822,EXECUTE,SUCCESS,6585864,0,0.0
0,97,158,2.6009656860481636,EXECUTE,SUCCESS,6585865,0,0.0
0,98,159,2.597130146912163,EXECUTE,SUCCESS,6585866,0,0.0
0,99,160,2.5932812226983777,EXECUTE,SUCCESS,6585867,0,0.0
0,100,163,2.589434301155369,EXECUTE,SUCCESS,6585868,0,0.0
0,101,165,2.5855816560302234,EXECUTE,SUCCESS,6585869,0,0.0
0,102,167,2.5501803857766596,EXECUTE,SUCCESS,6585872,0,0.0
0,103,168,2.514256848454428,EXECUTE,SUCCESS,6585875,0,0.0
0,104,169,2.4778125433535103,EXECUTE,SUCCESS,6585878,0,0.0
0,105,171,2.4737779811454366,EXECUTE,SUCCESS,6585879,0,0.0
0,106,174,2.4697368280851286,EXECUTE,SUCCESS,6585880,0,0.0
0,107,176,2.465697163075789,EXECUTE,SUCCESS,6585881,0,0.0
0,108,182,2.428548949475796,EXECUTE,SUCCESS,6585884,0,0.0
0,109,183,2.424440657141352,EXECUTE,SUCCESS,6585885,0,0.0
0,110,186,2.4203253913472027,EXECUTE,SUCCESS,6585886,0,0.0
0,111,189,2.416203116461857,EXECUTE,SUCCESS,6585887,0,0.0
0,112,191,2.4120655049148207,EXECUTE,SUCCESS,6585888,0,0.0
0,113,192,2.40792078358072,EXECUTE,SUCCESS,6585889,0,0.0
0,114,193,2.403768915682202,EXECUTE,SUCCESS,6585890,0,0.0
0,115,7,2.399609864123747,EXECUTE,SUCCESS,6585891,0,0.0
0,116,15,2.2955260834937135,EXECUTE,SUCCESS,6585896,0,0.0
0,117,16,2.291179281505484,EXECUTE,SUCCESS,6585897,0,0.0
0,118,17,2.2868154713487456,EXECUTE,SUCCESS,6585898,0,0.0
0,119,18,2.28244331802566,EXECUTE,SUCCESS,6585899,0,0.0
0,120,19,2.278062773498567,EXECUTE,SUCCESS,6585900,0,0.0
0,121,20,2.273673789267049,EXECUTE,SUCCESS,6585901,0,0.0
0,122,21,2.269276316361668,EXECUTE,SUCCESS,6585902,0,0.0
0,123,22,2.2648703053375883,EXECUTE,SUCCESS,6585903,0,0.0
0,124,23,2.2604557062680923,EXECUTE,SUCCESS,6585904,0,0.0
0,125,24,2.2560413338411993,EXECUTE,SUCCESS,6585905,0,0.0
0,126,25,2.2516183069072735,EXECUTE,SUCCESS,6585906,0,0.0
0,127,26,2.247186574363592,EXECUTE,SUCCESS,6585907,0,0.0
0,128,27,2.2427460846025293,EXECUTE,SUCCESS,6585908,0,0.0
0,129,28,2.2382967855045437,EXECUTE,SUCCESS,6585909,0,0.0
0,130,29,2.2338386244310424,EXECUTE,SUCCESS,6585910,0,0.0
0,131,30,2.2293625770609795,EXECUTE,SUCCESS,6585911,0,0.0
0,132,31,2.224877524719051,EXECUTE,SUCCESS,6585912,0,0.0
0,133,35,2.1121535218823397,EXECUTE,SUCCESS,6585917,0,0.0
0,134,36,2.1074190375907618,EXECUTE,SUCCESS,6585918,0,0.0
0,135,40,2.102673892927758,EXECUTE,SUCCESS,6585919,0,0.0
0,136,41,2.0979180155573225,EXECUTE,SUCCESS,6585920,0,0.0
0,137,42,2.0432394622265826,EXECUTE,SUCCESS,6585923,0,0.0
0,138,44,2.038344916838162,EXECUTE,SUCCESS,6585924,0,0.0
0,139,46,2.0211123175123085,EXECUTE,SUCCESS,6585926,0,0.0
0,140,49,2.0161640558248166,EXECUTE,SUCCESS,6585927,0,0.0
0,141,51,2.011203619726251,EXECUTE,SUCCESS,6585928,0,0.0
0,142,52,2.0000168749288094,EXECUTE,SUCCESS,6585931,0,0.0
0,143,54,2.0000168749288094,EXECUTE,SUCCESS,6585934,0,0.0
0,144,55,2.0000337497152394,EXECUTE,SUCCESS,6585940,0,0.0
0,145,56,2.0000937478028376,EXECUTE,SUCCESS,6585946,0,0.0
0,146,57,2.0000937478028376,EXECUTE,SUCCESS,6585952,0,0.0
0,147,58,2.0000937478028376,EXECUTE,SUCCESS,6585958,0,0.0
0,148,61,2.0000468744506965,EXECUTE,SUCCESS,6585961,0,0.0
0,149,62,2.0000468744506965,EXECUTE,SUCCESS,6585964,0,0.0
0,150,63,2.0000937478028376,EXECUTE,SUCCESS,6585970,0,0.0
0,151,64,2.0000337497152394,EXECUTE,SUCCESS,6585976,0,0.0
0,152,65,2.0000337497152394,EXECUTE,SUCCESS,6585982,0,0.0
0,153,66,2.0000337497152394,EXECUTE,SUCCESS,6585988,0,0.0
0,154,68,2.0000112499683596,EXECUTE,SUCCESS,6585990,0,0.0
0,155,69,2.000028124802249,EXECUTE,SUCCESS,6585995,0,0.0
0,156,70,2.0000337497152394,EXECUTE,SUCCESS,6586001,0,0.0
0,157,71,2.000028124802249,EXECUTE,SUCCESS,6586006,0,0.0
0,158,72,2.000028124802249,EXECUTE,SUCCESS,6586011,0,0.0
0,159,73,2.000028124802249,EXECUTE,SUCCESS,6586016,0,0.0
0,160,76,2.0000168749288094,EXECUTE,SUCCESS,6586019,0,0.0
0,161,77,2.0000337497152394,EXECUTE,SUCCESS,6586025,0,0.0
0,162,78,2.0000937478028376,EXECUTE,SUCCESS,6586031,0,0.0
0,163,79,2.0000937478028376,EXECUTE,SUCCESS,6586037,0,0.0
0,164,80,2.0000337497152394,EXECUTE,SUCCESS,6586043,0,0.0
0,165,84,2.00000562499209,EXECUTE,SUCCESS,6586044,0,0.0
0,166,86,2.00000562499209,EXECUTE,SUCCESS,6586045,0,0.0
0,167,87,2.0000168749288094,EXECUTE,SUCCESS,6586048,0,0.0
0,168,88,2.0000337497152394,EXECUTE,SUCCESS,6586054,0,0.0
0,169,92,2.00000562499209,EXECUTE,SUCCESS,6586055,0,0.0
0,170,94,2.00000562499209,EXECUTE,SUCCESS,6586056,0,0.0
0,171,95,2.0000468744506965,EXECUTE,SUCCESS,6586059,0,0.0
0,172,96,2.0000781234741805,EXECUTE,SUCCESS,6586064,0,0.0
0,173,100,2.0000156249389653,EXECUTE,SUCCESS,6586065,0,0.0
0,174,102,2.00000562499209,EXECUTE,SUCCESS,6586066,0,0.0
0,175,105,2.0000112499683596,EXECUTE,SUCCESS,6586068,0,0.0
0,176,106,2.0000112499683596,EXECUTE,SUCCESS,6586070,0,0.0
0,177,107,2.0000112499683596,EXECUTE,SUCCESS,6586072,0,0.0
0,178,108,2.0000112499683596,EXECUTE,SUCCESS,6586074,0,0.0
0,179,109,2.000031249755863,EXECUTE,SUCCESS,6586076,0,0.0
0,180,112,2.000031249755863,EXECUTE,SUCCESS,6586078,0,0.0
0,181,113,2.000031249755863,EXECUTE,SUCCESS,6586080,0,0.0
0,182,114,2.000031249755863,EXECUTE,SUCCESS,6586082,0,0.0
0,183,115,2.000031249755863,EXECUTE,SUCCESS,6586084,0,0.0
0,184,116,2.000031249755863,EXECUTE,SUCCESS,6586086,0,0.0
0,185,117,2.000031249755863,EXECUTE,SUCCESS,6586088,0,0.0
0,186,120,2.000031249755863,EXECUTE,SUCCESS,6586090,0,0.0
0,187,121,2.000031249755863,EXECUTE,SUCCESS,6586092,0,0.0
0,188,122,2.000031249755863,EXECUTE,SUCCESS,6586094,0,0.0
0,189,123,2.000031249755863,EXECUTE,SUCCESS,6586096,0,0.0
0,190,124,2.000031249755863,EXECUTE,SUCCESS,6586098,0,0.0
0,191,127,2.0000156249389653,EXECUTE,SUCCESS,6586099,0,0.0
0,192,129,2.0000156249389653,EXECUTE,SUCCESS,6586100,0,0.0
0,193,130,2.00000562499209,EXECUTE,SUCCESS,6586101,0,0.0
0,194,131,2.0000168749288094,EXECUTE,SUCCESS,6586104,0,0.0
0,195,132,2.0000168749288094,EXECUTE,SUCCESS,6586107,0,0.0
0,196,133,2.0000168749288094,EXECUTE,SUCCESS,6586110,0,0.0
0,197,134,2.0000168749288094,EXECUTE,SUCCESS,6586113,0,0.0
0,198,135,2.0000168749288094,EXECUTE,SUCCESS,6586116,0,0.0
0,199,136,2.0000468744506965,EXECUTE,SUCCESS,6586119,0,0.0
0,200,138,2.0000168749288094,EXECUTE,SUCCESS,6586122,0,0.0
0,201,139,2.0000168749288094,EXECUTE,SUCCESS,6586125,0,0.0
0,202,140,2.0000168749288094,EXECUTE,SUCCESS,6586128,0,0.0
0,203,141,2.0000468744506965,EXECUTE,SUCCESS,6586131,0,0.0
0,204,145,2.00000562499209,EXECUTE,SUCCESS,6586132,0,0.0
0,205,147,2.0000112499683596,EXECUTE,SUCCESS,6586134,0,0.0
0,206,149,2.00000562499209,EXECUTE,SUCCESS,6586135,0,0.0
0,207,151,2.0000468744506965,EXECUTE,SUCCESS,6586138,0,0.0
0,208,152,2.0000156249389653,EXECUTE,SUCCESS,6586139,0,0.0
0,209,153,2.0000156249389653,EXECUTE,SUCCESS,6586140,0,0.0
0,210,154,2.0000156249389653,EXECUTE,SUCCESS,6586141,0,0.0
0,211,155,2.0000156249389653,EXECUTE,SUCCESS,6586142,0,0.0
0,212,158,2.0000156249389653,EXECUTE,SUCCESS,6586143,0,0.0
0,213,159,2.0000156249389653,EXECUTE,SUCCESS,6586144,0,0.0
0,214,160,2.0000156249389653,EXECUTE,SUCCESS,6586145,0,0.0
0,215,163,2.0000156249389653,EXECUTE,SUCCESS,6586146,0,0.0
0,216,165,2.0000156249389653,EXECUTE,SUCCESS,6586147,0,0.0
0,217,167,2.0000468744506965,EXECUTE,SUCCESS,6586150,0,0.0
0,218,168,2.0000468744506965,EXECUTE,SUCCESS,6586153,0,0.0
0,219,169,2.0000468744506965,EXECUTE,SUCCESS,6586156,0,0.0
0,220,171,2.0000156249389653,EXECUTE,SUCCESS,6586157,0,0.0
0,221,174,2.00000562499209,EXECUTE,SUCCESS,6586158,0,0.0
0,222,176,2.00000562499209,EXECUTE,SUCCESS,6586159,0,0.0
0,223,182,2.0000168749288094,EXECUTE,SUCCESS,6586162,0,0.0
0,224,183,2.00000562499209,EXECUTE,SUCCESS,6586163,0,0.0
0,225,186,2.0000156249389653,EXECUTE,SUCCESS,6586164,0,0.0
0,226,189,2.0000156249389653,EXECUTE,SUCCESS,6586165,0,0.0
0,227,191,2.0000156249389653,EXECUTE,SUCCESS,6586166,0,0.0
0,228,192,2.0000156249389653,EXECUTE,SUCCESS,6586167,0,0.0
0,229,193,2.0000156249389653,EXECUTE,SUCCESS,6586168,0,0.0
0,230,7,2.0000156249389653,EXECUTE,SUCCESS,6586169,0,0.0
0,231,15,2.0000781234741805,EXECUTE,SUCCESS,6586174,0,0.0
0,232,16,2.0000156249389653,EXECUTE,SUCCESS,6586175,0,0.0
0,233,17,2.0000156249389653,EXECUTE,SUCCESS,6586176,0,0.0
0,234,18,2.00000562499209,EXECUTE,SUCCESS,6586177,0,0.0
0,235,19,2.00000562499209,EXECUTE,SUCCESS,6586178,0,0.0
0,236,20,2.0000156249389653,EXECUTE,SUCCESS,6586179,0,0.0
0,237,21,2.0,EXECUTE,CRASH,6586544,364,0.02275
0,74,123,2.9846348185330824,EXECUTE,SUCCESS,7018546,0,0.0
0,75,124,2.9624466239917315,EXECUTE,SUCCESS,7018548,0,0.0
0,76,127,2.959072912248025,EXECUTE,SUCCESS,7018549,0,0.0
0,77,129,2.955695349659705,EXECUTE,SUCCESS,7018550,0,0.0
0,78,130,2.952313923010222,EXECUTE,SUCCESS,7018551,0,0.0
0,79,131,2.9213395899826518,EXECUTE,SUCCESS,7018554,0,0.0
0,80,132,2.890033304306372,EXECUTE,SUCCESS,7018557,0,0.0
0,81,133,2.8583841589261594,EXECUTE,SUCCESS,7018560,0,0.0
0,82,134,2.0,EXECUTE,CRASH,7018582,19,0.0011875
0,74,123,2.9846348185330824,EXECUTE,SUCCESS,7242584,0,0.0
0,75,124,2.0,EXECUTE,CRASH,7242590,4,0.00025
0,74,123,3.077031849038941,EXECUTE,SUCCESS,7434592,0,0.0
0,75,124,3.05551468659537,EXECUTE,SUCCESS,7434594,0,0.0
0,76,127,3.0522438467461934,EXECUTE,SUCCESS,7434595,0,0.0
0,77,129,3.04897605762984,EXECUTE,SUCCESS,7434596,0,0.0
0,78,130,3.0456981958165197,EXECUTE,SUCCESS,7434597,0,0.0
0,79,131,3.0157030689376567,EXECUTE,SUCCESS,7434600,0,0.0
0,80,132,2.9854065887245573,EXECUTE,SUCCESS,7434603,0,0.0
0,81,133,2.9547994855827353,EXECUTE,SUCCESS,7434606,0,0.0
0,82,134,2.9238720047225044,EXECUTE,SUCCESS,7434609,0,0.0
0,83,135,2.8926138698415995,EXECUTE,SUCCESS,7434612,0,0.0
0,84,136,2.8610142432361276,EXECUTE,SUCCESS,7434615,0,0.0
0,85,138,2.8290616819009076,EXECUTE,SUCCESS,7434618,0,0.0
0,86,139,2.7967440891150535,EXECUTE,SUCCESS,7434621,0,0.0
0,87,140,2.7640486609320014,EXECUTE,SUCCESS,7434624,0,0.0
0,88,141,2.730961826902747,EXECUTE,SUCCESS,7434627,0,0.0
0,89,145,2.727301780148282,EXECUTE,SUCCESS,7434628,0,0.0
0,90,147,2.703016833095937,EXECUTE,SUCCESS,7434630,0,0.0
0,91,149,2.699326304839781,EXECUTE,SUCCESS,7434631,0,0.0
0,92,151,2.665436174437495,EXECUTE,SUCCESS,7434634,0,0.0
0,93,152,2.6616935398351154,EXECUTE,SUCCESS,7434635,0,0.0
0,94,153,2.657945635260433,EXECUTE,SUCCESS,7434636,0,0.0
0,95,154,2.0,EXECUTE,CRASH,7434684,47,0.0029375
0,74,123,3.096456846138825,EXECUTE,SUCCESS,7546686,0,0.0
0,75,124,3.0750756088265536,EXECUTE,SUCCESS,7546688,0,0.0
0,76,127,3.0718255972629698,EXECUTE,SUCCESS,7546689,0,0.0
0,77,129,3.06857214352213,EXECUTE,SUCCESS,7546690,0,0.0
0,78,130,3.065315236643696,EXECUTE,SUCCESS,7546691,0,0.0
0,79,131,3.0354941937022377,EXECUTE,SUCCESS,7546694,0,0.0
0,80,132,3.005377264171671,EXECUTE,SUCCESS,7546697,0,0.0
0,81,133,2.974975630152287,EXECUTE,SUCCESS,7546700,0,0.0
0,82,134,2.944260093809648,EXECUTE,SUCCESS,7546703,0,0.0
0,83,135,2.9132207262753016,EXECUTE,SUCCESS,7546706,0,0.0
0,84,136,2.8818470639504787,EXECUTE,SUCCESS,7546709,0,0.0
0,85,138,2.8501280672980287,EXECUTE,SUCCESS,7546712,0,0.0
0,86,139,2.8180520754592164,EXECUTE,SUCCESS,7546715,0,0.0
0,87,140,2.7856067561664184,EXECUTE,SUCCESS,7546718,0,0.0
0,88,141,2.7527790503416716,EXECUTE,SUCCESS,7546721,0,0.0
0,89,145,2.749155324822516,EXECUTE,SUCCESS,7546722,0,0.0
0,90,147,2.725050458248433,EXECUTE,SUCCESS,7546724,0,0.0
0,91,149,2.721382461176671,EXECUTE,SUCCESS,7546725,0,0.0
0,92,151,2.6877704515080887,EXECUTE,SUCCESS,7546728,0,0.0
0,93,152,2.684058959859115,EXECUTE,SUCCESS,7546729,0,0.0
0,94,153,2.6803423288826362,EXECUTE,SUCCESS,7546730,0,0.0
0,95,154,2.0039960079800556,CHECKPOINT,SUCCESS,7546986,0,0.0
0,95,154,2.0000156249389653,EXECUTE,SUCCESS,7546987,0,0.0
0,96,155,2.0000156249389653,EXECUTE,SUCCESS,7546988,0,0.0
0,97,158,2.0000156249389653,EXECUTE,SUCCESS,7546989,0,0.0
0,98,159,2.0000156249389653,EXECUTE,SUCCESS,7546990,0,0.0
0,99,160,2.0000156249389653,EXECUTE,SUCCESS,7546991,0,0.0
0,100,163,2.0000156249389653,EXECUTE,SUCCESS,7546992,0,0.0
0,101,165,2.0000156249389653,EXECUTE,SUCCESS,7546993,0,0.0
0,102,167,2.0000468744506965,EXECUTE,SUCCESS,7546996,0,0.0
0,103,168,2.0000468744506965,EXECUTE,SUCCESS,7546999,0,0.0
0,104,169,2.0000468744506965,EXECUTE,SUCCESS,7547002,0,0.0
0,105,171,2.00000562499209,EXECUTE,SUCCESS,7547003,0,0.0
0,106,174,2.00000562499209,EXECUTE,SUCCESS,7547004,0,0.0
0,107,176,2.00000562499209,EXECUTE,SUCCESS,7547005,0,0.0
0,108,182,2.0000168749288094,EXECUTE,SUCCESS,7547008,0,0.0
0,109,183,2.00000562499209,EXECUTE,SUCCESS,7547009,0,0.0
0,110,186,2.00000562499209,EXECUTE,SUCCESS,7547010,0,0.0
0,111,189,2.00000562499209,EXECUTE,SUCCESS,7547011,0,0.0
0,112,191,2.0000156249389653,EXECUTE,SUCCESS,7547012,0,0.0
0,113,192,2.0000156249389653,EXECUTE,SUCCESS,7547013,0,0.0
0,114,193,2.0000156249389653,EXECUTE,SUCCESS,7547014,0,0.0
0,115,7,2.0000156249389653,EXECUTE,SUCCESS,7547015,0,0.0
0,116,15,2.0000781234741805,EXECUTE,SUCCESS,7547020,0,0.0
0,117,16,2.0000156249389653,EXECUTE,SUCCESS,7547021,0,0.0
0,118,17,2.00000562499209,EXECUTE,SUCCESS,7547022,0,0.0
0,119,18,2.00000562499209,EXECUTE,SUCCESS,7547023,0,0.0
0,120,19,2.00000562499209,EXECUTE,SUCCESS,7547024,0,0.0
0,121,20,2.00000562499209,EXECUTE,SUCCESS,7547025,0,0.0
0,122,21,2.00000562499209,EXECUTE,SUCCESS,7547026,0,0.0
0,123,22,2.0000156249389653,EXECUTE,SUCCESS,7547027,0,0.0
0,124,23,2.0000156249389653,EXECUTE,SUCCESS,7547028,0,0.0
0,125,24,2.0000156249389653,EXECUTE,SUCCESS,7547029,0,0.0
0,126,25,2.0000156249389653,EXECUTE,SUCCESS,7547030,0,0.0
0,127,26,2.0000156249389653,EXECUTE,SUCCESS,7547031,0,0.0
0,128,27,2.0000156249389653,EXECUTE,SUCCESS,7547032,0,0.0
0,129,28,2.00000562499209,EXECUTE,SUCCESS,7547033,0,0.0
0,130,29,2.00000562499209,EXECUTE,SUCCESS,7547034,0,0.0
0,131,30,2.00000562499209,EXECUTE,SUCCESS,7547035,0,0.0
0,132,31,2.0000156249389653,EXECUTE,SUCCESS,7547036,0,0.0
0,133,35,2.0000781234741805,EXECUTE,SUCCESS,7547041,0,0.0
0,134,36,2.0000156249389653,EXECUTE,SUCCESS,7547042,0,0.0
0,135,40,2.00000562499209,EXECUTE,SUCCESS,7547043,0,0.0
0,136,41,2.00000562499209,EXECUTE,SUCCESS,7547044,0,0.0
0,137,42,2.0000468744506965,EXECUTE,SUCCESS,7547047,0,0.0
0,138,44,2.0000156249389653,EXECUTE,SUCCESS,7547048,0,0.0
0,139,46,2.000031249755863,EXECUTE,SUCCESS,7547050,0,0.0
0,140,49,2.00000562499209,EXECUTE,SUCCESS,7547051,0,0.0
0,141,51,2.00000562499209,EXECUTE,SUCCESS,7547052,0,0.0
0,142,52,2.0000168749288094,EXECUTE,SUCCESS,7547055,0,0.0
0,143,54,2.0000168749288094,EXECUTE,SUCCESS,7547058,0,0.0
0,144,55,2.0000337497152394,EXECUTE,SUCCESS,7547064,0,0.0
0,145,56,2.0000337497152394,EXECUTE,SUCCESS,7547070,0,0.0
0,146,57,2.0000337497152394,EXECUTE,SUCCESS,7547076,0,0.0
0,147,58,2.0000937478028376,EXECUTE,SUCCESS,7547082,0,0.0
0,148,61,2.0000468744506965,EXECUTE,SUCCESS,7547085,0,0.0
0,149,62,2.0000468744506965,EXECUTE,SUCCESS,7547088,0,0.0
0,150,63,2.0000337497152394,EXECUTE,SUCCESS,7547094,0,0.0
0,151,64,2.0000337497152394,EXECUTE,SUCCESS,7547100,0,0.0
0,152,65,2.0000937478028376,EXECUTE,SUCCESS,7547106,0,0.0
0,153,66,2.0000937478028376,EXECUTE,SUCCESS,7547112,0,0.0
0,154,68,2.0000112499683596,EXECUTE,SUCCESS,7547114,0,0.0
0,155,69,2.000028124802249,EXECUTE,SUCCESS,7547119,0,0.0
0,156,70,2.0000937478028376,EXECUTE,SUCCESS,7547125,0,0.0
0,157,71,2.0000781234741805,EXECUTE,SUCCESS,7547130,0,0.0
0,158,72,2.0000781234741805,EXECUTE,SUCCESS,7547135,0,0.0
0,159,73,2.0000781234741805,EXECUTE,SUCCESS,7547140,0,0.0
0,160,76,2.0000468744506965,EXECUTE,SUCCESS,7547143,0,0.0
0,161,77,2.0000937478028376,EXECUTE,SUCCESS,7547149,0,0.0
0,162,78,2.0000337497152394,EXECUTE,SUCCESS,7547155,0,0.0
0,163,79,2.0000337497152394,EXECUTE,SUCCESS,7547161,0,0.0
0,164,80,2.0000337497152394,EXECUTE,SUCCESS,7547167,0,0.0
0,165,84,2.00000562499209,EXECUTE,SUCCESS,7547168,0,0.0
0,166,86,2.00000562499209,EXECUTE,SUCCESS,7547169,0,0.0
0,167,87,2.0000168749288094,EXECUTE,SUCCESS,7547172,0,0.0
0,168,88,2.0000337497152394,EXECUTE,SUCCESS,7547178,0,0.0
0,169,92,2.0000156249389653,EXECUTE,SUCCESS,7547179,0,0.0
0,170,94,2.0000156249389653,EXECUTE,SUCCESS,7547180,0,0.0
0,171,95,2.0000468744506965,EXECUTE,SUCCESS,7547183,0,0.0
0,172,96,2.0000781234741805,EXECUTE,SUCCESS,7547188,0,0.0
0,173,100,2.0000156249389653,EXECUTE,SUCCESS,7547189,0,0.0
0,174,102,2.0000156249389653,EXECUTE,SUCCESS,7547190,0,0.0
0,175,105,2.000031249755863,EXECUTE,SUCCESS,7547192,0,0.0
0,176,106,2.000031249755863,EXECUTE,SUCCESS,7547194,0,0.0
0,177,107,2.0000112499683596,EXECUTE,SUCCESS,7547196,0,0.0
0,178,108,2.0000112499683596,EXECUTE,SUCCESS,7547198,0,0.0
0,179,109,2.0000112499683596,EXECUTE,SUCCESS,7547200,0,0.0
0,180,112,2.0000112499683596,EXECUTE,SUCCESS,7547202,0,0.0
0,181,113,2.0000112499683596,EXECUTE,SUCCESS,7547204,0,0.0
0,182,114,2.000031249755863,EXECUTE,SUCCESS,7547206,0,0.0
0,183,115,2.000031249755863,EXECUTE,SUCCESS,7547208,0,0.0
0,184,116,2.000031249755863,EXECUTE,SUCCESS,7547210,0,0.0
0,185,117,2.000031249755863,EXECUTE,SUCCESS,7547212,0,0.0
0,186,120,2.000031249755863,EXECUTE,SUCCESS,7547214,0,0.0
0,187,121,2.000031249755863,EXECUTE,SUCCESS,7547216,0,0.0
0,188,122,2.000031249755863,EXECUTE,SUCCESS,7547218,0,0.0
0,189,123,2.000031249755863,EXECUTE,SUCCESS,7547220,0,0.0
0,190,124,2.0,EXECUTE,CRASH,7547458,236,0.01475
0,95,154,2.996675240996262,EXECUTE,SUCCESS,7627459,0,0.0
0,96,155,2.993346789130855,EXECUTE,SUCCESS,7627460,0,0.0
0,97,158,2.990007943133262,EXECUTE,SUCCESS,7627461,0,0.0
0,98,159,2.9866653645830494,EXECUTE,SUCCESS,7627462,0,0.0
0,99,160,2.983319040934107,EXECUTE,SUCCESS,7627463,0,0.0
0,100,163,2.9799689595698813,EXECUTE,SUCCESS,7627464,0,0.0
0,101,165,2.9766218268365905,EXECUTE,SUCCESS,7627465,0,0.0
0,102,167,2.945923454538492,EXECUTE,SUCCESS,7627468,0,0.0
0,103,168,2.9149017993750665,EXECUTE,SUCCESS,7627471,0,0.0
0,104,169,2.883546427578374,EXECUTE,SUCCESS,7627474,0,0.0
0,105,171,2.880080294019596,EXECUTE,SUCCESS,7627475,0,0.0
0,106,174,2.876609983991574,EXECUTE,SUCCESS,7627476,0,0.0
0,107,176,2.873135482360692,EXECUTE,SUCCESS,7627477,0,0.0
0,108,182,2.841319235848025,EXECUTE,SUCCESS,7627480,0,0.0
0,109,183,2.8378085735299345,EXECUTE,SUCCESS,7627481,0,0.0
0,110,186,2.834293562777152,EXECUTE,SUCCESS,7627482,0,0.0
0,111,189,2.830774187391145,EXECUTE,SUCCESS,7627483,0,0.0
0,112,191,2.8272504310725637,EXECUTE,SUCCESS,7627484,0,0.0
0,113,192,2.8237222774203548,EXECUTE,SUCCESS,7627485,0,0.0
0,114,193,2.8201826182004583,EXECUTE,SUCCESS,7627486,0,0.0
0,115,7,2.8166385107073983,EXECUTE,SUCCESS,7627487,0,0.0
0,116,15,2.728473016175896,EXECUTE,SUCCESS,7627492,0,0.0
0,117,16,2.7248169663300303,EXECUTE,SUCCESS,7627493,0,0.0
0,118,17,2.72115600434815,EXECUTE,SUCCESS,7627494,0,0.0
0,119,18,2.7174901103775864,EXECUTE,SUCCESS,7627495,0,0.0
0,120,19,2.7138192644315846,EXECUTE,SUCCESS,7627496,0,0.0
0,121,20,2.7101434463880296,EXECUTE,SUCCESS,7627497,0,0.0
0,122,21,2.7064552462584683,EXECUTE,SUCCESS,7627498,0,0.0
0,123,22,2.702762013200567,EXECUTE,SUCCESS,7627499,0,0.0
0,124,23,2.699063726554077,EXECUTE,SUCCESS,7627500,0,0.0
0,125,24,2.6953603655170086,EXECUTE,SUCCESS,7627501,0,0.0
0,126,25,2.691651909144268,EXECUTE,SUCCESS,7627502,0,0.0
0,127,26,2.6879383363462757,EXECUTE,SUCCESS,7627503,0,0.0
0,128,27,2.684219625887566,EXECUTE,SUCCESS,7627504,0,0.0
0,129,28,2.6804957563853713,EXECUTE,SUCCESS,7627505,0,0.0
0,130,29,2.6767741779985816,EXECUTE,SUCCESS,7627506,0,0.0
0,131,30,2.6730474182101562,EXECUTE,SUCCESS,7627507,0,0.0
0,132,31,2.6693079627498926,EXECUTE,SUCCESS,7627508,0,0.0
0,133,35,2.5761051026695285,EXECUTE,SUCCESS,7627513,0,0.0
0,134,36,2.5722247180213436,EXECUTE,SUCCESS,7627514,0,0.0
0,135,40,2.568338470684886,EXECUTE,SUCCESS,7627515,0,0.0
0,136,41,2.5644463340066173,EXECUTE,SUCCESS,7627516,0,0.0
0,137,42,2.519935019003462,EXECUTE,SUCCESS,7627519,0,0.0
0,138,44,2.5159759537801585,EXECUTE,SUCCESS,7627520,0,0.0
0,139,46,2.5020511585497163,EXECUTE,SUCCESS,7627522,0,0.0
0,140,49,2.4980557439736963,EXECUTE,SUCCESS,7627523,0,0.0
0,141,51,2.494053928847565,EXECUTE,SUCCESS,7627524,0,0.0
0,142,52,2.4482386525827042,EXECUTE,SUCCESS,7627527,0,0.0
0,143,54,2.4107965488609726,EXECUTE,SUCCESS,7627530,0,0.0
0,144,55,2.2963177044999625,EXECUTE,SUCCESS,7627536,0,0.0
0,145,56,2.175823981851468,EXECUTE,SUCCESS,7627542,0,0.0
0,146,57,2.0482541346229417,EXECUTE,SUCCESS,7627548,0,0.0
0,147,58,2.0000337497152394,EXECUTE,SUCCESS,7627554,0,0.0
0,148,61,2.0000168749288094,EXECUTE,SUCCESS,7627557,0,0.0
0,149,62,2.0000168749288094,EXECUTE,SUCCESS,7627560,0,0.0
0,150,63,2.0000337497152394,EXECUTE,SUCCESS,7627566,0,0.0
0,151,64,2.0000937478028376,EXECUTE,SUCCESS,7627572,0,0.0
0,152,65,2.0000937478028376,EXECUTE,SUCCESS,7627578,0,0.0
0,153,66,2.0000937478028376,EXECUTE,SUCCESS,7627584,0,0.0
0,154,68,2.000031249755863,EXECUTE,SUCCESS,7627586,0,0.0
0,155,69,2.000028124802249,EXECUTE,SUCCESS,7627591,0,0.0
0,156,70,2.0000337497152394,EXECUTE,SUCCESS,7627597,0,0.0
0,157,71,2.000028124802249,EXECUTE,SUCCESS,7627602,0,0.0
0,158,72,2.000028124802249,EXECUTE,SUCCESS,7627607,0,0.0
0,159,73,2.000028124802249,EXECUTE,SUCCESS,7627612,0,0.0
0,160,76,2.0000168749288094,EXECUTE,SUCCESS,7627615,0,0.0
0,161,77,2.0000337497152394,EXECUTE,SUCCESS,7627621,0,0.0
0,162,78,2.0000937478028376,EXECUTE,SUCCESS,7627627,0,0.0
0,163,79,2.0000937478028376,EXECUTE,SUCCESS,7627633,0,0.0
0,164,80,2.0000937478028376,EXECUTE,SUCCESS,7627639,0,0.0
0,165,84,2.0000156249389653,EXECUTE,SUCCESS,7627640,0,0.0
0,166,86,2.0000156249389653,EXECUTE,SUCCESS,7627641,0,0.0
0,167,87,2.0000468744506965,EXECUTE,SUCCESS,7627644,0,0.0
0,168,88,2.0000937478028376,EXECUTE,SUCCESS,7627650,0,0.0
0,169,92,2.0000156249389653,EXECUTE,SUCCESS,7627651,0,0.0
0,170,94,2.0000156249389653,EXECUTE,SUCCESS,7627652,0,0.0
0,171,95,2.0000468744506965,EXECUTE,SUCCESS,7627655,0,0.0
0,172,96,2.000028124802249,EXECUTE,SUCCESS,7627660,0,0.0
0,173,100,2.00000562499209,EXECUTE,SUCCESS,7627661,0,0.0
0,174,102,2.00000562499209,EXECUTE,SUCCESS,7627662,0,0.0
0,175,105,2.0000112499683596,EXECUTE,SUCCESS,7627664,0,0.0
0,176,106,2.0000112499683596,EXECUTE,SUCCESS,7627666,0,0.0
0,177,107,2.0000112499683596,EXECUTE,SUCCESS,7627668,0,0.0
0,178,108,2.000031249755863,EXECUTE,SUCCESS,7627670,0,0.0
0,179,109,2.000031249755863,EXECUTE,SUCCESS,7627672,0,0.0
0,180,112,2.000031249755863,EXECUTE,SUCCESS,7627674,0,0.0
0,181,113,2.0000112499683596,EXECUTE,SUCCESS,7627676,0,0.0
0,182,114,2.0000112499683596,EXECUTE,SUCCESS,7627678,0,0.0
0,183,115,2.0000112499683596,EXECUTE,SUCCESS,7627680,0,0.0
0,184,116,2.0000112499683596,EXECUTE,SUCCESS,7627682,0,0.0
0,185,117,2.0000112499683596,EXECUTE,SUCCESS,7627684,0,0.0
0,186,120,2.0000112499683596,EXECUTE,SUCCESS,7627686,0,0.0
0,187,121,2.0000112499683596,EXECUTE,SUCCESS,7627688,0,0.0
0,188,122,2.0000112499683596,EXECUTE,SUCCESS,7627690,0,0.0
0,189,123,2.0000112499683596,EXECUTE,SUCCESS,7627692,0,0.0
0,190,124,2.0000112499683596,EXECUTE,SUCCESS,7627694,0,0.0
0,191,127,2.00000562499209,EXECUTE,SUCCESS,7627695,0,0.0
0,192,129,2.0000156249389653,EXECUTE,SUCCESS,7627696,0,0.0
0,193,130,2.0000156249389653,EXECUTE,SUCCESS,7627697,0,0.0
0,194,131,2.0000168749288094,EXECUTE,SUCCESS,7627700,0,0.0
0,195,132,2.0000168749288094,EXECUTE,SUCCESS,7627703,0,0.0
0,196,133,2.0000168749288094,EXECUTE,SUCCESS,7627706,0,0.0
0,197,134,2.0000168749288094,EXECUTE,SUCCESS,7627709,0,0.0
0,198,135,2.0000168749288094,EXECUTE,SUCCESS,7627712,0,0.0
0,199,136,2.0000168749288094,EXECUTE,SUCCESS,7627715,0,0.0
0,200,138,2.0000168749288094,EXECUTE,SUCCESS,7627718,0,0.0
0,201,139,2.0000468744506965,EXECUTE,SUCCESS,7627721,0,0.0
0,202,140,2.0000168749288094,EXECUTE,SUCCESS,7627724,0,0.0
0,203,141,2.0000468744506965,EXECUTE,SUCCESS,7627727,0,0.0
0,204,145,2.0000156249389653,EXECUTE,SUCCESS,7627728,0,0.0
0,205,147,2.000031249755863,EXECUTE,SUCCESS,7627730,0,0.0
0,206,149,2.0000156249389653,EXECUTE,SUCCESS,7627731,0,0.0
0,207,151,2.0000468744506965,EXECUTE,SUCCESS,7627734,0,0.0
0,208,152,2.0000156249389653,EXECUTE,SUCCESS,7627735,0,0.0
0,209,153,2.0000156249389653,EXECUTE,SUCCESS,7627736,0,0.0
0,210,154,2.0000156249389653,EXECUTE,SUCCESS,7627737,0,0.0
0,211,155,2.0000156249389653,EXECUTE,SUCCESS,7627738,0,0.0
0,212,158,2.0000156249389653,EXECUTE,SUCCESS,7627739,0,0.0
0,213,159,2.0000156249389653,EXECUTE,SUCCESS,7627740,0,0.0
0,214,160,2.0,EXECUTE,CRASH,7628024,283,0.0176875
0,95,154,3.009993770757674,EXECUTE,SUCCESS,7740025,0,0.0
0,96,155,3.006680062793512,EXECUTE,SUCCESS,7740026,0,0.0
0,97,158,3.003362698709564,EXECUTE,SUCCESS,7740027,0,0.0
0,98,159,3.0000416663773177,EXECUTE,SUCCESS,7740028,0,0.0
0,99,160,2.996716953601056,EXECUTE,SUCCESS,7740029,0,0.0
0,100,163,2.9933885481173332,EXECUTE,SUCCESS,7740030,0,0.0
0,101,165,2.9900564375944474,EXECUTE,SUCCESS,7740031,0,0.0
0,102,167,2.9594974235501534,EXECUTE,SUCCESS,7740034,0,0.0
0,103,168,2.928619555353681,EXECUTE,SUCCESS,7740037,0,0.0
0,104,169,2.8973919306852487,EXECUTE,SUCCESS,7740040,0,0.0
0,105,171,2.893942380214228,EXECUTE,SUCCESS,7740041,0,0.0
0,106,174,2.890488713003389,EXECUTE,SUCCESS,7740042,0,0.0
0,107,176,2.8870378418025613,EXECUTE,SUCCESS,7740043,0,0.0
0,108,182,2.8553765075730366,EXECUTE,SUCCESS,7740046,0,0.0
0,109,183,2.851876136861486,EXECUTE,SUCCESS,7740047,0,0.0
0,110,186,2.84837146453899,EXECUTE,SUCCESS,7740048,0,0.0
0,111,189,2.8448624747076954,EXECUTE,SUCCESS,7740049,0,0.0
0,112,191,2.8413491513715785,EXECUTE,SUCCESS,7740050,0,0.0
0,113,192,2.0,EXECUTE,CRASH,7740078,27,0.0016875
0,95,154,2.996675240996262,EXECUTE,SUCCESS,7820079,0,0.0
0,96,155,2.993340107638957,EXECUTE,SUCCESS,7820080,0,0.0
0,97,158,2.9900012541803394,EXECUTE,SUCCESS,7820081,0,0.0
0,98,159,2.986658668144052,EXECUTE,SUCCESS,7820082,0,0.0
0,99,160,2.9833123369838432,EXECUTE,SUCCESS,7820083,0,0.0
0,100,163,2.979962248083019,EXECUTE,SUCCESS,7820084,0,0.0
0,101,165,2.9766083887538852,EXECUTE,SUCCESS,7820085,0,0.0
0,102,167,2.945889509129628,EXECUTE,SUCCESS,7820088,0,0.0
0,103,168,2.914846908501371,EXECUTE,SUCCESS,7820091,0,0.0
0,104,169,2.883470131629596,EXECUTE,SUCCESS,7820094,0,0.0
0,105,171,2.8800039062473513,EXECUTE,SUCCESS,7820095,0,0.0
0,106,174,2.8765335040635285,EXECUTE,SUCCESS,7820096,0,0.0
0,107,176,2.8730589099425026,EXECUTE,SUCCESS,7820097,0,0.0
0,108,182,2.8412206883661817,EXECUTE,SUCCESS,7820100,0,0.0
0,109,183,2.8377028561849107,EXECUTE,SUCCESS,7820101,0,0.0
0,110,186,2.8341806576151773,EXECUTE,SUCCESS,7820102,0,0.0
0,111,189,2.8306611418536125,EXECUTE,SUCCESS,7820103,0,0.0
0,112,191,2.8271372446345784,EXECUTE,SUCCESS,7820104,0,0.0
0,113,192,2.8236089495537433,EXECUTE,SUCCESS,7820105,0,0.0
0,114,193,2.820076240104156,EXECUTE,SUCCESS,7820106,0,0.0
0,115,7,2.8165390996753428,EXECUTE,SUCCESS,7820107,0,0.0
0,116,15,2.7284070444125432,EXECUTE,SUCCESS,7820112,0,0.0
0,117,16,2.0,EXECUTE,CRASH,7820148,35,0.0021875
0,95,154,2.996675240996262,EXECUTE,SUCCESS,7900149,0,0.0
0,96,155,2.993340107638957,EXECUTE,SUCCESS,7900150,0,0.0
0,97,158,2.9900079431332625,EXECUTE,SUCCESS,7900151,0,0.0
0,98,159,2.9866720610070336,EXECUTE,SUCCESS,7900152,0,0.0
0,99,160,2.983332448789441,EXECUTE,SUCCESS,7900153,0,0.0
0,100,163,2.9799890939397753,EXECUTE,SUCCESS,7900154,0,0.0
0,101,165,2.976641983846899,EXECUTE,SUCCESS,7900155,0,0.0
0,102,167,2.945923454538492,EXECUTE,SUCCESS,7900158,0,0.0
0,103,168,2.914881215418563,EXECUTE,SUCCESS,7900161,0,0.0
0,104,169,2.0,EXECUTE,CRASH,7900180,16,0.001
0,95,154,3.0364555817597596,EXECUTE,SUCCESS,8076181,0,0.0
0,96,155,3.0331707831904224,EXECUTE,SUCCESS,8076182,0,0.0
0,97,158,3.0298824234613457,EXECUTE,SUCCESS,8076183,0,0.0
0,98,159,3.0265904909650394,EXECUTE,SUCCESS,8076184,0,0.0
0,99,160,3.023294974030817,EXECUTE,SUCCESS,8076185,0,0.0
0,100,163,3.0199958609243147,EXECUTE,SUCCESS,8076186,0,0.0
0,101,165,3.0166931398470065,EXECUTE,SUCCESS,8076187,0,0.0
0,102,167,2.986386612613978,EXECUTE,SUCCESS,8076190,0,0.0
0,103,168,2.9557693583904667,EXECUTE,SUCCESS,8076193,0,0.0
0,104,169,2.924831619085104,EXECUTE,SUCCESS,8076196,0,0.0
0,105,171,2.921414469054329,EXECUTE,SUCCESS,8076197,0,0.0
0,106,174,2.9179933173329897,EXECUTE,SUCCESS,8076198,0,0.0
0,107,176,2.9145681498294023,EXECUTE,SUCCESS,8076199,0,0.0
0,108,182,2.883188339321589,EXECUTE,SUCCESS,8076202,0,0.0
0,109,183,2.8797217747553288,EXECUTE,SUCCESS,8076203,0,0.0
0,110,186,2.876251032159742,EXECUTE,SUCCESS,8076204,0,0.0
0,111,189,2.8727760963917772,EXECUTE,SUCCESS,8076205,0,0.0
0,112,191,2.8692969522166885,EXECUTE,SUCCESS,8076206,0,0.0
0,113,192,2.8658135843072516,EXECUTE,SUCCESS,8076207,0,0.0
0,114,193,2.86232597724298,EXECUTE,SUCCESS,8076208,0,0.0
0,115,7,2.8588341155093246,EXECUTE,SUCCESS,8076209,0,0.0
0,116,15,2.7720110028641627,EXECUTE,SUCCESS,8076214,0,0.0
0,117,16,2.7684052268408936,EXECUTE,SUCCESS,8076215,0,0.0
0,118,17,2.7647947482588973,EXECUTE,SUCCESS,8076216,0,0.0
0,119,18,2.761179548671179,EXECUTE,SUCCESS,8076217,0,0.0
0,120,19,2.7575668622900107,EXECUTE,SUCCESS,8076218,0,0.0
0,121,20,2.753949436718106,EXECUTE,SUCCESS,8076219,0,0.0
0,122,21,2.750327253255505,EXECUTE,SUCCESS,8076220,0,0.0
0,123,22,2.7467002930789466,EXECUTE,SUCCESS,8076221,0,0.0
0,124,23,2.743068537240725,EXECUTE,SUCCESS,8076222,0,0.0
0,125,24,2.7394246658741994,EXECUTE,SUCCESS,8076223,0,0.0
0,126,25,2.7357759411179803,EXECUTE,SUCCESS,8076224,0,0.0
0,127,26,2.732122343527092,EXECUTE,SUCCESS,8076225,0,0.0
0,128,27,2.72846385352637,EXECUTE,SUCCESS,8076226,0,0.0
0,129,28,2.7248004514092345,EXECUTE,SUCCESS,8076227,0,0.0
0,130,29,2.721132117336453,EXECUTE,SUCCESS,8076228,0,0.0
0,131,30,2.717466191142029,EXECUTE,SUCCESS,8076229,0,0.0
0,132,31,2.7137953128414023,EXECUTE,SUCCESS,8076230,0,0.0
0,133,35,2.6221741932983713,EXECUTE,SUCCESS,8076235,0,0.0
0,134,36,2.618362083440708,EXECUTE,SUCCESS,8076236,0,0.0
0,135,40,2.614544415380998,EXECUTE,SUCCESS,8076237,0,0.0
0,136,41,2.610728825443187,EXECUTE,SUCCESS,8076238,0,0.0
0,137,42,2.567020159640349,EXECUTE,SUCCESS,8076241,0,0.0
0,138,44,2.5631338240521035,EXECUTE,SUCCESS,8076242,0,0.0
0,139,46,2.5494666108815704,EXECUTE,SUCCESS,8076244,0,0.0
0,140,49,2.5455534761619054,EXECUTE,SUCCESS,8076245,0,0.0
0,141,51,2.5416343167340103,EXECUTE,SUCCESS,8076246,0,0.0
0,142,52,2.496716343520016,EXECUTE,SUCCESS,8076249,0,0.0
0,143,54,2.4600121950917155,EXECUTE,SUCCESS,8076252,0,0.0
0,144,55,2.347934198396531,EXECUTE,SUCCESS,8076258,0,0.0
0,145,56,2.230230929746954,EXECUTE,SUCCESS,8076264,0,0.0
0,146,57,2.1059594013180694,EXECUTE,SUCCESS,8076270,0,0.0
0,147,58,2.0000337497152394,EXECUTE,SUCCESS,8076276,0,0.0
0,148,61,2.0000168749288094,EXECUTE,SUCCESS,8076279,0,0.0
0,149,62,2.0000168749288094,EXECUTE,SUCCESS,8076282,0,0.0
0,150,63,2.0000337497152394,EXECUTE,SUCCESS,8076288,0,0.0
0,151,64,2.0000937478028376,EXECUTE,SUCCESS,8076294,0,0.0
0,152,65,2.0000337497152394,EXECUTE,SUCCESS,8076300,0,0.0
0,153,66,2.0000337497152394,EXECUTE,SUCCESS,8076306,0,0.0
0,154,68,2.0000112499683596,EXECUTE,SUCCESS,8076308,0,0.0
0,155,69,2.000028124802249,EXECUTE,SUCCESS,8076313,0,0.0
0,156,70,2.0000337497152394,EXECUTE,SUCCESS,8076319,0,0.0
0,157,71,2.000028124802249,EXECUTE,SUCCESS,8076324,0,0.0
0,158,72,2.0,EXECUTE,CRASH,8076478,149,0.0093125
0,95,154,3.0561515832824795,EXECUTE,SUCCESS,8316479,0,0.0
0,96,155,3.0528879769817965,EXECUTE,SUCCESS,8316480,0,0.0
0,97,158,3.0496143198771883,EXECUTE,SUCCESS,8316481,0,0.0
0,98,159,3.046343710089196,EXECUTE,SUCCESS,8316482,0,0.0
0,99,160,3.0430695851393224,EXECUTE,SUCCESS,8316483,0,0.0
0,100,163,3.039791933669146,EXECUTE,SUCCESS,8316484,0,0.0
0,101,165,3.036504157744561,EXECUTE,SUCCESS,8316485,0,0.0
0,102,167,3.006417303036956,EXECUTE,SUCCESS,8316488,0,0.0
0,103,168,2.9760262935666417,EXECUTE,SUCCESS,8316491,0,0.0
0,104,169,2.9453217141765693,EXECUTE,SUCCESS,8316494,0,0.0
0,105,171,2.9419283641856415,EXECUTE,SUCCESS,8316495,0,0.0
0,106,174,2.938531095632647,EXECUTE,SUCCESS,8316496,0,0.0
0,107,176,2.9351298949109568,EXECUTE,SUCCESS,8316497,0,0.0
0,108,182,2.9039722794820206,EXECUTE,SUCCESS,8316500,0,0.0
0,109,183,2.900530554915773,EXECUTE,SUCCESS,8316501,0,0.0
0,110,186,2.897091645081322,EXECUTE,SUCCESS,8316502,0,0.0
0,111,189,2.8936486483331043,EXECUTE,SUCCESS,8316503,0,0.0
0,112,191,2.890201550065324,EXECUTE,SUCCESS,8316504,0,0.0
0,113,192,2.8867434073710125,EXECUTE,SUCCESS,8316505,0,0.0
0,114,193,2.8832811170609096,EXECUTE,SUCCESS,8316506,0,0.0
0,115,7,2.8798146641754583,EXECUTE,SUCCESS,8316507,0,0.0
0,116,15,2.7936436780663363,EXECUTE,SUCCESS,8316512,0,0.0
0,117,16,2.7900658594377314,EXECUTE,SUCCESS,8316513,0,0.0
0,118,17,2.786483446927328,EXECUTE,SUCCESS,8316514,0,0.0
0,119,18,2.7829036095416604,EXECUTE,SUCCESS,8316515,0,0.0
0,120,19,2.779319161233557,EXECUTE,SUCCESS,8316516,0,0.0
0,121,20,2.7757300841400268,EXECUTE,SUCCESS,8316517,0,0.0
0,122,21,2.772136360282444,EXECUTE,SUCCESS,8316518,0,0.0
0,123,22,2.768537971565497,EXECUTE,SUCCESS,8316519,0,0.0
0,124,23,2.7649348997761227,EXECUTE,SUCCESS,8316520,0,0.0
0,125,24,2.761327126582433,EXECUTE,SUCCESS,8316521,0,0.0
0,126,25,2.757714633532628,EXECUTE,SUCCESS,8316522,0,0.0
0,127,26,2.7540974020538918,EXECUTE,SUCCESS,8316523,0,0.0
0,128,27,2.750475413451281,EXECUTE,SUCCESS,8316524,0,0.0
0,129,28,2.7468486489065964,EXECUTE,SUCCESS,8316525,0,0.0
0,130,29,2.743209798757651,EXECUTE,SUCCESS,8316526,0,0.0
0,131,30,2.739573415698143,EXECUTE,SUCCESS,8316527,0,0.0
0,132,31,2.7359321994523165,EXECUTE,SUCCESS,8316528,0,0.0
0,133,35,2.6451157819649382,EXECUTE,SUCCESS,8316533,0,0.0
0,134,36,2.6413443546800153,EXECUTE,SUCCESS,8316534,0,0.0
0,135,40,2.6375599519252613,EXECUTE,SUCCESS,8316535,0,0.0
0,136,41,2.6337701114561964,EXECUTE,SUCCESS,8316536,0,0.0
0,137,42,2.5904270883389064,EXECUTE,SUCCESS,8316539,0,0.0
0,138,44,2.5865759219477757,EXECUTE,SUCCESS,8316540,0,0.0
0,139,46,2.573033229478389,EXECUTE,SUCCESS,8316542,0,0.0
0,140,49,2.5691559898145515,EXECUTE,SUCCESS,8316543,0,0.0
0,141,51,2.565272889967067,EXECUTE,SUCCESS,8316544,0,0.0
0,142,52,2.52077617015077,EXECUTE,SUCCESS,8316547,0,0.0
0,143,54,2.484451649760966,EXECUTE,SUCCESS,8316550,0,0.0
0,144,55,2.373578521978994,EXECUTE,SUCCESS,8316556,0,0.0
0,145,56,2.2572660454629587,EXECUTE,SUCCESS,8316562,0,0.0
0,146,57,2.1346252598524136,EXECUTE,SUCCESS,8316568,0,0.0
0,147,58,2.004435082510777,EXECUTE,SUCCESS,8316574,0,0.0
0,148,61,2.0000168749288094,EXECUTE,SUCCESS,8316577,0,0.0
0,149,62,2.0000468744506965,EXECUTE,SUCCESS,8316580,0,0.0
0,150,63,2.0000937478028376,EXECUTE,SUCCESS,8316586,0,0.0
0,151,64,2.0000337497152394,EXECUTE,SUCCESS,8316592,0,0.0
0,152,65,2.0000337497152394,EXECUTE,SUCCESS,8316598,0,0.0
0,153,66,2.0000337497152394,EXECUTE,SUCCESS,8316604,0,0.0
0,154,68,2.0000112499683596,EXECUTE,SUCCESS,8316606,0,0.0
0,155,69,2.000028124802249,EXECUTE,SUCCESS,8316611,0,0.0
0,156,70,2.0000337497152394,EXECUTE,SUCCESS,8316617,0,0.0
0,157,71,2.000028124802249,EXECUTE,SUCCESS,8316622,0,0.0
0,158,72,2.000028124802249,EXECUTE,SUCCESS,8316627,0,0.0
0,159,73,2.000028124802249,EXECUTE,SUCCESS,8316632,0,0.0
0,160,76,2.0000168749288094,EXECUTE,SUCCESS,8316635,0,0.0
0,161,77,2.0000337497152394,EXECUTE,SUCCESS,8316641,0,0.0
0,162,78,2.0000337497152394,EXECUTE,SUCCESS,8316647,0,0.0
0,163,79,2.0000337497152394,EXECUTE,SUCCESS,8316653,0,0.0
0,164,80,2.0000337497152394,EXECUTE,SUCCESS,8316659,0,0.0
0,165,84,2.00000562499209,EXECUTE,SUCCESS,8316660,0,0.0
0,166,86,2.00000562499209,EXECUTE,SUCCESS,8316661,0,0.0
0,167,87,2.0000168749288094,EXECUTE,SUCCESS,8316664,0,0.0
0,168,88,2.0000337497152394,EXECUTE,SUCCESS,8316670,0,0.0
0,169,92,2.00000562499209,EXECUTE,SUCCESS,8316671,0,0.0
0,170,94,2.0000156249389653,EXECUTE,SUCCESS,8316672,0,0.0
0,171,95,2.0000168749288094,EXECUTE,SUCCESS,8316675,0,0.0
0,172,96,2.0000781234741805,EXECUTE,SUCCESS,8316680,0,0.0
0,173,100,2.0000156249389653,EXECUTE,SUCCESS,8316681,0,0.0
0,174,102,2.0000156249389653,EXECUTE,SUCCESS,8316682,0,0.0
0,175,105,2.000031249755863,EXECUTE,SUCCESS,8316684,0,0.0
0,176,106,2.000031249755863,EXECUTE,SUCCESS,8316686,0,0.0
0,177,107,2.000031249755863,EXECUTE,SUCCESS,8316688,0,0.0
0,178,108,2.000031249755863,EXECUTE,SUCCESS,8316690,0,0.0
0,179,109,2.000031249755863,EXECUTE,SUCCESS,8316692,0,0.0
0,180,112,2.000031249755863,EXECUTE,SUCCESS,8316694,0,0.0
0,181,113,2.000031249755863,EXECUTE,SUCCESS,8316696,0,0.0
0,182,114,2.000031249755863,EXECUTE,SUCCESS,8316698,0,0.0
0,183,115,2.000031249755863,EXECUTE,SUCCESS,8316700,0,0.0
0,184,116,2.000031249755863,EXECUTE,SUCCESS,8316702,0,0.0
0,185,117,2.000031249755863,EXECUTE,SUCCESS,8316704,0,0.0
0,186,120,2.000031249755863,EXECUTE,SUCCESS,8316706,0,0.0
0,187,121,2.000031249755863,EXECUTE,SUCCESS,8316708,0,0.0
0,188,122,2.000031249755863,EXECUTE,SUCCESS,8316710,0,0.0
0,189,123,2.000031249755863,EXECUTE,SUCCESS,8316712,0,0.0
0,190,124,2.000031249755863,EXECUTE,SUCCESS,8316714,0,0.0
0,191,127,2.0000156249389653,EXECUTE,SUCCESS,8316715,0,0.0
0,192,129,2.00000562499209,EXECUTE,SUCCESS,8316716,0,0.0
0,193,130,2.00000562499209,EXECUTE,SUCCESS,8316717,0,0.0
0,194,131,2.0000468744506965,EXECUTE,SUCCESS,8316720,0,0.0
0,195,132,2.0000468744506965,EXECUTE,SUCCESS,8316723,0,0.0
0,196,133,2.0000168749288094,EXECUTE,SUCCESS,8316726,0,0.0
0,197,134,2.0000168749288094,EXECUTE,SUCCESS,8316729,0,0.0
0,198,135,2.0000168749288094,EXECUTE,SUCCESS,8316732,0,0.0
0,199,136,2.0000468744506965,EXECUTE,SUCCESS,8316735,0,0.0
0,200,138,2.0000468744506965,EXECUTE,SUCCESS,8316738,0,0.0
0,201,139,2.0000468744506965,EXECUTE,SUCCESS,8316741,0,0.0
0,202,140,2.0000468744506965,EXECUTE,SUCCESS,8316744,0,0.0
0,203,141,2.0000468744506965,EXECUTE,SUCCESS,8316747,0,0.0
0,204,145,2.0000156249389653,EXECUTE,SUCCESS,8316748,0,0.0
0,205,147,2.000031249755863,EXECUTE,SUCCESS,8316750,0,0.0
0,206,149,2.0000156249389653,EXECUTE,SUCCESS,8316751,0,0.0
0,207,151,2.0000468744506965,EXECUTE,SUCCESS,8316754,0,0.0
0,208,152,2.0000156249389653,EXECUTE,SUCCESS,8316755,0,0.0
0,209,153,2.0000156249389653,EXECUTE,SUCCESS,8316756,0,0.0
0,210,154,2.0000156249389653,EXECUTE,SUCCESS,8316757,0,0.0
0,211,155,2.0000156249389653,EXECUTE,SUCCESS,8316758,0,0.0
0,212,158,2.0000156249389653,EXECUTE,SUCCESS,8316759,0,0.0
0,213,159,2.0000156249389653,EXECUTE,SUCCESS,8316760,0,0.0
0,214,160,2.0000156249389653,EXECUTE,SUCCESS,8316761,0,0.0
0,215,163,2.0000156249389653,EXECUTE,SUCCESS,8316762,0,0.0
0,216,165,2.0000156249389653,EXECUTE,SUCCESS,8316763,0,0.0
0,217,167,2.0000468744506965,EXECUTE,SUCCESS,8316766,0,0.0
0,218,168,2.0000468744506965,EXECUTE,SUCCESS,8316769,0,0.0
0,219,169,2.0000468744506965,EXECUTE,SUCCESS,8316772,0,0.0
0,220,171,2.00000562499209,EXECUTE,SUCCESS,8316773,0,0.0
0,221,174,2.00000562499209,EXECUTE,SUCCESS,8316774,0,0.0
0,222,176,2.00000562499209,EXECUTE,SUCCESS,8316775,0,0.0
0,223,182,2.0000168749288094,EXECUTE,SUCCESS,8316778,0,0.0
0,224,183,2.00000562499209,EXECUTE,SUCCESS,8316779,0,0.0
0,225,186,2.00000562499209,EXECUTE,SUCCESS,8316780,0,0.0
0,226,189,2.0000156249389653,EXECUTE,SUCCESS,8316781,0,0.0
0,227,191,2.0000156249389653,EXECUTE,SUCCESS,8316782,0,0.0
0,228,192,2.0000156249389653,EXECUTE,SUCCESS,8316783,0,0.0
0,229,193,2.00000562499209,EXECUTE,SUCCESS,8316784,0,0.0
0,230,7,2.00000562499209,EXECUTE,SUCCESS,8316785,0,0.0
0,231,15,2.000028124802249,EXECUTE,SUCCESS,8316790,0,0.0
0,232,16,2.00000562499209,EXECUTE,SUCCESS,8316791,0,0.0
0,233,17,2.0000156249389653,EXECUTE,SUCCESS,8316792,0,0.0
0,234,18,2.0000156249389653,EXECUTE,SUCCESS,8316793,0,0.0
0,235,19,2.0000156249389653,EXECUTE,SUCCESS,8316794,0,0.0
0,236,20,2.0000156249389653,EXECUTE,SUCCESS,8316795,0,0.0
0,237,21,2.0000156249389653,EXECUTE,SUCCESS,8316796,0,0.0
0,238,22,2.0000156249389653,EXECUTE,SUCCESS,8316797,0,0.0
0,239,23,2.0000156249389653,EXECUTE,SUCCESS,8316798,0,0.0
0,240,24,2.0000156249389653,EXECUTE,SUCCESS,8316799,0,0.0
0,241,25,2.0000156249389653,EXECUTE,SUCCESS,8316800,0,0.0
0,242,26,2.0000156249389653,EXECUTE,SUCCESS,8316801,0,0.0
0,243,27,2.0000156249389653,EXECUTE,SUCCESS,8316802,0,0.0
0,244,28,2.0000156249389653,EXECUTE,SUCCESS,8316803,0,0.0
0,245,29,2.0000156249389653,EXECUTE,SUCCESS,8316804,0,0.0
0,246,30,2.00000562499209,EXECUTE,SUCCESS,8316805,0,0.0
0,247,31,2.0000156249389653,EXECUTE,SUCCESS,8316806,0,0.0
0,248,35,2.0000781234741805,EXECUTE,SUCCESS,8316811,0,0.0
0,249,36,2.00000562499209,EXECUTE,SUCCESS,8316812,0,0.0
0,250,40,2.00000562499209,EXECUTE,SUCCESS,8316813,0,0.0
0,251,41,2.00000562499209,EXECUTE,SUCCESS,8316814,0,0.0
0,252,42,2.0000168749288094,EXECUTE,SUCCESS,8316817,0,0.0
0,253,44,2.00000562499209,EXECUTE,SUCCESS,8316818,0,0.0
0,254,46,2.0000112499683596,EXECUTE,SUCCESS,8316820,0,0.0
0,255,49,2.00000562499209,EXECUTE,SUCCESS,8316821,0,0.0
0,256,51,2.00000562499209,EXECUTE,SUCCESS,8316822,0,0.0
0,257,52,2.0000168749288094,EXECUTE,SUCCESS,8316825,0,0.0
0,258,54,2.0000168749288094,EXECUTE,SUCCESS,8316828,0,0.0
0,259,55,2.0000337497152394,EXECUTE,SUCCESS,8316834,0,0.0
0,260,56,2.0000337497152394,EXECUTE,SUCCESS,8316840,0,0.0
0,261,57,2.0000337497152394,EXECUTE,SUCCESS,8316846,0,0.0
0,262,58,2.0000337497152394,EXECUTE,SUCCESS,8316852,0,0.0
0,263,61,2.0000168749288094,EXECUTE,SUCCESS,8316855,0,0.0
0,264,62,2.0000168749288094,EXECUTE,SUCCESS,8316858,0,0.0
0,265,63,2.0000937478028376,EXECUTE,SUCCESS,8316864,0,0.0
0,266,64,2.0000937478028376,EXECUTE,SUCCESS,8316870,0,0.0
0,267,65,2.0000937478028376,EXECUTE,SUCCESS,8316876,0,0.0
0,268,66,2.0000937478028376,EXECUTE,SUCCESS,8316882,0,0.0
0,269,68,2.000031249755863,EXECUTE,SUCCESS,8316884,0,0.0
0,270,69,2.0000781234741805,EXECUTE,SUCCESS,8316889,0,0.0
0,271,70,2.0000337497152394,EXECUTE,SUCCESS,8316895,0,0.0
0,272,71,2.000028124802249,EXECUTE,SUCCESS,8316900,0,0.0
0,273,72,2.000028124802249,EXECUTE,SUCCESS,8316905,0,0.0
0,274,73,2.000028124802249,EXECUTE,SUCCESS,8316910,0,0.0
0,275,76,2.0000168749288094,EXECUTE,SUCCESS,8316913,0,0.0
0,276,77,2.0000937478028376,EXECUTE,SUCCESS,8316919,0,0.0
0,277,78,2.0000937478028376,EXECUTE,SUCCESS,8316925,0,0.0
0,278,79,2.0000937478028376,EXECUTE,SUCCESS,8316931,0,0.0
0,279,80,2.0000337497152394,EXECUTE,SUCCESS,8316937,0,0.0
0,280,84,2.00000562499209,EXECUTE,SUCCESS,8316938,0,0.0
0,281,86,2.00000562499209,EXECUTE,SUCCESS,8316939,0,0.0
0,282,87,2.0000168749288094,EXECUTE,SUCCESS,8316942,0,0.0
0,283,88,2.0000337497152394,EXECUTE,SUCCESS,8316948,0,0.0
0,284,92,2.00000562499209,EXECUTE,SUCCESS,8316949,0,0.0
0,285,94,2.00000562499209,EXECUTE,SUCCESS,8316950,0,0.0
0,286,95,2.0000168749288094,EXECUTE,SUCCESS,8316953,0,0.0
0,287,96,2.000028124802249,EXECUTE,SUCCESS,8316958,0,0.0
0,288,100,2.00000562499209,EXECUTE,SUCCESS,8316959,0,0.0
0,289,102,2.0000156249389653,EXECUTE,SUCCESS,8316960,0,0.0
0,290,105,2.000031249755863,EXECUTE,SUCCESS,8316962,0,0.0
0,291,106,2.000031249755863,EXECUTE,SUCCESS,8316964,0,0.0
0,292,107,2.000031249755863,EXECUTE,SUCCESS,8316966,0,0.0
0,293,108,2.000031249755863,EXECUTE,SUCCESS,8316968,0,0.0
0,294,109,2.0000112499683596,EXECUTE,SUCCESS,8316970,0,0.0
0,295,112,2.0000112499683596,EXECUTE,SUCCESS,8316972,0,0.0
0,296,113,2.0000112499683596,EXECUTE,SUCCESS,8316974,0,0.0
0,297,114,2.0000112499683596,EXECUTE,SUCCESS,8316976,0,0.0
0,298,115,2.0000112499683596,EXECUTE,SUCCESS,8316978,0,0.0
0,299,116,2.0000112499683596,EXECUTE,SUCCESS,8316980,0,0.0
0,300,117,2.0000112499683596,EXECUTE,SUCCESS,8316982,0,0.0
0,301,120,2.0000112499683596,EXECUTE,SUCCESS,8316984,0,0.0
0,302,121,2.0000112499683596,EXECUTE,SUCCESS,8316986,0,0.0
0,303,122,2.0000112499683596,EXECUTE,SUCCESS,8316988,0,0.0
0,304,123,2.0000112499683596,EXECUTE,SUCCESS,8316990,0,0.0
0,305,124,2.0000112499683596,EXECUTE,SUCCESS,8316992,0,0.0
0,306,127,2.00000562499209,EXECUTE,SUCCESS,8316993,0,0.0
0,307,129,2.00000562499209,EXECUTE,SUCCESS,8316994,0,0.0
0,308,130,2.00000562499209,EXECUTE,SUCCESS,8316995,0,0.0
0,309,131,2.0000168749288094,EXECUTE,SUCCESS,8316998,0,0.0
0,310,132,2.0000168749288094,EXECUTE,SUCCESS,8317001,0,0.0
0,311,133,2.0000168749288094,EXECUTE,SUCCESS,8317004,0,0.0
0,312,134,2.0000168749288094,EXECUTE,SUCCESS,8317007,0,0.0
0,313,135,2.0000468744506965,EXECUTE,SUCCESS,8317010,0,0.0
0,314,136,2.0000468744506965,EXECUTE,SUCCESS,8317013,0,0.0
0,315,138,2.0000468744506965,EXECUTE,SUCCESS,8317016,0,0.0
0,316,139,2.0000168749288094,EXECUTE,SUCCESS,8317019,0,0.0
0,317,140,2.0000168749288094,EXECUTE,SUCCESS,8317022,0,0.0
0,318,141,2.0000168749288094,EXECUTE,SUCCESS,8317025,0,0.0
0,319,145,2.00000562499209,EXECUTE,SUCCESS,8317026,0,0.0
0,320,147,2.0000112499683596,EXECUTE,SUCCESS,8317028,0,0.0
0,321,149,2.0000156249389653,EXECUTE,SUCCESS,8317029,0,0.0
0,322,151,2.0000468744506965,EXECUTE,SUCCESS,8317032,0,0.0
0,323,152,2.0000156249389653,EXECUTE,SUCCESS,8317033,0,0.0
0,324,153,2.00000562499209,EXECUTE,SUCCESS,8317034,0,0.0
0,325,154,2.00000562499209,EXECUTE,SUCCESS,8317035,0,0.0
0,326,155,2.0000156249389653,EXECUTE,SUCCESS,8317036,0,0.0
0,327,158,2.00000562499209,EXECUTE,SUCCESS,8317037,0,0.0
0,328,159,2.00000562499209,EXECUTE,SUCCESS,8317038,0,0.0
0,329,160,2.00000562499209,EXECUTE,SUCCESS,8317039,0,0.0
0,330,163,2.00000562499209,EXECUTE,SUCCESS,8317040,0,0.0
0,331,165,2.00000562499209,EXECUTE,SUCCESS,8317041,0,0.0
0,332,167,2.0000468744506965,EXECUTE,SUCCESS,8317044,0,0.0
0,333,168,2.0000468744506965,EXECUTE,SUCCESS,8317047,0,0.0
0,334,169,2.0000468744506965,EXECUTE,SUCCESS,8317050,0,0.0
0,335,171,2.0000156249389653,EXECUTE,SUCCESS,8317051,0,0.0
0,336,174,2.0000156249389653,EXECUTE,SUCCESS,8317052,0,0.0
0,337,176,2.00000562499209,EXECUTE,SUCCESS,8317053,0,0.0
0,338,182,2.0000168749288094,EXECUTE,SUCCESS,8317056,0,0.0
0,339,183,2.00000562499209,EXECUTE,SUCCESS,8317057,0,0.0
0,340,186,2.00000562499209,EXECUTE,SUCCESS,8317058,0,0.0
0,341,189,2.00000562499209,EXECUTE,SUCCESS,8317059,0,0.0
0,342,191,2.00000562499209,EXECUTE,SUCCESS,8317060,0,0.0
0,343,192,2.00000562499209,EXECUTE,SUCCESS,8317061,0,0.0
0,344,193,2.0000156249389653,EXECUTE,SUCCESS,8317062,0,0.0
0,345,7,2.0000156249389653,EXECUTE,SUCCESS,8317063,0,0.0
0,346,15,2.0000781234741805,EXECUTE,SUCCESS,8317068,0,0.0
0,347,16,2.0000156249389653,EXECUTE,SUCCESS,8317069,0,0.0
0,348,17,2.0000156249389653,EXECUTE,SUCCESS,8317070,0,0.0
0,349,18,2.00000562499209,EXECUTE,SUCCESS,8317071,0,0.0
0,350,19,2.00000562499209,EXECUTE,SUCCESS,8317072,0,0.0
0,351,20,2.00000562499209,EXECUTE,SUCCESS,8317073,0,0.0
0,352,21,2.00000562499209,EXECUTE,SUCCESS,8317074,0,0.0
0,353,22,2.00000562499209,EXECUTE,SUCCESS,8317075,0,0.0
0,354,23,2.00000562499209,EXECUTE,SUCCESS,8317076,0,0.0
0,355,24,2.0000156249389653,EXECUTE,SUCCESS,8317077,0,0.0
0,356,25,2.0000156249389653,EXECUTE,SUCCESS,8317078,0,0.0
0,357,26,2.00000562499209,EXECUTE,SUCCESS,8317079,0,0.0
0,358,27,2.00000562499209,EXECUTE,SUCCESS,8317080,0,0.0
0,359,28,2.00000562499209,EXECUTE,SUCCESS,8317081,0,0.0
0,360,29,2.00000562499209,EXECUTE,SUCCESS,8317082,0,0.0
0,361,30,2.0,EXECUTE,CRASH,8317688,605,0.0378125
0,95,154,3.0033352293741706,EXECUTE,SUCCESS,8541689,0,0.0
0,96,155,3.000007499990625,EXECUTE,SUCCESS,8541690,0,0.0
0,97,158,2.9966760752540473,EXECUTE,SUCCESS,8541691,0,0.0
0,98,159,2.993340942826259,EXECUTE,SUCCESS,8541692,0,0.0
0,99,160,2.990002090300272,EXECUTE,SUCCESS,8541693,0,0.0
0,100,163,2.9866595051997473,EXECUTE,SUCCESS,8541694,0,0.0
0,101,165,2.9833131749784503,EXECUTE,SUCCESS,8541695,0,0.0
0,102,167,2.9526640513272078,EXECUTE,SUCCESS,8541698,0,0.0
0,103,168,2.921693430187363,EXECUTE,SUCCESS,8541701,0,0.0
0,104,169,2.8903909770133174,EXECUTE,SUCCESS,8541704,0,0.0
0,105,171,2.8869330612260478,EXECUTE,SUCCESS,8541705,0,0.0
0,106,174,2.883477934717032,EXECUTE,SUCCESS,8541706,0,0.0
0,107,176,2.880018663133973,EXECUTE,SUCCESS,8541707,0,0.0
0,108,182,2.8482793051244104,EXECUTE,SUCCESS,8541710,0,0.0
0,109,183,2.844777232051746,EXECUTE,SUCCESS,8541711,0,0.0
0,110,186,2.8412708424224524,EXECUTE,SUCCESS,8541712,0,0.0
0,111,189,2.837760120235675,EXECUTE,SUCCESS,8541713,0,0.0
0,112,191,2.8342450493914586,EXECUTE,SUCCESS,8541714,0,0.0
0,113,192,2.830725613689888,EXECUTE,SUCCESS,8541715,0,0.0
0,114,193,2.8272017968302143,EXECUTE,SUCCESS,8541716,0,0.0
0,115,7,2.8236735824099766,EXECUTE,SUCCESS,8541717,0,0.0
0,116,15,2.0,EXECUTE,CRASH,8541756,34,0.002125
0,95,154,2.996675240996262,EXECUTE,SUCCESS,8621757,0,0.0
0,96,155,2.993346789130855,EXECUTE,SUCCESS,8621758,0,0.0
0,97,158,2.990014632071221,EXECUTE,SUCCESS,8621759,0,0.0
0,98,159,2.9866787574160027,EXECUTE,SUCCESS,8621760,0,0.0
0,99,160,2.98333915269451,EXECUTE,SUCCESS,8621761,0,0.0
0,100,163,2.979995805366175,EXECUTE,SUCCESS,8621762,0,0.0
0,101,165,2.9766487028200013,EXECUTE,SUCCESS,8621763,0,0.0
0,102,167,2.945950610583959,EXECUTE,SUCCESS,8621766,0,0.0
0,103,168,2.9149086606615993,EXECUTE,SUCCESS,8621769,0,0.0
0,104,169,2.88353255573784,EXECUTE,SUCCESS,8621772,0,0.0
0,105,171,2.880066405484429,EXECUTE,SUCCESS,8621773,0,0.0
0,106,174,2.876603031354865,EXECUTE,SUCCESS,8621774,0,0.0
0,107,176,2.87313548236069,EXECUTE,SUCCESS,8621775,0,0.0
0,108,182,2.841298118818227,EXECUTE,SUCCESS,8621778,0,0.0
0,109,183,2.837780382623009,EXECUTE,SUCCESS,8621779,0,0.0
0,110,186,2.834258280397181,EXECUTE,SUCCESS,8621780,0,0.0
0,111,189,2.83073179584361,EXECUTE,SUCCESS,8621781,0,0.0
0,112,191,2.8272079866893396,EXECUTE,SUCCESS,8621782,0,0.0
0,113,192,2.823679780003389,EXECUTE,SUCCESS,8621783,0,0.0
0,114,193,2.8201471592808747,EXECUTE,SUCCESS,8621784,0,0.0
0,115,7,2.816610107913409,EXECUTE,SUCCESS,8621785,0,0.0
0,116,15,2.7284803462733582,EXECUTE,SUCCESS,8621790,0,0.0
0,117,16,2.7248169663300295,EXECUTE,SUCCESS,8621791,0,0.0
0,118,17,2.721148654520731,EXECUTE,SUCCESS,8621792,0,0.0
0,119,18,2.71747539087293,EXECUTE,SUCCESS,8621793,0,0.0
0,120,19,2.7137971552789244,EXECUTE,SUCCESS,8621794,0,0.0
0,121,20,2.7101139274945587,EXECUTE,SUCCESS,8621795,0,0.0
0,122,21,2.7064256871379238,EXECUTE,SUCCESS,8621796,0,0.0
0,123,22,2.702732413688041,EXECUTE,SUCCESS,8621797,0,0.0
0,124,23,2.69903408648353,EXECUTE,SUCCESS,8621798,0,0.0
0,125,24,2.6953306847212612,EXECUTE,SUCCESS,8621799,0,0.0
0,126,25,2.6916221874549895,EXECUTE,SUCCESS,8621800,0,0.0
0,127,26,2.687908573593972,EXECUTE,SUCCESS,8621801,0,0.0
0,128,27,2.68418982190157,EXECUTE,SUCCESS,8621802,0,0.0
0,129,28,2.6804659109938296,EXECUTE,SUCCESS,8621803,0,0.0
0,130,29,2.67673681933805,EXECUTE,SUCCESS,8621804,0,0.0
0,131,30,2.6730025252513285,EXECUTE,SUCCESS,8621805,0,0.0
0,132,31,2.6692630068990915,EXECUTE,SUCCESS,8621806,0,0.0
0,133,35,2.576058520298011,EXECUTE,SUCCESS,8621811,0,0.0
0,134,36,2.5721780653757196,EXECUTE,SUCCESS,8621812,0,0.0
0,135,40,2.5682995347116306,EXECUTE,SUCCESS,8621813,0,0.0
0,136,41,2.5644151379993017,EXECUTE,SUCCESS,8621814,0,0.0
0,137,42,2.5199032719531074,EXECUTE,SUCCESS,8621817,0,0.0
0,138,44,2.5159441567729552,EXECUTE,SUCCESS,8621818,0,0.0
0,139,46,2.5020191845787227,EXECUTE,SUCCESS,8621820,0,0.0
0,140,49,2.4980317251788406,EXECUTE,SUCCESS,8621821,0,0.0
0,141,51,2.4940378906504153,EXECUTE,SUCCESS,8621822,0,0.0
0,142,52,2.4482468217073157,EXECUTE,SUCCESS,8621825,0,0.0
0,143,54,2.4108297326854036,EXECUTE,SUCCESS,8621828,0,0.0
0,144,55,2.296404798810518,EXECUTE,SUCCESS,8621834,0,0.0
0,145,56,2.1759710476015015,EXECUTE,SUCCESS,8621840,0,0.0
0,146,57,2.0484689404528384,EXECUTE,SUCCESS,8621846,0,0.0
0,147,58,2.0000937478028376,EXECUTE,SUCCESS,8621852,0,0.0
0,148,61,2.0000168749288094,EXECUTE,SUCCESS,8621855,0,0.0
0,149,62,2.0000168749288094,EXECUTE,SUCCESS,8621858,0,0.0
0,150,63,2.0000337497152394,EXECUTE,SUCCESS,8621864,0,0.0
0,151,64,2.0000337497152394,EXECUTE,SUCCESS,8621870,0,0.0
0,152,65,2.0000337497152394,EXECUTE,SUCCESS,8621876,0,0.0
0,153,66,2.0000337497152394,EXECUTE,SUCCESS,8621882,0,0.0
0,154,68,2.000031249755863,EXECUTE,SUCCESS,8621884,0,0.0
0,155,69,2.0000781234741805,EXECUTE,SUCCESS,8621889,0,0.0
0,156,70,2.0000337497152394,EXECUTE,SUCCESS,8621895,0,0.0
0,157,71,2.000028124802249,EXECUTE,SUCCESS,8621900,0,0.0
0,158,72,2.0000781234741805,EXECUTE,SUCCESS,8621905,0,0.0
0,159,73,2.0000781234741805,EXECUTE,SUCCESS,8621910,0,0.0
0,160,76,2.0000468744506965,EXECUTE,SUCCESS,8621913,0,0.0
0,161,77,2.0000937478028376,EXECUTE,SUCCESS,8621919,0,0.0
0,162,78,2.0000937478028376,EXECUTE,SUCCESS,8621925,0,0.0
0,163,79,2.0000937478028376,EXECUTE,SUCCESS,8621931,0,0.0
0,164,80,2.0000937478028376,EXECUTE,SUCCESS,8621937,0,0.0
0,165,84,2.00000562499209,EXECUTE,SUCCESS,8621938,0,0.0
0,166,86,2.00000562499209,EXECUTE,SUCCESS,8621939,0,0.0
0,167,87,2.0000168749288094,EXECUTE,SUCCESS,8621942,0,0.0
0,168,88,2.0000337497152394,EXECUTE,SUCCESS,8621948,0,0.0
0,169,92,2.00000562499209,EXECUTE,SUCCESS,8621949,0,0.0
0,170,94,2.00000562499209,EXECUTE,SUCCESS,8621950,0,0.0
0,171,95,2.0000168749288094,EXECUTE,SUCCESS,8621953,0,0.0
0,172,96,2.000028124802249,EXECUTE,SUCCESS,8621958,0,0.0
0,173,100,2.00000562499209,EXECUTE,SUCCESS,8621959,0,0.0
0,174,102,2.00000562499209,EXECUTE,SUCCESS,8621960,0,0.0
0,175,105,2.000031249755863,EXECUTE,SUCCESS,8621962,0,0.0
0,176,106,2.0000112499683596,EXECUTE,SUCCESS,8621964,0,0.0
0,177,107,2.0000112499683596,EXECUTE,SUCCESS,8621966,0,0.0
0,178,108,2.0000112499683596,EXECUTE,SUCCESS,8621968,0,0.0
0,179,109,2.0000112499683596,EXECUTE,SUCCESS,8621970,0,0.0
0,180,112,2.0000112499683596,EXECUTE,SUCCESS,8621972,0,0.0
0,181,113,2.0000112499683596,EXECUTE,SUCCESS,8621974,0,0.0
0,182,114,2.000031249755863,EXECUTE,SUCCESS,8621976,0,0.0
0,183,115,2.000031249755863,EXECUTE,SUCCESS,8621978,0,0.0
0,184,116,2.000031249755863,EXECUTE,SUCCESS,8621980,0,0.0
0,185,117,2.000031249755863,EXECUTE,SUCCESS,8621982,0,0.0
0,186,120,2.000031249755863,EXECUTE,SUCCESS,8621984,0,0.0
0,187,121,2.000031249755863,EXECUTE,SUCCESS,8621986,0,0.0
0,188,122,2.0000112499683596,EXECUTE,SUCCESS,8621988,0,0.0
0,189,123,2.0000112499683596,EXECUTE,SUCCESS,8621990,0,0.0
0,190,124,2.0000112499683596,EXECUTE,SUCCESS,8621992,0,0.0
0,191,127,2.00000562499209,EXECUTE,SUCCESS,8621993,0,0.0
0,192,129,2.00000562499209,EXECUTE,SUCCESS,8621994,0,0.0
0,193,130,2.00000562499209,EXECUTE,SUCCESS,8621995,0,0.0
0,194,131,2.0000168749288094,EXECUTE,SUCCESS,8621998,0,0.0
0,195,132,2.0000468744506965,EXECUTE,SUCCESS,8622001,0,0.0
0,196,133,2.0000468744506965,EXECUTE,SUCCESS,8622004,0,0.0
0,197,134,2.0000468744506965,EXECUTE,SUCCESS,8622007,0,0.0
0,198,135,2.0000468744506965,EXECUTE,SUCCESS,8622010,0,0.0
0,199,136,2.0000468744506965,EXECUTE,SUCCESS,8622013,0,0.0
0,200,138,2.0000168749288094,EXECUTE,SUCCESS,8622016,0,0.0
0,201,139,2.0000168749288094,EXECUTE,SUCCESS,8622019,0,0.0
0,202,140,2.0000168749288094,EXECUTE,SUCCESS,8622022,0,0.0
0,203,141,2.0000168749288094,EXECUTE,SUCCESS,8622025,0,0.0
0,204,145,2.00000562499209,EXECUTE,SUCCESS,8622026,0,0.0
0,205,147,2.0000112499683596,EXECUTE,SUCCESS,8622028,0,0.0
0,206,149,2.00000562499209,EXECUTE,SUCCESS,8622029,0,0.0
0,207,151,2.0000168749288094,EXECUTE,SUCCESS,8622032,0,0.0
0,208,152,2.00000562499209,EXECUTE,SUCCESS,8622033,0,0.0
0,209,153,2.00000562499209,EXECUTE,SUCCESS,8622034,0,0.0
0,210,154,2.00000562499209,EXECUTE,SUCCESS,8622035,0,0.0
0,211,155,2.00000562499209,EXECUTE,SUCCESS,8622036,0,0.0
0,212,158,2.0000156249389653,EXECUTE,SUCCESS,8622037,0,0.0
0,213,159,2.0000156249389653,EXECUTE,SUCCESS,8622038,0,0.0
0,214,160,2.0000156249389653,EXECUTE,SUCCESS,8622039,0,0.0
0,215,163,2.0000156249389653,EXECUTE,SUCCESS,8622040,0,0.0
0,216,165,2.0000156249389653,EXECUTE,SUCCESS,8622041,0,0.0
0,217,167,2.0000468744506965,EXECUTE,SUCCESS,8622044,0,0.0
0,218,168,2.0000468744506965,EXECUTE,SUCCESS,8622047,0,0.0
0,219,169,2.0000468744506965,EXECUTE,SUCCESS,8622050,0,0.0
0,220,171,2.0000156249389653,EXECUTE,SUCCESS,8622051,0,0.0
0,221,174,2.0000156249389653,EXECUTE,SUCCESS,8622052,0,0.0
0,222,176,2.0000156249389653,EXECUTE,SUCCESS,8622053,0,0.0
0,223,182,2.0000468744506965,EXECUTE,SUCCESS,8622056,0,0.0
0,224,183,2.0000156249389653,EXECUTE,SUCCESS,8622057,0,0.0
0,225,186,2.0000156249389653,EXECUTE,SUCCESS,8622058,0,0.0
0,226,189,2.0000156249389653,EXECUTE,SUCCESS,8622059,0,0.0
0,227,191,2.0000156249389653,EXECUTE,SUCCESS,8622060,0,0.0
0,228,192,2.0000156249389653,EXECUTE,SUCCESS,8622061,0,0.0
0,229,193,2.0000156249389653,EXECUTE,SUCCESS,8622062,0,0.0
0,230,7,2.0000156249389653,EXECUTE,SUCCESS,8622063,0,0.0
0,231,15,2.0000781234741805,EXECUTE,SUCCESS,8622068,0,0.0
0,232,16,2.0000156249389653,EXECUTE,SUCCESS,8622069,0,0.0
0,233,17,2.00000562499209,EXECUTE,SUCCESS,8622070,0,0.0
0,234,18,2.00000562499209,EXECUTE,SUCCESS,8622071,0,0.0
0,235,19,2.00000562499209,EXECUTE,SUCCESS,8622072,0,0.0
0,236,20,2.0000156249389653,EXECUTE,SUCCESS,8622073,0,0.0
0,237,21,2.0000156249389653,EXECUTE,SUCCESS,8622074,0,0.0
0,238,22,2.0000156249389653,EXECUTE,SUCCESS,8622075,0,0.0
0,239,23,2.0000156249389653,EXECUTE,SUCCESS,8622076,0,0.0
0,240,24,2.0000156249389653,EXECUTE,SUCCESS,8622077,0,0.0
0,241,25,2.0000156249389653,EXECUTE,SUCCESS,8622078,0,0.0
0,242,26,2.0000156249389653,EXECUTE,SUCCESS,8622079,0,0.0
0,243,27,2.0000156249389653,EXECUTE,SUCCESS,8622080,0,0.0
0,244,28,2.0000156249389653,EXECUTE,SUCCESS,8622081,0,0.0
0,245,29,2.00000562499209,EXECUTE,SUCCESS,8622082,0,0.0
0,246,30,2.00000562499209,EXECUTE,SUCCESS,8622083,0,0.0
0,247,31,2.00000562499209,EXECUTE,SUCCESS,8622084,0,0.0
0,248,35,2.0000781234741805,EXECUTE,SUCCESS,8622089,0,0.0
0,249,36,2.0000156249389653,EXECUTE,SUCCESS,8622090,0,0.0
0,250,40,2.0000156249389653,EXECUTE,SUCCESS,8622091,0,0.0
0,251,41,2.0000156249389653,EXECUTE,SUCCESS,8622092,0,0.0
0,252,42,2.0000468744506965,EXECUTE,SUCCESS,8622095,0,0.0
0,253,44,2.0000156249389653,EXECUTE,SUCCESS,8622096,0,0.0
0,254,46,2.000031249755863,EXECUTE,SUCCESS,8622098,0,0.0
0,255,49,2.00000562499209,EXECUTE,SUCCESS,8622099,0,0.0
0,256,51,2.00000562499209,EXECUTE,SUCCESS,8622100,0,0.0
0,257,52,2.0000168749288094,EXECUTE,SUCCESS,8622103,0,0.0
0,258,54,2.0000168749288094,EXECUTE,SUCCESS,8622106,0,0.0
0,259,55,2.0000337497152394,EXECUTE,SUCCESS,8622112,0,0.0
0,260,56,2.0000337497152394,EXECUTE,SUCCESS,8622118,0,0.0
0,261,57,2.0000337497152394,EXECUTE,SUCCESS,8622124,0,0.0
0,262,58,2.0000337497152394,EXECUTE,SUCCESS,8622130,0,0.0
0,263,61,2.0000168749288094,EXECUTE,SUCCESS,8622133,0,0.0
0,264,62,2.0000168749288094,EXECUTE,SUCCESS,8622136,0,0.0
0,265,63,2.0000937478028376,EXECUTE,SUCCESS,8622142,0,0.0
0,266,64,2.0000937478028376,EXECUTE,SUCCESS,8622148,0,0.0
0,267,65,2.0000937478028376,EXECUTE,SUCCESS,8622154,0,0.0
0,268,66,2.0000937478028376,EXECUTE,SUCCESS,8622160,0,0.0
0,269,68,2.0000112499683596,EXECUTE,SUCCESS,8622162,0,0.0
0,270,69,2.000028124802249,EXECUTE,SUCCESS,8622167,0,0.0
0,271,70,2.0000337497152394,EXECUTE,SUCCESS,8622173,0,0.0
0,272,71,2.000028124802249,EXECUTE,SUCCESS,8622178,0,0.0
0,273,72,2.0000781234741805,EXECUTE,SUCCESS,8622183,0,0.0
0,274,73,2.000028124802249,EXECUTE,SUCCESS,8622188,0,0.0
0,275,76,2.0,EXECUTE,CRASH,8622626,435,0.0271875
0,95,154,3.0033352293741706,EXECUTE,SUCCESS,8846627,0,0.0
0,96,155,3.0000141666332176,EXECUTE,SUCCESS,8846628,0,0.0
0,97,158,2.996689423347037,EXECUTE,SUCCESS,8846629,0,0.0
0,98,159,2.9933609872516205,EXECUTE,SUCCESS,8846630,0,0.0
0,99,160,2.9900288460146993,EXECUTE,SUCCESS,8846631,0,0.0
0,100,163,2.9866929872352115,EXECUTE,SUCCESS,8846632,0,0.0
0,101,165,2.9833533984427643,EXECUTE,SUCCESS,8846633,0,0.0
0,102,167,2.952725012594297,EXECUTE,SUCCESS,8846636,0,0.0
0,103,168,2.921775573174639,EXECUTE,SUCCESS,8846639,0,0.0
0,104,169,2.8904947673365524,EXECUTE,SUCCESS,8846642,0,0.0
0,105,171,2.8870439033724424,EXECUTE,SUCCESS,8846643,0,0.0
0,106,174,2.883588909674884,EXECUTE,SUCCESS,8846644,0,0.0
0,107,176,2.8801297713818355,EXECUTE,SUCCESS,8846645,0,0.0
0,108,182,2.8483916514412098,EXECUTE,SUCCESS,8846648,0,0.0
0,109,183,2.8448897166674105,EXECUTE,SUCCESS,8846649,0,0.0
0,110,186,2.841383465848983,EXECUTE,SUCCESS,8846650,0,0.0
0,111,189,2.8378728829882385,EXECUTE,SUCCESS,8846651,0,0.0
0,112,191,2.8343579519884172,EXECUTE,SUCCESS,8846652,0,0.0
0,113,192,2.8308386566528254,EXECUTE,SUCCESS,8846653,0,0.0
0,114,193,2.8273079068258506,EXECUTE,SUCCESS,8846654,0,0.0
0,115,7,2.8237727422722907,EXECUTE,SUCCESS,8846655,0,0.0
0,116,15,2.7358371662070775,EXECUTE,SUCCESS,8846660,0,0.0
0,117,16,2.7321836504891053,EXECUTE,SUCCESS,8846661,0,0.0
0,118,17,2.7285252426906323,EXECUTE,SUCCESS,8846662,0,0.0
0,119,18,2.7248619231072926,EXECUTE,SUCCESS,8846663,0,0.0
0,120,19,2.721201021607917,EXECUTE,SUCCESS,8846664,0,0.0
0,121,20,2.0,EXECUTE,CRASH,8846704,39,0.0024375
0,95,154,2.996675240996262,EXECUTE,SUCCESS,8926705,0,0.0
0,96,155,2.993346789130855,EXECUTE,SUCCESS,8926706,0,0.0
0,97,158,2.990014632071221,EXECUTE,SUCCESS,8926707,0,0.0
0,98,159,2.9866787574160027,EXECUTE,SUCCESS,8926708,0,0.0
0,99,160,2.98333244878944,EXECUTE,SUCCESS,8926709,0,0.0
0,100,163,2.9799823824982585,EXECUTE,SUCCESS,8926710,0,0.0
0,101,165,2.976628545855192,EXECUTE,SUCCESS,8926711,0,0.0
0,102,167,2.9459098764218834,EXECUTE,SUCCESS,8926714,0,0.0
0,103,168,2.9148674927001395,EXECUTE,SUCCESS,8926717,0,0.0
0,104,169,2.8834909398158333,EXECUTE,SUCCESS,8926720,0,0.0
0,105,171,2.880024739477076,EXECUTE,SUCCESS,8926721,0,0.0
0,106,174,2.8765543624273815,EXECUTE,SUCCESS,8926722,0,0.0
0,107,176,2.873079793531673,EXECUTE,SUCCESS,8926723,0,0.0
0,108,182,2.8412629234197952,EXECUTE,SUCCESS,8926726,0,0.0
0,109,183,2.837745143595527,EXECUTE,SUCCESS,8926727,0,0.0
0,110,186,2.834222997577996,EXECUTE,SUCCESS,8926728,0,0.0
0,111,189,2.830696469069052,EXECUTE,SUCCESS,8926729,0,0.0
0,112,191,2.827165541668899,EXECUTE,SUCCESS,8926730,0,0.0
0,113,192,2.823637281946815,EXECUTE,SUCCESS,8926731,0,0.0
0,114,193,2.8200975160444357,EXECUTE,SUCCESS,8926732,0,0.0
0,115,7,2.8165604023347335,EXECUTE,SUCCESS,8926733,0,0.0
0,116,15,2.728429035177568,EXECUTE,SUCCESS,8926738,0,0.0
0,117,16,2.7247729263188143,EXECUTE,SUCCESS,8926739,0,0.0
0,118,17,2.721104555139327,EXECUTE,SUCCESS,8926740,0,0.0
0,119,18,2.717431231880578,EXECUTE,SUCCESS,8926741,0,0.0
0,120,19,2.7137529364332327,EXECUTE,SUCCESS,8926742,0,0.0
0,121,20,2.7100696485514892,EXECUTE,SUCCESS,8926743,0,0.0
0,122,21,2.7063813478517753,EXECUTE,SUCCESS,8926744,0,0.0
0,123,22,2.7026954138415213,EXECUTE,SUCCESS,8926745,0,0.0
0,124,23,2.699004446087481,EXECUTE,SUCCESS,8926746,0,0.0
0,125,24,2.6953084239099594,EXECUTE,SUCCESS,8926747,0,0.0
0,126,25,2.691607326487277,EXECUTE,SUCCESS,8926748,0,0.0
0,127,26,2.6879011328544036,EXECUTE,SUCCESS,8926749,0,0.0
0,128,27,2.6841898219015707,EXECUTE,SUCCESS,8926750,0,0.0
0,129,28,2.6804733723728695,EXECUTE,SUCCESS,8926751,0,0.0
0,130,29,2.6767517628648316,EXECUTE,SUCCESS,8926752,0,0.0
0,131,30,2.673024971824989,EXECUTE,SUCCESS,8926753,0,0.0
0,132,31,2.6692929775504193,EXECUTE,SUCCESS,8926754,0,0.0
0,133,35,2.5760895753059487,EXECUTE,SUCCESS,8926759,0,0.0
0,134,36,2.5722091672334857,EXECUTE,SUCCESS,8926760,0,0.0
0,135,40,2.5683228963664173,EXECUTE,SUCCESS,8926761,0,0.0
0,136,41,2.5644307360503973,EXECUTE,SUCCESS,8926762,0,0.0
0,137,42,2.5198953351280253,EXECUTE,SUCCESS,8926765,0,0.0
0,138,44,2.5159282581186573,EXECUTE,SUCCESS,8926766,0,0.0
0,139,46,2.5019872101991214,EXECUTE,SUCCESS,8926768,0,0.0
0,140,49,2.497991693340869,EXECUTE,SUCCESS,8926769,0,0.0
0,141,51,2.4939897754401446,EXECUTE,SUCCESS,8926770,0,0.0
0,142,52,2.448173298604489,EXECUTE,SUCCESS,8926773,0,0.0
0,143,54,2.410755068438099,EXECUTE,SUCCESS,8926776,0,0.0
0,144,55,2.2963264140796675,EXECUTE,SUCCESS,8926782,0,0.0
0,145,56,2.175833173752065,EXECUTE,SUCCESS,8926788,0,0.0
0,146,57,2.0,EXECUTE,CRASH,8926884,90,0.005625
0,95,154,3.049600383656849,EXECUTE,SUCCESS,9134885,0,0.0
0,96,155,3.0463297589066087,EXECUTE,SUCCESS,9134886,0,0.0
0,97,158,3.043055618946193,EXECUTE,SUCCESS,9134887,0,0.0
0,98,159,3.039777952416919,EXECUTE,SUCCESS,9134888,0,0.0
0,99,160,3.036496747898801,EXECUTE,SUCCESS,9134889,0,0.0
0,100,163,3.0332119939100854,EXECUTE,SUCCESS,9134890,0,0.0
0,101,165,3.0299236789067794,EXECUTE,SUCCESS,9134891,0,0.0
0,102,167,2.9997708245797696,EXECUTE,SUCCESS,9134894,0,0.0
0,103,168,2.969311788950428,EXECUTE,SUCCESS,9134897,0,0.0
0,104,169,2.9385370509830215,EXECUTE,SUCCESS,9134900,0,0.0
0,105,171,2.935142671149052,EXECUTE,SUCCESS,9134901,0,0.0
0,106,174,2.9317443612975516,EXECUTE,SUCCESS,9134902,0,0.0
0,107,176,2.9283421077462903,EXECUTE,SUCCESS,9134903,0,0.0
0,108,182,2.897132202713571,EXECUTE,SUCCESS,9134906,0,0.0
0,109,183,2.8936892542220187,EXECUTE,SUCCESS,9134907,0,0.0
0,110,186,2.890242204383567,EXECUTE,SUCCESS,9134908,0,0.0
0,111,189,2.886791038506248,EXECUTE,SUCCESS,9134909,0,0.0
0,112,191,2.883335741810166,EXECUTE,SUCCESS,9134910,0,0.0
0,113,192,2.879869354675656,EXECUTE,SUCCESS,9134911,0,0.0
0,114,193,2.876398790154102,EXECUTE,SUCCESS,9134912,0,0.0
0,115,7,2.872924033106337,EXECUTE,SUCCESS,9134913,0,0.0
0,116,15,2.7865399692091235,EXECUTE,SUCCESS,9134918,0,0.0
0,117,16,2.782953017928974,EXECUTE,SUCCESS,9134919,0,0.0
0,118,17,2.7793686333410297,EXECUTE,SUCCESS,9134920,0,0.0
0,119,18,2.7757796202148293,EXECUTE,SUCCESS,9134921,0,0.0
0,120,19,2.7721787460407348,EXECUTE,SUCCESS,9134922,0,0.0
0,121,20,2.7685731884853575,EXECUTE,SUCCESS,9134923,0,0.0
0,122,21,2.7649701625876504,EXECUTE,SUCCESS,9134924,0,0.0
0,123,22,2.7613551926545012,EXECUTE,SUCCESS,9134925,0,0.0
0,124,23,2.757735484052083,EXECUTE,SUCCESS,9134926,0,0.0
0,125,24,2.7541110180963977,EXECUTE,SUCCESS,9134927,0,0.0
0,126,25,2.750481775980342,EXECUTE,SUCCESS,9134928,0,0.0
0,127,26,2.746847738772569,EXECUTE,SUCCESS,9134929,0,0.0
0,128,27,2.743208887416337,EXECUTE,SUCCESS,9134930,0,0.0
0,129,28,2.739565202728341,EXECUTE,SUCCESS,9134931,0,0.0
0,130,29,2.735916665397536,EXECUTE,SUCCESS,9134932,0,0.0
0,131,30,2.7322632559839426,EXECUTE,SUCCESS,9134933,0,0.0
0,132,31,2.7286122846604597,EXECUTE,SUCCESS,9134934,0,0.0
0,133,35,2.637543838498229,EXECUTE,SUCCESS,9134939,0,0.0
0,134,36,2.6337615685555082,EXECUTE,SUCCESS,9134940,0,0.0
0,135,40,2.6299738591856703,EXECUTE,SUCCESS,9134941,0,0.0
0,136,41,2.626180686853052,EXECUTE,SUCCESS,9134942,0,0.0
0,137,42,2.582733532519367,EXECUTE,SUCCESS,9134945,0,0.0
0,138,44,2.578870876953704,EXECUTE,SUCCESS,9134946,0,0.0
0,139,46,2.565287508253211,EXECUTE,SUCCESS,9134948,0,0.0
0,140,49,2.5613985437647084,EXECUTE,SUCCESS,9134949,0,0.0
0,141,51,2.557503665686516,EXECUTE,SUCCESS,9134950,0,0.0
0,142,52,2.512869375833127,EXECUTE,SUCCESS,9134953,0,0.0
0,143,54,2.4764288804647654,EXECUTE,SUCCESS,9134956,0,0.0
0,144,55,2.3651796971900407,EXECUTE,SUCCESS,9134962,0,0.0
0,145,56,2.2484327875211148,EXECUTE,SUCCESS,9134968,0,0.0
0,146,57,2.1252258703488365,EXECUTE,SUCCESS,9134974,0,0.0
0,147,58,2.0000337497152394,EXECUTE,SUCCESS,9134980,0,0.0
0,148,61,2.0000468744506965,EXECUTE,SUCCESS,9134983,0,0.0
0,149,62,2.0000468744506965,EXECUTE,SUCCESS,9134986,0,0.0
0,150,63,2.0000937478028376,EXECUTE,SUCCESS,9134992,0,0.0
0,151,64,2.0000937478028376,EXECUTE,SUCCESS,9134998,0,0.0
0,152,65,2.0000937478028376,EXECUTE,SUCCESS,9135004,0,0.0
0,153,66,2.0000937478028376,EXECUTE,SUCCESS,9135010,0,0.0
0,154,68,2.000031249755863,EXECUTE,SUCCESS,9135012,0,0.0
0,155,69,2.0000781234741805,EXECUTE,SUCCESS,9135017,0,0.0
0,156,70,2.0000937478028376,EXECUTE,SUCCESS,9135023,0,0.0
0,157,71,2.0000781234741805,EXECUTE,SUCCESS,9135028,0,0.0
0,158,72,2.0000781234741805,EXECUTE,SUCCESS,9135033,0,0.0
0,159,73,2.0000781234741805,EXECUTE,SUCCESS,9135038,0,0.0
0,160,76,2.0000468744506965,EXECUTE,SUCCESS,9135041,0,0.0
0,161,77,2.0000937478028376,EXECUTE,SUCCESS,9135047,0,0.0
0,162,78,2.0000337497152394,EXECUTE,SUCCESS,9135053,0,0.0
0,163,79,2.0000337497152394,EXECUTE,SUCCESS,9135059,0,0.0
0,164,80,2.0000937478028376,EXECUTE,SUCCESS,9135065,0,0.0
0,165,84,2.0000156249389653,EXECUTE,SUCCESS,9135066,0,0.0
0,166,86,2.0000156249389653,EXECUTE,SUCCESS,9135067,0,0.0
0,167,87,2.0000468744506965,EXECUTE,SUCCESS,9135070,0,0.0
0,168,88,2.0000337497152394,EXECUTE,SUCCESS,9135076,0,0.0
0,169,92,2.00000562499209,EXECUTE,SUCCESS,9135077,0,0.0
0,170,94,2.0000156249389653,EXECUTE,SUCCESS,9135078,0,0.0
0,171,95,2.0000468744506965,EXECUTE,SUCCESS,9135081,0,0.0
0,172,96,2.0000781234741805,EXECUTE,SUCCESS,9135086,0,0.0
0,173,100,2.0000156249389653,EXECUTE,SUCCESS,9135087,0,0.0
0,174,102,2.0000156249389653,EXECUTE,SUCCESS,9135088,0,0.0
0,175,105,2.0000112499683596,EXECUTE,SUCCESS,9135090,0,0.0
0,176,106,2.000031249755863,EXECUTE,SUCCESS,9135092,0,0.0
0,177,107,2.000031249755863,EXECUTE,SUCCESS,9135094,0,0.0
0,178,108,2.000031249755863,EXECUTE,SUCCESS,9135096,0,0.0
0,179,109,2.000031249755863,EXECUTE,SUCCESS,9135098,0,0.0
0,180,112,2.000031249755863,EXECUTE,SUCCESS,9135100,0,0.0
0,181,113,2.0000112499683596,EXECUTE,SUCCESS,9135102,0,0.0
0,182,114,2.0000112499683596,EXECUTE,SUCCESS,9135104,0,0.0
0,183,115,2.0000112499683596,EXECUTE,SUCCESS,9135106,0,0.0
0,184,116,2.0000112499683596,EXECUTE,SUCCESS,9135108,0,0.0
0,185,117,2.0000112499683596,EXECUTE,SUCCESS,9135110,0,0.0
0,186,120,2.0000112499683596,EXECUTE,SUCCESS,9135112,0,0.0
0,187,121,2.0000112499683596,EXECUTE,SUCCESS,9135114,0,0.0
0,188,122,2.0000112499683596,EXECUTE,SUCCESS,9135116,0,0.0
0,189,123,2.0000112499683596,EXECUTE,SUCCESS,9135118,0,0.0
0,190,124,2.0000112499683596,EXECUTE,SUCCESS,9135120,0,0.0
0,191,127,2.00000562499209,EXECUTE,SUCCESS,9135121,0,0.0
0,192,129,2.0000156249389653,EXECUTE,SUCCESS,9135122,0,0.0
0,193,130,2.0000156249389653,EXECUTE,SUCCESS,9135123,0,0.0
0,194,131,2.0000168749288094,EXECUTE,SUCCESS,9135126,0,0.0
0,195,132,2.0000168749288094,EXECUTE,SUCCESS,9135129,0,0.0
0,196,133,2.0000168749288094,EXECUTE,SUCCESS,9135132,0,0.0
0,197,134,2.0000168749288094,EXECUTE,SUCCESS,9135135,0,0.0
0,198,135,2.0000168749288094,EXECUTE,SUCCESS,9135138,0,0.0
0,199,136,2.0000168749288094,EXECUTE,SUCCESS,9135141,0,0.0
0,200,138,2.0000168749288094,EXECUTE,SUCCESS,9135144,0,0.0
0,201,139,2.0000468744506965,EXECUTE,SUCCESS,9135147,0,0.0
0,202,140,2.0000468744506965,EXECUTE,SUCCESS,9135150,0,0.0
0,203,141,2.0000468744506965,EXECUTE,SUCCESS,9135153,0,0.0
0,204,145,2.0000156249389653,EXECUTE,SUCCESS,9135154,0,0.0
0,205,147,2.000031249755863,EXECUTE,SUCCESS,9135156,0,0.0
0,206,149,2.0000156249389653,EXECUTE,SUCCESS,9135157,0,0.0
0,207,151,2.0000468744506965,EXECUTE,SUCCESS,9135160,0,0.0
0,208,152,2.0000156249389653,EXECUTE,SUCCESS,9135161,0,0.0
0,209,153,2.00000562499209,EXECUTE,SUCCESS,9135162,0,0.0
0,210,154,2.00000562499209,EXECUTE,SUCCESS,9135163,0,0.0
0,211,155,2.0000156249389653,EXECUTE,SUCCESS,9135164,0,0.0
0,212,158,2.0000156249389653,EXECUTE,SUCCESS,9135165,0,0.0
0,213,159,2.0000156249389653,EXECUTE,SUCCESS,9135166,0,0.0
0,214,160,2.00000562499209,EXECUTE,SUCCESS,9135167,0,0.0
0,215,163,2.0000156249389653,EXECUTE,SUCCESS,9135168,0,0.0
0,216,165,2.0000156249389653,EXECUTE,SUCCESS,9135169,0,0.0
0,217,167,2.0000168749288094,EXECUTE,SUCCESS,9135172,0,0.0
0,218,168,2.0000168749288094,EXECUTE,SUCCESS,9135175,0,0.0
0,219,169,2.0000168749288094,EXECUTE,SUCCESS,9135178,0,0.0
0,220,171,2.00000562499209,EXECUTE,SUCCESS,9135179,0,0.0
0,221,174,2.00000562499209,EXECUTE,SUCCESS,9135180,0,0.0
0,222,176,2.00000562499209,EXECUTE,SUCCESS,9135181,0,0.0
0,223,182,2.0000468744506965,EXECUTE,SUCCESS,9135184,0,0.0
0,224,183,2.0000156249389653,EXECUTE,SUCCESS,9135185,0,0.0
0,225,186,2.0000156249389653,EXECUTE,SUCCESS,9135186,0,0.0
0,226,189,2.0000156249389653,EXECUTE,SUCCESS,9135187,0,0.0
0,227,191,2.0000156249389653,EXECUTE,SUCCESS,9135188,0,0.0
0,228,192,2.0000156249389653,EXECUTE,SUCCESS,9135189,0,0.0
0,229,193,2.0,EXECUTE,CRASH,9135496,306,0.019125
0,95,154,2.996675240996262,EXECUTE,SUCCESS,9583497,0,0.0
0,96,155,2.993346789130855,EXECUTE,SUCCESS,9583498,0,0.0
0,97,158,2.990007943133262,EXECUTE,SUCCESS,9583499,0,0.0
0,98,159,2.9866653645830494,EXECUTE,SUCCESS,9583500,0,0.0
0,99,160,2.983319040934107,EXECUTE,SUCCESS,9583501,0,0.0
0,100,163,2.9799756710416276,EXECUTE,SUCCESS,9583502,0,0.0
0,101,165,2.9766218268365896,EXECUTE,SUCCESS,9583503,0,0.0
0,102,167,2.9459030873401106,EXECUTE,SUCCESS,9583506,0,0.0
0,103,168,2.9148606313167007,EXECUTE,SUCCESS,9583509,0,0.0
0,104,169,2.8834840037704383,EXECUTE,SUCCESS,9583512,0,0.0
0,105,171,2.8800177950839116,EXECUTE,SUCCESS,9583513,0,0.0
0,106,174,2.876547409656235,EXECUTE,SUCCESS,9583514,0,0.0
0,107,176,2.8730797935316725,EXECUTE,SUCCESS,9583515,0,0.0
0,108,182,2.8412629234197944,EXECUTE,SUCCESS,9583518,0,0.0
0,109,183,2.8377521914360306,EXECUTE,SUCCESS,9583519,0,0.0
0,110,186,2.834237110758377,EXECUTE,SUCCESS,9583520,0,0.0
0,111,189,2.830717665186691,EXECUTE,SUCCESS,9583521,0,0.0
0,112,191,2.827186764258773,EXECUTE,SUCCESS,9583522,0,0.0
0,113,192,2.823651448036742,EXECUTE,SUCCESS,9583523,0,0.0
0,114,193,2.8201116999154467,EXECUTE,SUCCESS,9583524,0,0.0
0,115,7,2.8165675031853916,EXECUTE,SUCCESS,9583525,0,0.0
0,116,15,2.7284363653931885,EXECUTE,SUCCESS,9583530,0,0.0
0,117,16,2.7247802663701144,EXECUTE,SUCCESS,9583531,0,0.0
0,118,17,2.721119255012538,EXECUTE,SUCCESS,9583532,0,0.0
0,119,18,2.7174533114664525,EXECUTE,SUCCESS,9583533,0,0.0
0,120,19,2.7137824157437507,EXECUTE,SUCCESS,9583534,0,0.0
0,121,20,2.7101065477209536,EXECUTE,SUCCESS,9583535,0,0.0
0,122,21,2.7064256871379238,EXECUTE,SUCCESS,9583536,0,0.0
0,123,22,2.702739813596563,EXECUTE,SUCCESS,9583537,0,0.0
0,124,23,2.6990489065594905,EXECUTE,SUCCESS,9583538,0,0.0
0,125,24,2.695352945348713,EXECUTE,SUCCESS,9583539,0,0.0
0,126,25,2.691651909144267,EXECUTE,SUCCESS,9583540,0,0.0
0,127,26,2.687945776982857,EXECUTE,SUCCESS,9583541,0,0.0
0,128,27,2.684227076832356,EXECUTE,SUCCESS,9583542,0,0.0
0,129,28,2.680503217681332,EXECUTE,SUCCESS,9583543,0,0.0
0,130,29,2.67677417799858,EXECUTE,SUCCESS,9583544,0,0.0
0,131,30,2.6730399361027084,EXECUTE,SUCCESS,9583545,0,0.0
0,132,31,2.6693079627498904,EXECUTE,SUCCESS,9583546,0,0.0
0,133,35,2.5761439206690238,EXECUTE,SUCCESS,9583551,0,0.0
0,134,36,2.5722713698208377,EXECUTE,SUCCESS,9583552,0,0.0
0,135,40,2.5683929800558105,EXECUTE,SUCCESS,9583553,0,0.0
0,136,41,2.5645087248827925,EXECUTE,SUCCESS,9583554,0,0.0
0,137,42,2.5199747022539665,EXECUTE,SUCCESS,9583557,0,0.0
0,138,44,2.516007750385512,EXECUTE,SUCCESS,9583558,0,0.0
0,139,46,2.5020831321121135,EXECUTE,SUCCESS,9583560,0,0.0
0,140,49,2.4980957747852592,EXECUTE,SUCCESS,9583561,0,0.0
0,141,51,2.494102042820214,EXECUTE,SUCCESS,9583562,0,0.0
0,142,52,2.4483121737229436,EXECUTE,SUCCESS,9583565,0,0.0
0,143,54,2.410896098964027,EXECUTE,SUCCESS,9583568,0,0.0
0,144,55,2.2964744718807486,EXECUTE,SUCCESS,9583574,0,0.0
0,145,56,2.0,EXECUTE,CRASH,9583664,84,0.00525
0,95,154,2.996675240996262,EXECUTE,SUCCESS,9663665,0,0.0
0,96,155,2.993346789130855,EXECUTE,SUCCESS,9663666,0,0.0
0,97,158,2.990014632071221,EXECUTE,SUCCESS,9663667,0,0.0
0,98,159,2.9866787574160027,EXECUTE,SUCCESS,9663668,0,0.0
0,99,160,2.98333915269451,EXECUTE,SUCCESS,9663669,0,0.0
0,100,163,2.979995805366175,EXECUTE,SUCCESS,9663670,0,0.0
0,101,165,2.9766487028200013,EXECUTE,SUCCESS,9663671,0,0.0
0,102,167,2.945950610583959,EXECUTE,SUCCESS,9663674,0,0.0
0,103,168,2.9149292444242962,EXECUTE,SUCCESS,9663677,0,0.0
0,104,169,2.8835741710592426,EXECUTE,SUCCESS,9663680,0,0.0
0,105,171,2.8801080708890066,EXECUTE,SUCCESS,9663681,0,0.0
0,106,174,2.8766377943703643,EXECUTE,SUCCESS,9663682,0,0.0
0,107,176,2.0,EXECUTE,CRASH,9663702,19,0.0011875
0,95,154,3.09516760450868,EXECUTE,SUCCESS,9855703,0,0.0
0,96,155,3.09194518062659,EXECUTE,SUCCESS,9855704,0,0.0
0,97,158,3.0887193948301612,EXECUTE,SUCCESS,9855705,0,0.0
0,98,159,3.085483754616122,EXECUTE,SUCCESS,9855706,0,0.0
0,99,160,3.082244717734139,EXECUTE,SUCCESS,9855707,0,0.0
0,100,163,3.079002273464572,EXECUTE,SUCCESS,9855708,0,0.0
0,101,165,3.0757629134899203,EXECUTE,SUCCESS,9855709,0,0.0
0,102,167,3.0460638535657782,EXECUTE,SUCCESS,9855712,0,0.0
0,103,168,3.0160723631902466,EXECUTE,SUCCESS,9855715,0,0.0
0,104,169,2.9857796301803656,EXECUTE,SUCCESS,9855718,0,0.0
0,105,171,2.9824390186557044,EXECUTE,SUCCESS,9855719,0,0.0
0,106,174,2.9790946611344866,EXECUTE,SUCCESS,9855720,0,0.0
0,107,176,2.975746544986653,EXECUTE,SUCCESS,9855721,0,0.0
0,108,182,2.9450390489771108,EXECUTE,SUCCESS,9855724,0,0.0
0,109,183,2.9416521718245345,EXECUTE,SUCCESS,9855725,0,0.0
0,110,186,2.9382545839324403,EXECUTE,SUCCESS,9855726,0,0.0
0,111,189,2.9348530627614045,EXECUTE,SUCCESS,9855727,0,0.0
0,112,191,2.9314544171792942,EXECUTE,SUCCESS,9855728,0,0.0
0,113,192,2.9280449962389574,EXECUTE,SUCCESS,9855729,0,0.0
0,114,193,2.9246316007319617,EXECUTE,SUCCESS,9855730,0,0.0
0,115,7,2.9212142167256405,EXECUTE,SUCCESS,9855731,0,0.0
0,116,15,2.8363365456165455,EXECUTE,SUCCESS,9855736,0,0.0
0,117,16,2.8328126482349654,EXECUTE,SUCCESS,9855737,0,0.0
0,118,17,2.829291430729609,EXECUTE,SUCCESS,9855738,0,0.0
0,119,18,2.8257658254002576,EXECUTE,SUCCESS,9855739,0,0.0
0,120,19,2.8222287292138457,EXECUTE,SUCCESS,9855740,0,0.0
0,121,20,2.818694289915101,EXECUTE,SUCCESS,9855741,0,0.0
0,122,21,2.815155413116653,EXECUTE,SUCCESS,9855742,0,0.0
0,123,22,2.81161208206253,EXECUTE,SUCCESS,9855743,0,0.0
0,124,23,2.8080642798910413,EXECUTE,SUCCESS,9855744,0,0.0
0,125,24,2.8045119896338457,EXECUTE,SUCCESS,9855745,0,0.0
0,126,25,2.8009551942150006,EXECUTE,SUCCESS,9855746,0,0.0
0,127,26,2.797393876450006,EXECUTE,SUCCESS,9855747,0,0.0
0,128,27,2.7938280190448355,EXECUTE,SUCCESS,9855748,0,0.0
0,129,28,2.790257604594957,EXECUTE,SUCCESS,9855749,0,0.0
0,130,29,2.7866826155843416,EXECUTE,SUCCESS,9855750,0,0.0
0,131,30,2.78310303438446,EXECUTE,SUCCESS,9855751,0,0.0
0,132,31,2.779518843253268,EXECUTE,SUCCESS,9855752,0,0.0
0,133,35,2.690174250861826,EXECUTE,SUCCESS,9855757,0,0.0
0,134,36,2.686466080187871,EXECUTE,SUCCESS,9855758,0,0.0
0,135,40,2.6827527839888607,EXECUTE,SUCCESS,9855759,0,0.0
0,136,41,2.679034340951975,EXECUTE,SUCCESS,9855760,0,0.0
0,137,42,2.636458325102064,EXECUTE,SUCCESS,9855763,0,0.0
0,138,44,2.6326668987929294,EXECUTE,SUCCESS,9855764,0,0.0
0,139,46,2.6193472469300403,EXECUTE,SUCCESS,9855766,0,0.0
0,140,49,2.61553101683004,EXECUTE,SUCCESS,9855767,0,0.0
0,141,51,2.611709210459691,EXECUTE,SUCCESS,9855768,0,0.0
0,142,52,2.568017231250597,EXECUTE,SUCCESS,9855771,0,0.0
0,143,54,2.532346737711876,EXECUTE,SUCCESS,9855774,0,0.0
0,144,55,2.4236656122493425,EXECUTE,SUCCESS,9855780,0,0.0
0,145,56,2.3098766200816834,EXECUTE,SUCCESS,9855786,0,0.0
0,146,57,2.1901837822429377,EXECUTE,SUCCESS,9855792,0,0.0
0,147,58,2.0635018778765333,EXECUTE,SUCCESS,9855798,0,0.0
0,148,61,2.0189372204206792,EXECUTE,SUCCESS,9855801,0,0.0
0,149,62,2.0000168749288094,EXECUTE,SUCCESS,9855804,0,0.0
0,150,63,2.0000937478028376,EXECUTE,SUCCESS,9855810,0,0.0
0,151,64,2.0000937478028376,EXECUTE,SUCCESS,9855816,0,0.0
0,152,65,2.0000337497152394,EXECUTE,SUCCESS,9855822,0,0.0
0,153,66,2.0000337497152394,EXECUTE,SUCCESS,9855828,0,0.0
0,154,68,2.0000112499683596,EXECUTE,SUCCESS,9855830,0,0.0
0,155,69,2.0000781234741805,EXECUTE,SUCCESS,9855835,0,0.0
0,156,70,2.0000937478028376,EXECUTE,SUCCESS,9855841,0,0.0
0,157,71,2.0000781234741805,EXECUTE,SUCCESS,9855846,0,0.0
0,158,72,2.0000781234741805,EXECUTE,SUCCESS,9855851,0,0.0
0,159,73,2.0000781234741805,EXECUTE,SUCCESS,9855856,0,0.0
0,160,76,2.0000468744506965,EXECUTE,SUCCESS,9855859,0,0.0
0,161,77,2.0000937478028376,EXECUTE,SUCCESS,9855865,0,0.0
0,162,78,2.0000937478028376,EXECUTE,SUCCESS,9855871,0,0.0
0,163,79,2.0000337497152394,EXECUTE,SUCCESS,9855877,0,0.0
0,164,80,2.0000337497152394,EXECUTE,SUCCESS,9855883,0,0.0
0,165,84,2.00000562499209,EXECUTE,SUCCESS,9855884,0,0.0
0,166,86,2.00000562499209,EXECUTE,SUCCESS,9855885,0,0.0
0,167,87,2.0,EXECUTE,CRASH,9856074,186,0.011625
0,95,154,3.0364555817597596,EXECUTE,SUCCESS,10032075,0,0.0
0,96,155,3.0331707831904224,EXECUTE,SUCCESS,10032076,0,0.0
0,97,158,3.0298824234613457,EXECUTE,SUCCESS,10032077,0,0.0
0,98,159,3.0265838828619964,EXECUTE,SUCCESS,10032078,0,0.0
0,99,160,3.023281743404011,EXECUTE,SUCCESS,10032079,0,0.0
0,100,163,3.019975993282065,EXECUTE,SUCCESS,10032080,0,0.0
0,101,165,3.0166732504532208,EXECUTE,SUCCESS,10032081,0,0.0
0,102,167,2.9863866126139795,EXECUTE,SUCCESS,10032084,0,0.0
0,103,168,2.955769358390468,EXECUTE,SUCCESS,10032087,0,0.0
0,104,169,2.9248316190851056,EXECUTE,SUCCESS,10032090,0,0.0
0,105,171,2.921421315045127,EXECUTE,SUCCESS,10032091,0,0.0
0,106,174,2.9180070253513777,EXECUTE,SUCCESS,10032092,0,0.0
0,107,176,2.9145818739572222,EXECUTE,SUCCESS,10032093,0,0.0
0,108,182,2.8832022128182397,EXECUTE,SUCCESS,10032096,0,0.0
0,109,183,2.8797356649526,EXECUTE,SUCCESS,10032097,0,0.0
0,110,186,2.8762649391180903,EXECUTE,SUCCESS,10032098,0,0.0
0,111,189,2.8727900201720264,EXECUTE,SUCCESS,10032099,0,0.0
0,112,191,2.8693108928800295,EXECUTE,SUCCESS,10032100,0,0.0
0,113,192,2.8658275419152477,EXECUTE,SUCCESS,10032101,0,0.0
0,114,193,2.8623399518575687,EXECUTE,SUCCESS,10032102,0,0.0
0,115,7,2.858848107192823,EXECUTE,SUCCESS,10032103,0,0.0
0,116,15,2.772061507254121,EXECUTE,SUCCESS,10032108,0,0.0
0,117,16,2.7684630212448185,EXECUTE,SUCCESS,10032109,0,0.0
0,118,17,2.7648526181335575,EXECUTE,SUCCESS,10032110,0,0.0
0,119,18,2.7612374943130096,EXECUTE,SUCCESS,10032111,0,0.0
0,120,19,2.757617631217205,EXECUTE,SUCCESS,10032112,0,0.0
0,121,20,2.753993010158157,EXECUTE,SUCCESS,10032113,0,0.0
0,122,21,2.7503636123247386,EXECUTE,SUCCESS,10032114,0,0.0
0,123,22,2.746729418781541,EXECUTE,SUCCESS,10032115,0,0.0
0,124,23,2.7430904104677234,EXECUTE,SUCCESS,10032116,0,0.0
0,125,24,2.7394465681958433,EXECUTE,SUCCESS,10032117,0,0.0
0,126,25,2.7357978726506795,EXECUTE,SUCCESS,10032118,0,0.0
0,127,26,2.7321443043880356,EXECUTE,SUCCESS,10032119,0,0.0
0,128,27,2.728493173896534,EXECUTE,SUCCESS,10032120,0,0.0
0,129,28,2.7248371510972875,EXECUTE,SUCCESS,10032121,0,0.0
0,130,29,2.7211762162711883,EXECUTE,SUCCESS,10032122,0,0.0
0,131,30,2.7175103495663047,EXECUTE,SUCCESS,10032123,0,0.0
0,132,31,2.713839530996624,EXECUTE,SUCCESS,10032124,0,0.0
0,133,35,2.0,EXECUTE,CRASH,10032184,55,0.0034375
0,95,154,2.996675240996262,EXECUTE,SUCCESS,10112185,0,0.0
0,96,155,2.993346789130855,EXECUTE,SUCCESS,10112186,0,0.0
0,97,158,2.990014632071221,EXECUTE,SUCCESS,10112187,0,0.0
0,98,159,2.9866787574160027,EXECUTE,SUCCESS,10112188,0,0.0
0,99,160,2.98333915269451,EXECUTE,SUCCESS,10112189,0,0.0
0,100,163,2.979995805366175,EXECUTE,SUCCESS,10112190,0,0.0
0,101,165,2.976641983846898,EXECUTE,SUCCESS,10112191,0,0.0
0,102,167,2.945923454538491,EXECUTE,SUCCESS,10112194,0,0.0
0,103,168,2.914881215418562,EXECUTE,SUCCESS,10112197,0,0.0
0,104,169,2.88350481185657,EXECUTE,SUCCESS,10112200,0,0.0
0,105,171,2.8800386282131685,EXECUTE,SUCCESS,10112201,0,0.0
0,106,174,2.876568267919256,EXECUTE,SUCCESS,10112202,0,0.0
0,107,176,2.0,EXECUTE,CRASH,10112222,19,0.0011875
0,95,154,3.0232536281298006,EXECUTE,SUCCESS,10256223,0,0.0
0,96,155,3.0199544698554646,EXECUTE,SUCCESS,10256224,0,0.0
0,97,158,3.016651703461969,EXECUTE,SUCCESS,10256225,0,0.0
0,98,159,3.01333867993626,EXECUTE,SUCCESS,10256226,0,0.0
0,99,160,3.0100220098863066,EXECUTE,SUCCESS,10256227,0,0.0
0,100,163,3.0067016812447487,EXECUTE,SUCCESS,10256228,0,0.0
0,101,165,3.003377681877522,EXECUTE,SUCCESS,10256229,0,0.0
0,102,167,2.972935418067469,EXECUTE,SUCCESS,10256232,0,0.0
0,103,168,2.942178189709114,EXECUTE,SUCCESS,10256235,0,0.0
0,104,169,2.911096013531673,EXECUTE,SUCCESS,10256238,0,0.0
0,105,171,2.907662721155946,EXECUTE,SUCCESS,10256239,0,0.0
0,106,174,2.9042253700427594,EXECUTE,SUCCESS,10256240,0,0.0
0,107,176,2.0591952311522093,CHECKPOINT,SUCCESS,10256496,0,0.0
0,107,176,2.0543484368529117,EXECUTE,SUCCESS,10256497,0,0.0
0,108,182,2.009580802057982,EXECUTE,SUCCESS,10256500,0,0.0
0,109,183,2.0046040756219177,EXECUTE,SUCCESS,10256501,0,0.0
0,110,186,2.00000562499209,EXECUTE,SUCCESS,10256502,0,0.0
0,111,189,2.00000562499209,EXECUTE,SUCCESS,10256503,0,0.0
0,112,191,2.00000562499209,EXECUTE,SUCCESS,10256504,0,0.0
0,113,192,2.0000156249389653,EXECUTE,SUCCESS,10256505,0,0.0
0,114,193,2.00000562499209,EXECUTE,SUCCESS,10256506,0,0.0
0,115,7,2.00000562499209,EXECUTE,SUCCESS,10256507,0,0.0
0,116,15,2.0000781234741805,EXECUTE,SUCCESS,10256512,0,0.0
0,117,16,2.0000156249389653,EXECUTE,SUCCESS,10256513,0,0.0
0,118,17,2.0000156249389653,EXECUTE,SUCCESS,10256514,0,0.0
0,119,18,2.0000156249389653,EXECUTE,SUCCESS,10256515,0,0.0
0,120,19,2.0000156249389653,EXECUTE,SUCCESS,10256516,0,0.0
0,121,20,2.00000562499209,EXECUTE,SUCCESS,10256517,0,0.0
0,122,21,2.00000562499209,EXECUTE,SUCCESS,10256518,0,0.0
0,123,22,2.00000562499209,EXECUTE,SUCCESS,10256519,0,0.0
0,124,23,2.00000562499209,EXECUTE,SUCCESS,10256520,0,0.0
0,125,24,2.00000562499209,EXECUTE,SUCCESS,10256521,0,0.0
0,126,25,2.00000562499209,EXECUTE,SUCCESS,10256522,0,0.0
0,127,26,2.00000562499209,EXECUTE,SUCCESS,10256523,0,0.0
0,128,27,2.00000562499209,EXECUTE,SUCCESS,10256524,0,0.0
0,129,28,2.0,EXECUTE,CRASH,10256554,29,0.0018125
0,107,176,3.0364555817597596,EXECUTE,SUCCESS,10432555,0,0.0
0,108,182,3.006368240917935,EXECUTE,SUCCESS,10432558,0,0.0
0,109,183,2.0,EXECUTE,CRASH,10432564,5,0.0003125
0,107,176,3.114492334233622,EXECUTE,SUCCESS,10544565,0,0.0
0,108,182,3.085166121945461,EXECUTE,SUCCESS,10544568,0,0.0
0,109,183,3.081933240678648,EXECUTE,SUCCESS,10544569,0,0.0
0,110,186,3.0786969646264297,EXECUTE,SUCCESS,10544570,0,0.0
0,111,189,3.0754507799670585,EXECUTE,SUCCESS,10544571,0,0.0
0,112,191,3.072201165288495,EXECUTE,SUCCESS,10544572,0,0.0
0,113,192,3.0689546265788916,EXECUTE,SUCCESS,10544573,0,0.0
0,114,193,2.0,EXECUTE,CRASH,10544584,10,0.000625
0,107,176,3.0561450390974585,EXECUTE,SUCCESS,10816585,0,0.0
0,108,182,3.0262336327521058,EXECUTE,SUCCESS,10816588,0,0.0
0,109,183,3.0229311106937264,EXECUTE,SUCCESS,10816589,0,0.0
0,110,186,3.0196316000466026,EXECUTE,SUCCESS,10816590,0,0.0
0,111,189,3.016328480122814,EXECUTE,SUCCESS,10816591,0,0.0
0,112,191,3.0130217390520104,EXECUTE,SUCCESS,10816592,0,0.0
0,113,192,3.0097113648986342,EXECUTE,SUCCESS,10816593,0,0.0
0,114,193,2.207795846540164,CHECKPOINT,SUCCESS,10816849,0,0.0
0,114,193,2.203266892593814,EXECUTE,SUCCESS,10816850,0,0.0
0,115,7,2.1987377060486324,EXECUTE,SUCCESS,10816851,0,0.0
0,116,15,2.0846486514518463,EXECUTE,SUCCESS,10816856,0,0.0
0,117,16,2.079861173251715,EXECUTE,SUCCESS,10816857,0,0.0
0,118,17,2.0750626496566316,EXECUTE,SUCCESS,10816858,0,0.0
0,119,18,2.0702530038620885,EXECUTE,SUCCESS,10816859,0,0.0
0,120,19,2.0654224749430807,EXECUTE,SUCCESS,10816860,0,0.0
0,121,20,2.0605806220577736,EXECUTE,SUCCESS,10816861,0,0.0
0,122,21,2.0557273651921846,EXECUTE,SUCCESS,10816862,0,0.0
0,123,22,2.0508626233855844,EXECUTE,SUCCESS,10816863,0,0.0
0,124,23,2.0459863147147397,EXECUTE,SUCCESS,10816864,0,0.0
0,125,24,2.041098356277816,EXECUTE,SUCCESS,10816865,0,0.0
0,126,25,2.0362084863785443,EXECUTE,SUCCESS,10816866,0,0.0
0,127,26,2.0313068453584266,EXECUTE,SUCCESS,10816867,0,0.0
0,128,27,2.0263933477980043,EXECUTE,SUCCESS,10816868,0,0.0
0,129,28,2.021458013415071,EXECUTE,SUCCESS,10816869,0,0.0
0,130,29,2.0165106000217317,EXECUTE,SUCCESS,10816870,0,0.0
0,131,30,2.0115609610449305,EXECUTE,SUCCESS,10816871,0,0.0
0,132,31,2.0065891457894427,EXECUTE,SUCCESS,10816872,0,0.0
0,133,35,2.000028124802249,EXECUTE,SUCCESS,10816877,0,0.0
0,134,36,2.00000562499209,EXECUTE,SUCCESS,10816878,0,0.0
0,135,40,2.00000562499209,EXECUTE,SUCCESS,10816879,0,0.0
0,136,41,2.00000562499209,EXECUTE,SUCCESS,10816880,0,0.0
0,137,42,2.0000168749288094,EXECUTE,SUCCESS,10816883,0,0.0
0,138,44,2.00000562499209,EXECUTE,SUCCESS,10816884,0,0.0
0,139,46,2.0000112499683596,EXECUTE,SUCCESS,10816886,0,0.0
0,140,49,2.00000562499209,EXECUTE,SUCCESS,10816887,0,0.0
0,141,51,2.00000562499209,EXECUTE,SUCCESS,10816888,0,0.0
0,142,52,2.0000168749288094,EXECUTE,SUCCESS,10816891,0,0.0
0,143,54,2.0000468744506965,EXECUTE,SUCCESS,10816894,0,0.0
0,144,55,2.0000937478028376,EXECUTE,SUCCESS,10816900,0,0.0
0,145,56,2.0000937478028376,EXECUTE,SUCCESS,10816906,0,0.0
0,146,57,2.0000937478028376,EXECUTE,SUCCESS,10816912,0,0.0
0,147,58,2.0000937478028376,EXECUTE,SUCCESS,10816918,0,0.0
0,148,61,2.0000468744506965,EXECUTE,SUCCESS,10816921,0,0.0
0,149,62,2.0000468744506965,EXECUTE,SUCCESS,10816924,0,0.0
0,150,63,2.0000937478028376,EXECUTE,SUCCESS,10816930,0,0.0
0,151,64,2.0000937478028376,EXECUTE,SUCCESS,10816936,0,0.0
0,152,65,2.0000337497152394,EXECUTE,SUCCESS,10816942,0,0.0
0,153,66,2.0000337497152394,EXECUTE,SUCCESS,10816948,0,0.0
0,154,68,2.000031249755863,EXECUTE,SUCCESS,10816950,0,0.0
0,155,69,2.0000781234741805,EXECUTE,SUCCESS,10816955,0,0.0
0,156,70,2.0000937478028376,EXECUTE,SUCCESS,10816961,0,0.0
0,157,71,2.0000781234741805,EXECUTE,SUCCESS,10816966,0,0.0
0,158,72,2.000028124802249,EXECUTE,SUCCESS,10816971,0,0.0
0,159,73,2.000028124802249,EXECUTE,SUCCESS,10816976,0,0.0
0,160,76,2.0000168749288094,EXECUTE,SUCCESS,10816979,0,0.0
0,161,77,2.0000337497152394,EXECUTE,SUCCESS,10816985,0,0.0
0,162,78,2.0000337497152394,EXECUTE,SUCCESS,10816991,0,0.0
0,163,79,2.0000337497152394,EXECUTE,SUCCESS,10816997,0,0.0
0,164,80,2.0000337497152394,EXECUTE,SUCCESS,10817003,0,0.0
0,165,84,2.00000562499209,EXECUTE,SUCCESS,10817004,0,0.0
0,166,86,2.00000562499209,EXECUTE,SUCCESS,10817005,0,0.0
0,167,87,2.0000168749288094,EXECUTE,SUCCESS,10817008,0,0.0
0,168,88,2.0,EXECUTE,CRASH,10817179,165,0.0103125
0,114,193,3.152780122368193,EXECUTE,SUCCESS,11025180,0,0.0
0,115,7,3.149610293353766,EXECUTE,SUCCESS,11025181,0,0.0
0,116,15,3.0710189677043673,EXECUTE,SUCCESS,11025186,0,0.0
0,117,16,3.0677646585095144,EXECUTE,SUCCESS,11025187,0,0.0
0,118,17,3.0645068934495803,EXECUTE,SUCCESS,11025188,0,0.0
0,119,18,3.0612456614914128,EXECUTE,SUCCESS,11025189,0,0.0
0,120,19,3.0579809515430267,EXECUTE,SUCCESS,11025190,0,0.0
0,121,20,3.0547127524531663,EXECUTE,SUCCESS,11025191,0,0.0
0,122,21,3.0514410530108558,EXECUTE,SUCCESS,11025192,0,0.0
0,123,22,3.0481658419449555,EXECUTE,SUCCESS,11025193,0,0.0
0,124,23,3.0448871079237074,EXECUTE,SUCCESS,11025194,0,0.0
0,125,24,3.0416048395542767,EXECUTE,SUCCESS,11025195,0,0.0
0,126,25,3.038319025382292,EXECUTE,SUCCESS,11025196,0,0.0
0,127,26,3.035029653891375,EXECUTE,SUCCESS,11025197,0,0.0
0,128,27,3.0317367135026747,EXECUTE,SUCCESS,11025198,0,0.0
0,129,28,3.0284401925743887,EXECUTE,SUCCESS,11025199,0,0.0
0,130,29,3.025140079401283,EXECUTE,SUCCESS,11025200,0,0.0
0,131,30,3.021836362214209,EXECUTE,SUCCESS,11025201,0,0.0
0,132,31,3.0185290291796107,EXECUTE,SUCCESS,11025202,0,0.0
0,133,35,2.9364315077999015,EXECUTE,SUCCESS,11025207,0,0.0
0,134,36,2.9330278723530747,EXECUTE,SUCCESS,11025208,0,0.0
0,135,40,2.929620282562231,EXECUTE,SUCCESS,11025209,0,0.0
0,136,41,2.9262087246127892,EXECUTE,SUCCESS,11025210,0,0.0
0,137,42,2.8872590808585232,EXECUTE,SUCCESS,11025213,0,0.0
0,138,44,2.8838043449582362,EXECUTE,SUCCESS,11025214,0,0.0
0,139,46,2.8716637163846332,EXECUTE,SUCCESS,11025216,0,0.0
0,140,49,2.86819019592495,EXECUTE,SUCCESS,11025217,0,0.0
0,141,51,2.8647124637561796,EXECUTE,SUCCESS,11025218,0,0.0
0,142,52,2.8249362824672697,EXECUTE,SUCCESS,11025221,0,0.0
0,143,54,2.79257094806918,EXECUTE,SUCCESS,11025224,0,0.0
0,144,55,2.694406706494029,EXECUTE,SUCCESS,11025230,0,0.0
0,145,56,2.592481918934055,EXECUTE,SUCCESS,11025236,0,0.0
0,146,57,2.4863824122608333,EXECUTE,SUCCESS,11025242,0,0.0
0,147,58,2.375548883942404,EXECUTE,SUCCESS,11025248,0,0.0
0,148,61,2.336942446873693,EXECUTE,SUCCESS,11025251,0,0.0
0,149,62,2.2977135374106155,EXECUTE,SUCCESS,11025254,0,0.0
0,150,63,2.17735217638305,EXECUTE,SUCCESS,11025260,0,0.0
0,151,64,2.0499359746099395,EXECUTE,SUCCESS,11025266,0,0.0
0,152,65,2.0000937478028376,EXECUTE,SUCCESS,11025272,0,0.0
0,153,66,2.0000937478028376,EXECUTE,SUCCESS,11025278,0,0.0
0,154,68,2.000031249755863,EXECUTE,SUCCESS,11025280,0,0.0
0,155,69,2.0000781234741805,EXECUTE,SUCCESS,11025285,0,0.0
0,156,70,2.0000937478028376,EXECUTE,SUCCESS,11025291,0,0.0
0,157,71,2.0000781234741805,EXECUTE,SUCCESS,11025296,0,0.0
0,158,72,2.0000781234741805,EXECUTE,SUCCESS,11025301,0,0.0
0,159,73,2.0000781234741805,EXECUTE,SUCCESS,11025306,0,0.0
0,160,76,2.0000168749288094,EXECUTE,SUCCESS,11025309,0,0.0
0,161,77,2.0000337497152394,EXECUTE,SUCCESS,11025315,0,0.0
0,162,78,2.0000337497152394,EXECUTE,SUCCESS,11025321,0,0.0
0,163,79,2.0,EXECUTE,CRASH,11025475,148,0.00925
0,114,193,3.114492334233622,EXECUTE,SUCCESS,11137476,0,0.0
0,115,7,3.111283497208185,EXECUTE,SUCCESS,11137477,0,0.0
0,116,15,3.0316987812116154,EXECUTE,SUCCESS,11137482,0,0.0
0,117,16,3.028402218992714,EXECUTE,SUCCESS,11137483,0,0.0
0,118,17,3.0251020643938604,EXECUTE,SUCCESS,11137484,0,0.0
0,119,18,3.021798305645166,EXECUTE,SUCCESS,11137485,0,0.0
0,120,19,3.018490930912332,EXECUTE,SUCCESS,11137486,0,0.0
0,121,20,3.015179928296153,EXECUTE,SUCCESS,11137487,0,0.0
0,122,21,3.01186528583202,EXECUTE,SUCCESS,11137488,0,0.0
0,123,22,3.0085536392093783,EXECUTE,SUCCESS,11137489,0,0.0
0,124,23,3.0052383432932555,EXECUTE,SUCCESS,11137490,0,0.0
0,125,24,3.001912723581415,EXECUTE,SUCCESS,11137491,0,0.0
0,126,25,2.9985900853567817,EXECUTE,SUCCESS,11137492,0,0.0
0,127,26,2.9952637613405586,EXECUTE,SUCCESS,11137493,0,0.0
0,128,27,2.9919337392395557,EXECUTE,SUCCESS,11137494,0,0.0
0,129,28,2.9886000066920944,EXECUTE,SUCCESS,11137495,0,0.0
0,130,29,2.9852625512674735,EXECUTE,SUCCESS,11137496,0,0.0
0,131,30,2.981921360465427,EXECUTE,SUCCESS,11137497,0,0.0
0,132,31,2.978576421715579,EXECUTE,SUCCESS,11137498,0,0.0
0,133,35,2.8953808039703484,EXECUTE,SUCCESS,11137503,0,0.0
0,134,36,2.891935770379415,EXECUTE,SUCCESS,11137504,0,0.0
0,135,40,2.888486627976661,EXECUTE,SUCCESS,11137505,0,0.0
0,136,41,2.885033362025469,EXECUTE,SUCCESS,11137506,0,0.0
0,137,42,2.8455412490420833,EXECUTE,SUCCESS,11137509,0,0.0
0,138,44,2.842035802026424,EXECUTE,SUCCESS,11137510,0,0.0
0,139,46,2.8297159751466188,EXECUTE,SUCCESS,11137512,0,0.0
0,140,49,2.8261908994262894,EXECUTE,SUCCESS,11137513,0,0.0
0,141,51,2.8226614214248182,EXECUTE,SUCCESS,11137514,0,0.0
0,142,52,2.782284133585205,EXECUTE,SUCCESS,11137517,0,0.0
0,143,54,2.7494167563321454,EXECUTE,SUCCESS,11137520,0,0.0
0,144,55,2.649654222724161,EXECUTE,SUCCESS,11137526,0,0.0
0,145,56,2.5459855655521646,EXECUTE,SUCCESS,11137532,0,0.0
0,146,57,2.4378633062581616,EXECUTE,SUCCESS,11137538,0,0.0
0,147,58,2.3247177248001476,EXECUTE,SUCCESS,11137544,0,0.0
0,148,61,2.285252721254255,EXECUTE,SUCCESS,11137547,0,0.0
0,149,62,2.245094096023589,EXECUTE,SUCCESS,11137550,0,0.0
0,150,63,2.121693309599664,EXECUTE,SUCCESS,11137556,0,0.0
0,151,64,2.0000337497152394,EXECUTE,SUCCESS,11137562,0,0.0
0,152,65,2.0000337497152394,EXECUTE,SUCCESS,11137568,0,0.0
0,153,66,2.0000337497152394,EXECUTE,SUCCESS,11137574,0,0.0
0,154,68,2.0000112499683596,EXECUTE,SUCCESS,11137576,0,0.0
0,155,69,2.000028124802249,EXECUTE,SUCCESS,11137581,0,0.0
0,156,70,2.0000337497152394,EXECUTE,SUCCESS,11137587,0,0.0
0,157,71,2.000028124802249,EXECUTE,SUCCESS,11137592,0,0.0
0,158,72,2.0000781234741805,EXECUTE,SUCCESS,11137597,0,0.0
0,159,73,2.0000781234741805,EXECUTE,SUCCESS,11137602,0,0.0
0,160,76,2.0000468744506965,EXECUTE,SUCCESS,11137605,0,0.0
0,161,77,2.0000937478028376,EXECUTE,SUCCESS,11137611,0,0.0
0,162,78,2.0000937478028376,EXECUTE,SUCCESS,11137617,0,0.0
0,163,79,2.0000937478028376,EXECUTE,SUCCESS,11137623,0,0.0
0,164,80,2.0000937478028376,EXECUTE,SUCCESS,11137629,0,0.0
0,165,84,2.0000156249389653,EXECUTE,SUCCESS,11137630,0,0.0
0,166,86,2.00000562499209,EXECUTE,SUCCESS,11137631,0,0.0
0,167,87,2.0000468744506965,EXECUTE,SUCCESS,11137634,0,0.0
0,168,88,2.0000937478028376,EXECUTE,SUCCESS,11137640,0,0.0
0,169,92,2.0000156249389653,EXECUTE,SUCCESS,11137641,0,0.0
0,170,94,2.0000156249389653,EXECUTE,SUCCESS,11137642,0,0.0
0,171,95,2.0000468744506965,EXECUTE,SUCCESS,11137645,0,0.0
0,172,96,2.000028124802249,EXECUTE,SUCCESS,11137650,0,0.0
0,173,100,2.00000562499209,EXECUTE,SUCCESS,11137651,0,0.0
0,174,102,2.00000562499209,EXECUTE,SUCCESS,11137652,0,0.0
0,175,105,2.0000112499683596,EXECUTE,SUCCESS,11137654,0,0.0
0,176,106,2.000031249755863,EXECUTE,SUCCESS,11137656,0,0.0
0,177,107,2.0000112499683596,EXECUTE,SUCCESS,11137658,0,0.0
0,178,108,2.0000112499683596,EXECUTE,SUCCESS,11137660,0,0.0
0,179,109,2.000031249755863,EXECUTE,SUCCESS,11137662,0,0.0
0,180,112,2.000031249755863,EXECUTE,SUCCESS,11137664,0,0.0
0,181,113,2.000031249755863,EXECUTE,SUCCESS,11137666,0,0.0
0,182,114,2.000031249755863,EXECUTE,SUCCESS,11137668,0,0.0
0,183,115,2.000031249755863,EXECUTE,SUCCESS,11137670,0,0.0
0,184,116,2.000031249755863,EXECUTE,SUCCESS,11137672,0,0.0
0,185,117,2.000031249755863,EXECUTE,SUCCESS,11137674,0,0.0
0,186,120,2.000031249755863,EXECUTE,SUCCESS,11137676,0,0.0
0,187,121,2.0000112499683596,EXECUTE,SUCCESS,11137678,0,0.0
0,188,122,2.0000112499683596,EXECUTE,SUCCESS,11137680,0,0.0
0,189,123,2.0000112499683596,EXECUTE,SUCCESS,11137682,0,0.0
0,190,124,2.0000112499683596,EXECUTE,SUCCESS,11137684,0,0.0
0,191,127,2.00000562499209,EXECUTE,SUCCESS,11137685,0,0.0
0,192,129,2.00000562499209,EXECUTE,SUCCESS,11137686,0,0.0
0,193,130,2.00000562499209,EXECUTE,SUCCESS,11137687,0,0.0
0,194,131,2.0000168749288094,EXECUTE,SUCCESS,11137690,0,0.0
0,195,132,2.0000168749288094,EXECUTE,SUCCESS,11137693,0,0.0
0,196,133,2.0000168749288094,EXECUTE,SUCCESS,11137696,0,0.0
0,197,134,2.0000168749288094,EXECUTE,SUCCESS,11137699,0,0.0
0,198,135,2.0000468744506965,EXECUTE,SUCCESS,11137702,0,0.0
0,199,136,2.0000468744506965,EXECUTE,SUCCESS,11137705,0,0.0
0,200,138,2.0000468744506965,EXECUTE,SUCCESS,11137708,0,0.0
0,201,139,2.0000468744506965,EXECUTE,SUCCESS,11137711,0,0.0
0,202,140,2.0000168749288094,EXECUTE,SUCCESS,11137714,0,0.0
0,203,141,2.0000168749288094,EXECUTE,SUCCESS,11137717,0,0.0
0,204,145,2.00000562499209,EXECUTE,SUCCESS,11137718,0,0.0
0,205,147,2.0000112499683596,EXECUTE,SUCCESS,11137720,0,0.0
0,206,149,2.00000562499209,EXECUTE,SUCCESS,11137721,0,0.0
0,207,151,2.0000168749288094,EXECUTE,SUCCESS,11137724,0,0.0
0,208,152,2.00000562499209,EXECUTE,SUCCESS,11137725,0,0.0
0,209,153,2.00000562499209,EXECUTE,SUCCESS,11137726,0,0.0
0,210,154,2.00000562499209,EXECUTE,SUCCESS,11137727,0,0.0
0,211,155,2.00000562499209,EXECUTE,SUCCESS,11137728,0,0.0
0,212,158,2.00000562499209,EXECUTE,SUCCESS,11137729,0,0.0
0,213,159,2.00000562499209,EXECUTE,SUCCESS,11137730,0,0.0
0,214,160,2.00000562499209,EXECUTE,SUCCESS,11137731,0,0.0
0,215,163,2.0000156249389653,EXECUTE,SUCCESS,11137732,0,0.0
0,216,165,2.0000156249389653,EXECUTE,SUCCESS,11137733,0,0.0
0,217,167,2.0000468744506965,EXECUTE,SUCCESS,11137736,0,0.0
0,218,168,2.0000468744506965,EXECUTE,SUCCESS,11137739,0,0.0
0,219,169,2.0000468744506965,EXECUTE,SUCCESS,11137742,0,0.0
0,220,171,2.00000562499209,EXECUTE,SUCCESS,11137743,0,0.0
0,221,174,2.00000562499209,EXECUTE,SUCCESS,11137744,0,0.0
0,222,176,2.00000562499209,EXECUTE,SUCCESS,11137745,0,0.0
0,223,182,2.0000168749288094,EXECUTE,SUCCESS,11137748,0,0.0
0,224,183,2.00000562499209,EXECUTE,SUCCESS,11137749,0,0.0
0,225,186,2.00000562499209,EXECUTE,SUCCESS,11137750,0,0.0
0,226,189,2.00000562499209,EXECUTE,SUCCESS,11137751,0,0.0
0,227,191,2.00000562499209,EXECUTE,SUCCESS,11137752,0,0.0
0,228,192,2.00000562499209,EXECUTE,SUCCESS,11137753,0,0.0
0,229,193,2.00000562499209,EXECUTE,SUCCESS,11137754,0,0.0
0,230,7,2.00000562499209,EXECUTE,SUCCESS,11137755,0,0.0
0,231,15,2.000028124802249,EXECUTE,SUCCESS,11137760,0,0.0
0,232,16,2.00000562499209,EXECUTE,SUCCESS,11137761,0,0.0
0,233,17,2.00000562499209,EXECUTE,SUCCESS,11137762,0,0.0
0,234,18,2.00000562499209,EXECUTE,SUCCESS,11137763,0,0.0
0,235,19,2.00000562499209,EXECUTE,SUCCESS,11137764,0,0.0
0,236,20,2.00000562499209,EXECUTE,SUCCESS,11137765,0,0.0
0,237,21,2.00000562499209,EXECUTE,SUCCESS,11137766,0,0.0
0,238,22,2.0000156249389653,EXECUTE,SUCCESS,11137767,0,0.0
0,239,23,2.0000156249389653,EXECUTE,SUCCESS,11137768,0,0.0
0,240,24,2.0000156249389653,EXECUTE,SUCCESS,11137769,0,0.0
0,241,25,2.0000156249389653,EXECUTE,SUCCESS,11137770,0,0.0
0,242,26,2.0000156249389653,EXECUTE,SUCCESS,11137771,0,0.0
0,243,27,2.0000156249389653,EXECUTE,SUCCESS,11137772,0,0.0
0,244,28,2.00000562499209,EXECUTE,SUCCESS,11137773,0,0.0
0,245,29,2.0000156249389653,EXECUTE,SUCCESS,11137774,0,0.0
0,246,30,2.0,EXECUTE,CRASH,11138075,300,0.01875
0,114,193,3.0561515832824795,EXECUTE,SUCCESS,11234076,0,0.0
0,115,7,3.0528814258008787,EXECUTE,SUCCESS,11234077,0,0.0
0,116,15,2.9717667304147555,EXECUTE,SUCCESS,11234082,0,0.0
0,117,16,2.9684103489915286,EXECUTE,SUCCESS,11234083,0,0.0
0,118,17,2.9650434229535336,EXECUTE,SUCCESS,11234084,0,0.0
0,119,18,2.961672669286734,EXECUTE,SUCCESS,11234085,0,0.0
0,120,19,2.958304835543492,EXECUTE,SUCCESS,11234086,0,0.0
0,121,20,2.9549331633727363,EXECUTE,SUCCESS,11234087,0,0.0
0,122,21,2.951557639620139,EXECUTE,SUCCESS,11234088,0,0.0
0,123,22,2.9481782510560657,EXECUTE,SUCCESS,11234089,0,0.0
0,124,23,2.9447949843749734,EXECUTE,SUCCESS,11234090,0,0.0
0,125,24,2.941407826194797,EXECUTE,SUCCESS,11234091,0,0.0
0,126,25,2.9380167630563303,EXECUTE,SUCCESS,11234092,0,0.0
0,127,26,2.9346149662264036,EXECUTE,SUCCESS,11234093,0,0.0
0,128,27,2.931209221464752,EXECUTE,SUCCESS,11234094,0,0.0
0,129,28,2.9277995149941525,EXECUTE,SUCCESS,11234095,0,0.0
0,130,29,2.924385832957067,EXECUTE,SUCCESS,11234096,0,0.0
0,131,30,2.920968161414978,EXECUTE,SUCCESS,11234097,0,0.0
0,132,31,2.9175464863477325,EXECUTE,SUCCESS,11234098,0,0.0
0,133,35,2.8325236097868625,EXECUTE,SUCCESS,11234103,0,0.0
0,134,36,2.8289949628799262,EXECUTE,SUCCESS,11234104,0,0.0
0,135,40,2.825461909139813,EXECUTE,SUCCESS,11234105,0,0.0
0,136,41,2.821924432014436,EXECUTE,SUCCESS,11234106,0,0.0
0,137,42,2.7815364459233667,EXECUTE,SUCCESS,11234109,0,0.0
0,138,44,2.7779502335355097,EXECUTE,SUCCESS,11234110,0,0.0
0,139,46,2.7653449151959313,EXECUTE,SUCCESS,11234112,0,0.0
0,140,49,2.7617376776225493,EXECUTE,SUCCESS,11234113,0,0.0
0,141,51,2.7581257222976605,EXECUTE,SUCCESS,11234114,0,0.0
0,142,52,2.7167673805462242,EXECUTE,SUCCESS,11234117,0,0.0
0,143,54,2.683075194622766,EXECUTE,SUCCESS,11234120,0,0.0
0,144,55,2.5807029081240622,EXECUTE,SUCCESS,11234126,0,0.0
0,145,56,2.4740983206008593,EXECUTE,SUCCESS,11234132,0,0.0
0,146,57,2.362688616809247,EXECUTE,SUCCESS,11234138,0,0.0
0,147,58,2.245758780457063,EXECUTE,SUCCESS,11234144,0,0.0
0,148,61,2.204880949167096,EXECUTE,SUCCESS,11234147,0,0.0
0,149,62,2.1632308013709483,EXECUTE,SUCCESS,11234150,0,0.0
0,150,63,2.0348716175719774,EXECUTE,SUCCESS,11234156,0,0.0
0,151,64,2.0000937478028376,EXECUTE,SUCCESS,11234162,0,0.0
0,152,65,2.0000937478028376,EXECUTE,SUCCESS,11234168,0,0.0
0,153,66,2.0000937478028376,EXECUTE,SUCCESS,11234174,0,0.0
0,154,68,2.000031249755863,EXECUTE,SUCCESS,11234176,0,0.0
0,155,69,2.0000781234741805,EXECUTE,SUCCESS,11234181,0,0.0
0,156,70,2.0000937478028376,EXECUTE,SUCCESS,11234187,0,0.0
0,157,71,2.0000781234741805,EXECUTE,SUCCESS,11234192,0,0.0
0,158,72,2.0000781234741805,EXECUTE,SUCCESS,11234197,0,0.0
0,159,73,2.0000781234741805,EXECUTE,SUCCESS,11234202,0,0.0
0,160,76,2.0000468744506965,EXECUTE,SUCCESS,11234205,0,0.0
0,161,77,2.0000937478028376,EXECUTE,SUCCESS,11234211,0,0.0
0,162,78,2.0000337497152394,EXECUTE,SUCCESS,11234217,0,0.0
0,163,79,2.0000337497152394,EXECUTE,SUCCESS,11234223,0,0.0
0,164,80,2.0000337497152394,EXECUTE,SUCCESS,11234229,0,0.0
0,165,84,2.00000562499209,EXECUTE,SUCCESS,11234230,0,0.0
0,166,86,2.0000156249389653,EXECUTE,SUCCESS,11234231,0,0.0
0,167,87,2.0000168749288094,EXECUTE,SUCCESS,11234234,0,0.0
0,168,88,2.0000337497152394,EXECUTE,SUCCESS,11234240,0,0.0
0,169,92,2.00000562499209,EXECUTE,SUCCESS,11234241,0,0.0
0,170,94,2.0000156249389653,EXECUTE,SUCCESS,11234242,0,0.0
0,171,95,2.0000468744506965,EXECUTE,SUCCESS,11234245,0,0.0
0,172,96,2.0000781234741805,EXECUTE,SUCCESS,11234250,0,0.0
0,173,100,2.00000562499209,EXECUTE,SUCCESS,11234251,0,0.0
0,174,102,2.00000562499209,EXECUTE,SUCCESS,11234252,0,0.0
0,175,105,2.0000112499683596,EXECUTE,SUCCESS,11234254,0,0.0
0,176,106,2.0000112499683596,EXECUTE,SUCCESS,11234256,0,0.0
0,177,107,2.000031249755863,EXECUTE,SUCCESS,11234258,0,0.0
0,178,108,2.000031249755863,EXECUTE,SUCCESS,11234260,0,0.0
0,179,109,2.000031249755863,EXECUTE,SUCCESS,11234262,0,0.0
0,180,112,2.000031249755863,EXECUTE,SUCCESS,11234264,0,0.0
0,181,113,2.0000112499683596,EXECUTE,SUCCESS,11234266,0,0.0
0,182,114,2.0000112499683596,EXECUTE,SUCCESS,11234268,0,0.0
0,183,115,2.0000112499683596,EXECUTE,SUCCESS,11234270,0,0.0
0,184,116,2.000031249755863,EXECUTE,SUCCESS,11234272,0,0.0
0,185,117,2.000031249755863,EXECUTE,SUCCESS,11234274,0,0.0
0,186,120,2.000031249755863,EXECUTE,SUCCESS,11234276,0,0.0
0,187,121,2.000031249755863,EXECUTE,SUCCESS,11234278,0,0.0
0,188,122,2.000031249755863,EXECUTE,SUCCESS,11234280,0,0.0
0,189,123,2.000031249755863,EXECUTE,SUCCESS,11234282,0,0.0
0,190,124,2.000031249755863,EXECUTE,SUCCESS,11234284,0,0.0
0,191,127,2.0000156249389653,EXECUTE,SUCCESS,11234285,0,0.0
0,192,129,2.0000156249389653,EXECUTE,SUCCESS,11234286,0,0.0
0,193,130,2.0000156249389653,EXECUTE,SUCCESS,11234287,0,0.0
0,194,131,2.0000168749288094,EXECUTE,SUCCESS,11234290,0,0.0
0,195,132,2.0000468744506965,EXECUTE,SUCCESS,11234293,0,0.0
0,196,133,2.0000168749288094,EXECUTE,SUCCESS,11234296,0,0.0
0,197,134,2.0000168749288094,EXECUTE,SUCCESS,11234299,0,0.0
0,198,135,2.0000468744506965,EXECUTE,SUCCESS,11234302,0,0.0
0,199,136,2.0000168749288094,EXECUTE,SUCCESS,11234305,0,0.0
0,200,138,2.0000168749288094,EXECUTE,SUCCESS,11234308,0,0.0
0,201,139,2.0000168749288094,EXECUTE,SUCCESS,11234311,0,0.0
0,202,140,2.0000468744506965,EXECUTE,SUCCESS,11234314,0,0.0
0,203,141,2.0000468744506965,EXECUTE,SUCCESS,11234317,0,0.0
0,204,145,2.0000156249389653,EXECUTE,SUCCESS,11234318,0,0.0
0,205,147,2.000031249755863,EXECUTE,SUCCESS,11234320,0,0.0
0,206,149,2.0000156249389653,EXECUTE,SUCCESS,11234321,0,0.0
0,207,151,2.0000468744506965,EXECUTE,SUCCESS,11234324,0,0.0
0,208,152,2.0000156249389653,EXECUTE,SUCCESS,11234325,0,0.0
0,209,153,2.0000156249389653,EXECUTE,SUCCESS,11234326,0,0.0
0,210,154,2.0000156249389653,EXECUTE,SUCCESS,11234327,0,0.0
0,211,155,2.0000156249389653,EXECUTE,SUCCESS,11234328,0,0.0
0,212,158,2.0000156249389653,EXECUTE,SUCCESS,11234329,0,0.0
0,213,159,2.0000156249389653,EXECUTE,SUCCESS,11234330,0,0.0
0,214,160,2.0000156249389653,EXECUTE,SUCCESS,11234331,0,0.0
0,215,163,2.0000156249389653,EXECUTE,SUCCESS,11234332,0,0.0
0,216,165,2.00000562499209,EXECUTE,SUCCESS,11234333,0,0.0
0,217,167,2.0000168749288094,EXECUTE,SUCCESS,11234336,0,0.0
0,218,168,2.0000168749288094,EXECUTE,SUCCESS,11234339,0,0.0
0,219,169,2.0000168749288094,EXECUTE,SUCCESS,11234342,0,0.0
0,220,171,2.00000562499209,EXECUTE,SUCCESS,11234343,0,0.0
0,221,174,2.00000562499209,EXECUTE,SUCCESS,11234344,0,0.0
0,222,176,2.00000562499209,EXECUTE,SUCCESS,11234345,0,0.0
0,223,182,2.0000168749288094,EXECUTE,SUCCESS,11234348,0,0.0
0,224,183,2.0000156249389653,EXECUTE,SUCCESS,11234349,0,0.0
0,225,186,2.0000156249389653,EXECUTE,SUCCESS,11234350,0,0.0
0,226,189,2.0000156249389653,EXECUTE,SUCCESS,11234351,0,0.0
0,227,191,2.0000156249389653,EXECUTE,SUCCESS,11234352,0,0.0
0,228,192,2.0000156249389653,EXECUTE,SUCCESS,11234353,0,0.0
0,229,193,2.0000156249389653,EXECUTE,SUCCESS,11234354,0,0.0
0,230,7,2.0000156249389653,EXECUTE,SUCCESS,11234355,0,0.0
0,231,15,2.0000781234741805,EXECUTE,SUCCESS,11234360,0,0.0
0,232,16,2.0000156249389653,EXECUTE,SUCCESS,11234361,0,0.0
0,233,17,2.0000156249389653,EXECUTE,SUCCESS,11234362,0,0.0
0,234,18,2.0,EXECUTE,CRASH,11234651,288,0.018
0,114,193,2.996675240996262,EXECUTE,SUCCESS,11314652,0,0.0
0,115,7,2.993346789130855,EXECUTE,SUCCESS,11314653,0,0.0
0,116,15,2.9105733971161074,EXECUTE,SUCCESS,11314658,0,0.0
0,117,16,2.9071463671442475,EXECUTE,SUCCESS,11314659,0,0.0
0,118,17,2.9037084047817188,EXECUTE,SUCCESS,11314660,0,0.0
0,119,18,2.9002663670773403,EXECUTE,SUCCESS,11314661,0,0.0
0,120,19,2.896820239503997,EXECUTE,SUCCESS,11314662,0,0.0
0,121,20,2.8933700074480617,EXECUTE,SUCCESS,11314663,0,0.0
0,122,21,2.8899156562086716,EXECUTE,SUCCESS,11314664,0,0.0
0,123,22,2.886457170996999,EXECUTE,SUCCESS,11314665,0,0.0
0,124,23,2.8829945369355103,EXECUTE,SUCCESS,11314666,0,0.0
0,125,24,2.879534684632223,EXECUTE,SUCCESS,11314667,0,0.0
0,126,25,2.876070670202663,EXECUTE,SUCCESS,11314668,0,0.0
0,127,26,2.8726024785897533,EXECUTE,SUCCESS,11314669,0,0.0
0,128,27,2.8691300946454126,EXECUTE,SUCCESS,11314670,0,0.0
0,129,28,2.8656535031297823,EXECUTE,SUCCESS,11314671,0,0.0
0,130,29,2.0,EXECUTE,CRASH,11314693,21,0.0013125
0,114,193,3.0099871262183173,EXECUTE,SUCCESS,11426694,0,0.0
0,115,7,3.0066734109310915,EXECUTE,SUCCESS,11426695,0,0.0
0,116,15,2.924243064452749,EXECUTE,SUCCESS,11426700,0,0.0
0,117,16,2.9208252258565564,EXECUTE,SUCCESS,11426701,0,0.0
0,118,17,2.9174033831474184,EXECUTE,SUCCESS,11426702,0,0.0
0,119,18,2.9139775222194153,EXECUTE,SUCCESS,11426703,0,0.0
0,120,19,2.91054762888361,EXECUTE,SUCCESS,11426704,0,0.0
0,121,20,2.907113688867362,EXECUTE,SUCCESS,11426705,0,0.0
0,122,21,2.903675687813638,EXECUTE,SUCCESS,11426706,0,0.0
0,123,22,2.9002336112803055,EXECUTE,SUCCESS,11426707,0,0.0
0,124,23,2.8967874447394313,EXECUTE,SUCCESS,11426708,0,0.0
0,125,24,2.893337173576561,EXECUTE,SUCCESS,11426709,0,0.0
0,126,25,2.8898827830899996,EXECUTE,SUCCESS,11426710,0,0.0
0,127,26,2.886431187470091,EXECUTE,SUCCESS,11426711,0,0.0
0,128,27,2.8829754594862576,EXECUTE,SUCCESS,11426712,0,0.0
0,129,28,2.8795155842606577,EXECUTE,SUCCESS,11426713,0,0.0
0,130,29,2.87605154682596,EXECUTE,SUCCESS,11426714,0,0.0
0,131,30,2.872583332124588,EXECUTE,SUCCESS,11426715,0,0.0
0,132,31,2.8691109250079547,EXECUTE,SUCCESS,11426716,0,0.0
0,133,35,2.782644425721691,EXECUTE,SUCCESS,11426721,0,0.0
0,134,36,2.7790524464284587,EXECUTE,SUCCESS,11426722,0,0.0
0,135,40,2.775455818419742,EXECUTE,SUCCESS,11426723,0,0.0
0,136,41,2.7718545235996785,EXECUTE,SUCCESS,11426724,0,0.0
0,137,42,2.730726093917147,EXECUTE,SUCCESS,11426727,0,0.0
0,138,44,2.7270730646610843,EXECUTE,SUCCESS,11426728,0,0.0
0,139,46,2.714231475021981,EXECUTE,SUCCESS,11426730,0,0.0
0,140,49,2.7105488374128215,EXECUTE,SUCCESS,11426731,0,0.0
0,141,51,2.0,EXECUTE,CRASH,11426771,39,0.0024375
0,114,193,2.0,EXECUTE,CRASH,11618773,1,6.25e-05
0,114,193,2.996675240996262,EXECUTE,SUCCESS,11698774,0,0.0
0,115,7,2.993346789130855,EXECUTE,SUCCESS,11698775,0,0.0
0,116,15,2.9105733971161074,EXECUTE,SUCCESS,11698780,0,0.0
0,117,16,2.9071463671442475,EXECUTE,SUCCESS,11698781,0,0.0
0,118,17,2.9037084047817188,EXECUTE,SUCCESS,11698782,0,0.0
0,119,18,2.9002663670773403,EXECUTE,SUCCESS,11698783,0,0.0
0,120,19,2.896820239503997,EXECUTE,SUCCESS,11698784,0,0.0
0,121,20,2.8933769197945844,EXECUTE,SUCCESS,11698785,0,0.0
0,122,21,2.8899294974099274,EXECUTE,SUCCESS,11698786,0,0.0
0,123,22,2.886471028782377,EXECUTE,SUCCESS,11698787,0,0.0
0,124,23,2.8830084113647665,EXECUTE,SUCCESS,11698788,0,0.0
0,125,24,2.8795416301904706,EXECUTE,SUCCESS,11698789,0,0.0
0,126,25,2.8760706702026626,EXECUTE,SUCCESS,11698790,0,0.0
0,127,26,2.872595516253549,EXECUTE,SUCCESS,11698791,0,0.0
0,128,27,2.8691231238829733,EXECUTE,SUCCESS,11698792,0,0.0
0,129,28,2.865639544674101,EXECUTE,SUCCESS,11698793,0,0.0
0,130,29,2.8621517255379714,EXECUTE,SUCCESS,11698794,0,0.0
0,131,30,2.8586596509553193,EXECUTE,SUCCESS,11698795,0,0.0
0,132,31,2.8551633053119723,EXECUTE,SUCCESS,11698796,0,0.0
0,133,35,2.7682250631045133,EXECUTE,SUCCESS,11698801,0,0.0
0,134,36,2.7646215835083083,EXECUTE,SUCCESS,11698802,0,0.0
0,135,40,2.7610061571825564,EXECUTE,SUCCESS,11698803,0,0.0
0,136,41,2.7573859903901714,EXECUTE,SUCCESS,11698804,0,0.0
0,137,42,2.716016384339385,EXECUTE,SUCCESS,11698807,0,0.0
0,138,44,2.7123435438749244,EXECUTE,SUCCESS,11698808,0,0.0
0,139,46,2.699431884674993,EXECUTE,SUCCESS,11698810,0,0.0
0,140,49,2.6957364485423985,EXECUTE,SUCCESS,11698811,0,0.0
0,141,51,2.6920285102502133,EXECUTE,SUCCESS,11698812,0,0.0
0,142,52,2.649638654609338,EXECUTE,SUCCESS,11698815,0,0.0
0,143,54,2.615081738684277,EXECUTE,SUCCESS,11698818,0,0.0
0,144,55,2.5099377482320113,EXECUTE,SUCCESS,11698824,0,0.0
0,145,56,2.4001921798056047,EXECUTE,SUCCESS,11698830,0,0.0
0,146,57,2.285182159041152,EXECUTE,SUCCESS,11698836,0,0.0
0,147,58,2.16406850630935,EXECUTE,SUCCESS,11698842,0,0.0
0,148,61,2.1216173076217073,EXECUTE,SUCCESS,11698845,0,0.0
0,149,62,2.078299184429418,EXECUTE,SUCCESS,11698848,0,0.0
0,150,63,2.0000337497152394,EXECUTE,SUCCESS,11698854,0,0.0
0,151,64,2.0000937478028376,EXECUTE,SUCCESS,11698860,0,0.0
0,152,65,2.0000337497152394,EXECUTE,SUCCESS,11698866,0,0.0
0,153,66,2.0000937478028376,EXECUTE,SUCCESS,11698872,0,0.0
0,154,68,2.000031249755863,EXECUTE,SUCCESS,11698874,0,0.0
0,155,69,2.0000781234741805,EXECUTE,SUCCESS,11698879,0,0.0
0,156,70,2.0000937478028376,EXECUTE,SUCCESS,11698885,0,0.0
0,157,71,2.000028124802249,EXECUTE,SUCCESS,11698890,0,0.0
0,158,72,2.000028124802249,EXECUTE,SUCCESS,11698895,0,0.0
0,159,73,2.000028124802249,EXECUTE,SUCCESS,11698900,0,0.0
0,160,76,2.0000468744506965,EXECUTE,SUCCESS,11698903,0,0.0
0,161,77,2.0000937478028376,EXECUTE,SUCCESS,11698909,0,0.0
0,162,78,2.0000937478028376,EXECUTE,SUCCESS,11698915,0,0.0
0,163,79,2.0000937478028376,EXECUTE,SUCCESS,11698921,0,0.0
0,164,80,2.0000937478028376,EXECUTE,SUCCESS,11698927,0,0.0
0,165,84,2.0000156249389653,EXECUTE,SUCCESS,11698928,0,0.0
0,166,86,2.0000156249389653,EXECUTE,SUCCESS,11698929,0,0.0
0,167,87,2.0000468744506965,EXECUTE,SUCCESS,11698932,0,0.0
0,168,88,2.0000937478028376,EXECUTE,SUCCESS,11698938,0,0.0
0,169,92,2.0000156249389653,EXECUTE,SUCCESS,11698939,0,0.0
0,170,94,2.0000156249389653,EXECUTE,SUCCESS,11698940,0,0.0
0,171,95,2.0000468744506965,EXECUTE,SUCCESS,11698943,0,0.0
0,172,96,2.0000781234741805,EXECUTE,SUCCESS,11698948,0,0.0
0,173,100,2.0000156249389653,EXECUTE,SUCCESS,11698949,0,0.0
0,174,102,2.0000156249389653,EXECUTE,SUCCESS,11698950,0,0.0
0,175,105,2.0000112499683596,EXECUTE,SUCCESS,11698952,0,0.0
0,176,106,2.0000112499683596,EXECUTE,SUCCESS,11698954,0,0.0
0,177,107,2.0000112499683596,EXECUTE,SUCCESS,11698956,0,0.0
0,178,108,2.000031249755863,EXECUTE,SUCCESS,11698958,0,0.0
0,179,109,2.0,EXECUTE,CRASH,11699147,187,0.0116875
0,114,193,3.114492334233622,EXECUTE,SUCCESS,11811148,0,0.0
0,115,7,3.111289925416787,EXECUTE,SUCCESS,11811149,0,0.0
0,116,15,3.0317383627219536,EXECUTE,SUCCESS,11811154,0,0.0
0,117,16,3.0284484476378313,EXECUTE,SUCCESS,11811155,0,0.0
0,118,17,2.0,EXECUTE,CRASH,11811165,9,0.0005625
0,114,193,3.0099871262183173,EXECUTE,SUCCESS,11923166,0,0.0
0,115,7,3.0066667590539535,EXECUTE,SUCCESS,11923167,0,0.0
0,116,15,2.9242362250680096,EXECUTE,SUCCESS,11923172,0,0.0
0,117,16,2.920825225856556,EXECUTE,SUCCESS,11923173,0,0.0
0,118,17,2.9174102385506226,EXECUTE,SUCCESS,11923174,0,0.0
0,119,18,2.913991249128933,EXECUTE,SUCCESS,11923175,0,0.0
0,120,19,2.9105682434878584,EXECUTE,SUCCESS,11923176,0,0.0
0,121,20,2.907141207440739,EXECUTE,SUCCESS,11923177,0,0.0
0,122,21,2.903710126717196,EXECUTE,SUCCESS,11923178,0,0.0
0,123,22,2.9002749869624425,EXECUTE,SUCCESS,11923179,0,0.0
0,124,23,2.8968357737365773,EXECUTE,SUCCESS,11923180,0,0.0
0,125,24,2.8933924725138813,EXECUTE,SUCCESS,11923181,0,0.0
0,126,25,2.889945068682101,EXECUTE,SUCCESS,11923182,0,0.0
0,127,26,2.8864935475417215,EXECUTE,SUCCESS,11923183,0,0.0
0,128,27,2.8830378943052395,EXECUTE,SUCCESS,11923184,0,0.0
0,129,28,2.879578094096423,EXECUTE,SUCCESS,11923185,0,0.0
0,130,29,2.8761141319495627,EXECUTE,SUCCESS,11923186,0,0.0
0,131,30,2.872645992808718,EXECUTE,SUCCESS,11923187,0,0.0
0,132,31,2.8691736615269527,EXECUTE,SUCCESS,11923188,0,0.0
0,133,35,2.7826731752040126,EXECUTE,SUCCESS,11923193,0,0.0
0,134,36,2.7790812330696597,EXECUTE,SUCCESS,11923194,0,0.0
0,135,40,2.775484642364281,EXECUTE,SUCCESS,11923195,0,0.0
0,136,41,2.771883384992951,EXECUTE,SUCCESS,11923196,0,0.0
0,137,42,2.7307553899974235,EXECUTE,SUCCESS,11923199,0,0.0
0,138,44,2.0,EXECUTE,CRASH,11923235,35,0.0021875
0,114,193,2.0,EXECUTE,CRASH,12003237,1,6.25e-05
0,114,193,2.194538675895233,CHECKPOINT,SUCCESS,12083493,0,0.0
0,114,193,2.1899914383394297,EXECUTE,SUCCESS,12083494,0,0.0
0,115,7,2.185434739359655,EXECUTE,SUCCESS,12083495,0,0.0
0,116,15,2.070612831989603,EXECUTE,SUCCESS,12083500,0,0.0
0,117,16,2.065792826011361,EXECUTE,SUCCESS,12083501,0,0.0
0,118,17,2.0609615474336263,EXECUTE,SUCCESS,12083502,0,0.0
0,119,18,2.056118916794456,EXECUTE,SUCCESS,12083503,0,0.0
0,120,19,2.0512648536939366,EXECUTE,SUCCESS,12083504,0,0.0
0,121,20,2.0463992767786077,EXECUTE,SUCCESS,12083505,0,0.0
0,122,21,2.041522103725553,EXECUTE,SUCCESS,12083506,0,0.0
0,123,22,2.0366332512261525,EXECUTE,SUCCESS,12083507,0,0.0
0,124,23,2.0317326349694755,EXECUTE,SUCCESS,12083508,0,0.0
0,125,24,2.026810301927639,EXECUTE,SUCCESS,12083509,0,0.0
0,126,25,2.021875985316609,EXECUTE,SUCCESS,12083510,0,0.0
0,127,26,2.016929597184792,EXECUTE,SUCCESS,12083511,0,0.0
0,128,27,2.0119710484994573,EXECUTE,SUCCESS,12083512,0,0.0
0,129,28,2.0070102142241346,EXECUTE,SUCCESS,12083513,0,0.0
0,130,29,2.0020370875685614,EXECUTE,SUCCESS,12083514,0,0.0
0,131,30,2.0000156249389653,EXECUTE,SUCCESS,12083515,0,0.0
0,132,31,2.00000562499209,EXECUTE,SUCCESS,12083516,0,0.0
0,133,35,2.0,EXECUTE,CRASH,12083549,28,0.00175
0,114,193,2.996675240996262,EXECUTE,SUCCESS,12163550,0,0.0
0,115,7,2.993346789130855,EXECUTE,SUCCESS,12163551,0,0.0
0,116,15,2.9105733971161074,EXECUTE,SUCCESS,12163556,0,0.0
0,117,16,2.9071463671442475,EXECUTE,SUCCESS,12163557,0,0.0
0,118,17,2.9037152925175005,EXECUTE,SUCCESS,12163558,0,0.0
0,119,18,2.9002732629874712,EXECUTE,SUCCESS,12163559,0,0.0
0,120,19,2.8968271436176494,EXECUTE,SUCCESS,12163560,0,0.0
0,121,20,2.893376919794583,EXECUTE,SUCCESS,12163561,0,0.0
0,122,21,2.889922576817585,EXECUTE,SUCCESS,12163562,0,0.0
0,123,22,2.8864710287823763,EXECUTE,SUCCESS,12163563,0,0.0
0,124,23,2.0,EXECUTE,CRASH,12163579,15,0.0009375
0,114,193,3.09516760450868,EXECUTE,SUCCESS,12499580,0,0.0
0,115,7,3.09194518062659,EXECUTE,SUCCESS,12499581,0,0.0
0,116,15,3.0118827168400824,EXECUTE,SUCCESS,12499586,0,0.0
0,117,16,3.008571089404403,EXECUTE,SUCCESS,12499587,0,0.0
0,118,17,3.0052558127387416,EXECUTE,SUCCESS,12499588,0,0.0
0,119,18,3.001936874752697,EXECUTE,SUCCESS,12499589,0,0.0
0,120,19,2.99861426328896,EXECUTE,SUCCESS,12499590,0,0.0
0,121,20,2.9952879661227887,EXECUTE,SUCCESS,12499591,0,0.0
0,122,21,2.991957970961489,EXECUTE,SUCCESS,12499592,0,0.0
0,123,22,2.988624265443883,EXECUTE,SUCCESS,12499593,0,0.0
0,124,23,2.0,EXECUTE,CRASH,12499609,15,0.0009375
0,114,193,3.069205516090443,EXECUTE,SUCCESS,12627610,0,0.0
0,115,7,3.065949282033218,EXECUTE,SUCCESS,12627611,0,0.0
0,116,15,2.9851561935684376,EXECUTE,SUCCESS,12627616,0,0.0
0,117,16,2.981814883590194,EXECUTE,SUCCESS,12627617,0,0.0
0,118,17,2.97846982526263,EXECUTE,SUCCESS,12627618,0,0.0
0,119,18,2.975121005942447,EXECUTE,SUCCESS,12627619,0,0.0
0,120,19,2.971768412915111,EXECUTE,SUCCESS,12627620,0,0.0
0,121,20,2.968412033394285,EXECUTE,SUCCESS,12627621,0,0.0
0,122,21,2.965051854521265,EXECUTE,SUCCESS,12627622,0,0.0
0,123,22,2.0,EXECUTE,CRASH,12627637,14,0.000875
0,114,193,2.996675240996262,EXECUTE,SUCCESS,12707638,0,0.0
0,115,7,2.993346789130855,EXECUTE,SUCCESS,12707639,0,0.0
0,116,15,2.9105733971161074,EXECUTE,SUCCESS,12707644,0,0.0
0,117,16,2.9071463671442475,EXECUTE,SUCCESS,12707645,0,0.0
0,118,17,2.9037152925175005,EXECUTE,SUCCESS,12707646,0,0.0
0,119,18,2.900280158881206,EXECUTE,SUCCESS,12707647,0,0.0
0,120,19,2.8968409517955926,EXECUTE,SUCCESS,12707648,0,0.0
0,121,20,2.89339765673507,EXECUTE,SUCCESS,12707649,0,0.0
0,122,21,2.8899502590875152,EXECUTE,SUCCESS,12707650,0,0.0
0,123,22,2.886498744153545,EXECUTE,SUCCESS,12707651,0,0.0
0,124,23,2.0366332512261485,CHECKPOINT,SUCCESS,12707907,0,0.0
0,124,23,2.0317326349694715,EXECUTE,SUCCESS,12707908,0,0.0
0,125,24,2.0268201696253154,EXECUTE,SUCCESS,12707909,0,0.0
0,126,25,2.0218957688268686,EXECUTE,SUCCESS,12707910,0,0.0
0,127,26,2.016949429212343,EXECUTE,SUCCESS,12707911,0,0.0
0,128,27,2.0119909294030114,EXECUTE,SUCCESS,12707912,0,0.0
0,129,28,2.00702017927075,EXECUTE,SUCCESS,12707913,0,0.0
0,130,29,2.0020470773685606,EXECUTE,SUCCESS,12707914,0,0.0
0,131,30,2.0000156249389653,EXECUTE,SUCCESS,12707915,0,0.0
0,132,31,2.0000156249389653,EXECUTE,SUCCESS,12707916,0,0.0
0,133,35,2.0039960079800556,CHECKPOINT,SUCCESS,12708172,0,0.0
0,133,35,2.0000781234741805,EXECUTE,SUCCESS,12708177,0,0.0
0,134,36,2.0000156249389653,EXECUTE,SUCCESS,12708178,0,0.0
0,135,40,2.0000156249389653,EXECUTE,SUCCESS,12708179,0,0.0
0,136,41,2.00000562499209,EXECUTE,SUCCESS,12708180,0,0.0
0,137,42,2.0000468744506965,EXECUTE,SUCCESS,12708183,0,0.0
0,138,44,2.0039960079800556,CHECKPOINT,SUCCESS,12708439,0,0.0
0,138,44,2.0000156249389653,EXECUTE,SUCCESS,12708440,0,0.0
0,139,46,2.000031249755863,EXECUTE,SUCCESS,12708442,0,0.0
0,140,49,2.0000156249389653,EXECUTE,SUCCESS,12708443,0,0.0
0,141,51,2.0000156249389653,EXECUTE,SUCCESS,12708444,0,0.0
0,142,52,2.0000468744506965,EXECUTE,SUCCESS,12708447,0,0.0
0,143,54,2.0000468744506965,EXECUTE,SUCCESS,12708450,0,0.0
0,144,55,2.0000937478028376,EXECUTE,SUCCESS,12708456,0,0.0
0,145,56,2.0000337497152394,EXECUTE,SUCCESS,12708462,0,0.0
0,146,57,2.0000337497152394,EXECUTE,SUCCESS,12708468,0,0.0
0,147,58,2.0000937478028376,EXECUTE,SUCCESS,12708474,0,0.0
0,148,61,2.0000468744506965,EXECUTE,SUCCESS,12708477,0,0.0
0,149,62,2.0000468744506965,EXECUTE,SUCCESS,12708480,0,0.0
0,150,63,2.0000937478028376,EXECUTE,SUCCESS,12708486,0,0.0
0,151,64,2.0000937478028376,EXECUTE,SUCCESS,12708492,0,0.0
0,152,65,2.0000937478028376,EXECUTE,SUCCESS,12708498,0,0.0
0,153,66,2.0000337497152394,EXECUTE,SUCCESS,12708504,0,0.0
0,154,68,2.0000112499683596,EXECUTE,SUCCESS,12708506,0,0.0
0,155,69,2.000028124802249,EXECUTE,SUCCESS,12708511,0,0.0
0,156,70,2.0000337497152394,EXECUTE,SUCCESS,12708517,0,0.0
0,157,71,2.000028124802249,EXECUTE,SUCCESS,12708522,0,0.0
0,158,72,2.000028124802249,EXECUTE,SUCCESS,12708527,0,0.0
0,159,73,2.000028124802249,EXECUTE,SUCCESS,12708532,0,0.0
0,160,76,2.0000168749288094,EXECUTE,SUCCESS,12708535,0,0.0
0,161,77,2.0000337497152394,EXECUTE,SUCCESS,12708541,0,0.0
0,162,78,2.0000937478028376,EXECUTE,SUCCESS,12708547,0,0.0
0,163,79,2.0000937478028376,EXECUTE,SUCCESS,12708553,0,0.0
0,164,80,2.0000337497152394,EXECUTE,SUCCESS,12708559,0,0.0
0,165,84,2.00000562499209,EXECUTE,SUCCESS,12708560,0,0.0
0,166,86,2.00000562499209,EXECUTE,SUCCESS,12708561,0,0.0
0,167,87,2.0000168749288094,EXECUTE,SUCCESS,12708564,0,0.0
0,168,88,2.0000337497152394,EXECUTE,SUCCESS,12708570,0,0.0
0,169,92,2.00000562499209,EXECUTE,SUCCESS,12708571,0,0.0
0,170,94,2.00000562499209,EXECUTE,SUCCESS,12708572,0,0.0
0,171,95,2.0000168749288094,EXECUTE,SUCCESS,12708575,0,0.0
0,172,96,2.000028124802249,EXECUTE,SUCCESS,12708580,0,0.0
0,173,100,2.00000562499209,EXECUTE,SUCCESS,12708581,0,0.0
0,174,102,2.00000562499209,EXECUTE,SUCCESS,12708582,0,0.0
0,175,105,2.000031249755863,EXECUTE,SUCCESS,12708584,0,0.0
0,176,106,2.000031249755863,EXECUTE,SUCCESS,12708586,0,0.0
0,177,107,2.0000112499683596,EXECUTE,SUCCESS,12708588,0,0.0
0,178,108,2.0000112499683596,EXECUTE,SUCCESS,12708590,0,0.0
0,179,109,2.0000112499683596,EXECUTE,SUCCESS,12708592,0,0.0
0,180,112,2.0000112499683596,EXECUTE,SUCCESS,12708594,0,0.0
0,181,113,2.0000112499683596,EXECUTE,SUCCESS,12708596,0,0.0
0,182,114,2.0000112499683596,EXECUTE,SUCCESS,12708598,0,0.0
0,183,115,2.0000112499683596,EXECUTE,SUCCESS,12708600,0,0.0
0,184,116,2.000031249755863,EXECUTE,SUCCESS,12708602,0,0.0
0,185,117,2.0000112499683596,EXECUTE,SUCCESS,12708604,0,0.0
0,186,120,2.000031249755863,EXECUTE,SUCCESS,12708606,0,0.0
0,187,121,2.000031249755863,EXECUTE,SUCCESS,12708608,0,0.0
0,188,122,2.000031249755863,EXECUTE,SUCCESS,12708610,0,0.0
0,189,123,2.000031249755863,EXECUTE,SUCCESS,12708612,0,0.0
0,190,124,2.000031249755863,EXECUTE,SUCCESS,12708614,0,0.0
0,191,127,2.0000156249389653,EXECUTE,SUCCESS,12708615,0,0.0
0,192,129,2.0000156249389653,EXECUTE,SUCCESS,12708616,0,0.0
0,193,130,2.0000156249389653,EXECUTE,SUCCESS,12708617,0,0.0
0,194,131,2.0000468744506965,EXECUTE,SUCCESS,12708620,0,0.0
0,195,132,2.0000468744506965,EXECUTE,SUCCESS,12708623,0,0.0
0,196,133,2.0000468744506965,EXECUTE,SUCCESS,12708626,0,0.0
0,197,134,2.0000468744506965,EXECUTE,SUCCESS,12708629,0,0.0
0,198,135,2.0000468744506965,EXECUTE,SUCCESS,12708632,0,0.0
0,199,136,2.0000468744506965,EXECUTE,SUCCESS,12708635,0,0.0
0,200,138,2.0000468744506965,EXECUTE,SUCCESS,12708638,0,0.0
0,201,139,2.0000468744506965,EXECUTE,SUCCESS,12708641,0,0.0
0,202,140,2.0000468744506965,EXECUTE,SUCCESS,12708644,0,0.0
0,203,141,2.0000468744506965,EXECUTE,SUCCESS,12708647,0,0.0
0,204,145,2.0000156249389653,EXECUTE,SUCCESS,12708648,0,0.0
0,205,147,2.000031249755863,EXECUTE,SUCCESS,12708650,0,0.0
0,206,149,2.0000156249389653,EXECUTE,SUCCESS,12708651,0,0.0
0,207,151,2.0000468744506965,EXECUTE,SUCCESS,12708654,0,0.0
0,208,152,2.00000562499209,EXECUTE,SUCCESS,12708655,0,0.0
0,209,153,2.00000562499209,EXECUTE,SUCCESS,12708656,0,0.0
0,210,154,2.00000562499209,EXECUTE,SUCCESS,12708657,0,0.0
0,211,155,2.00000562499209,EXECUTE,SUCCESS,12708658,0,0.0
0,212,158,2.00000562499209,EXECUTE,SUCCESS,12708659,0,0.0
0,213,159,2.00000562499209,EXECUTE,SUCCESS,12708660,0,0.0
0,214,160,2.00000562499209,EXECUTE,SUCCESS,12708661,0,0.0
0,215,163,2.0000156249389653,EXECUTE,SUCCESS,12708662,0,0.0
0,216,165,2.0000156249389653,EXECUTE,SUCCESS,12708663,0,0.0
0,217,167,2.0000468744506965,EXECUTE,SUCCESS,12708666,0,0.0
0,218,168,2.0000468744506965,EXECUTE,SUCCESS,12708669,0,0.0
0,219,169,2.0000468744506965,EXECUTE,SUCCESS,12708672,0,0.0
0,220,171,2.00000562499209,EXECUTE,SUCCESS,12708673,0,0.0
0,221,174,2.00000562499209,EXECUTE,SUCCESS,12708674,0,0.0
0,222,176,2.00000562499209,EXECUTE,SUCCESS,12708675,0,0.0
0,223,182,2.0000168749288094,EXECUTE,SUCCESS,12708678,0,0.0
0,224,183,2.0000156249389653,EXECUTE,SUCCESS,12708679,0,0.0
0,225,186,2.0,EXECUTE,CRASH,12708921,241,0.0150625
0,138,44,3.0495938254134765,EXECUTE,SUCCESS,12916922,0,0.0
0,139,46,3.038102615120167,EXECUTE,SUCCESS,12916924,0,0.0
0,140,49,3.034813009066621,EXECUTE,SUCCESS,12916925,0,0.0
0,141,51,3.031519833350922,EXECUTE,SUCCESS,12916926,0,0.0
0,142,52,2.9939405471719045,EXECUTE,SUCCESS,12916929,0,0.0
0,143,54,2.963401339677095,EXECUTE,SUCCESS,12916932,0,0.0
0,144,55,2.871042058208135,EXECUTE,SUCCESS,12916938,0,0.0
0,145,56,2.7756111939535053,EXECUTE,SUCCESS,12916944,0,0.0
0,146,57,2.676825078334407,EXECUTE,SUCCESS,12916950,0,0.0
0,147,58,2.5742042459758325,EXECUTE,SUCCESS,12916956,0,0.0
0,148,61,2.5386206884842024,EXECUTE,SUCCESS,12916959,0,0.0
0,149,62,2.502531218586495,EXECUTE,SUCCESS,12916962,0,0.0
0,150,63,2.3924459241537743,EXECUTE,SUCCESS,12916968,0,0.0
0,151,64,2.2770446855518682,EXECUTE,SUCCESS,12916974,0,0.0
0,152,65,2.1554738458167395,EXECUTE,SUCCESS,12916980,0,0.0
0,153,66,2.026623423332516,EXECUTE,SUCCESS,12916986,0,0.0
0,154,68,2.0092902975926616,EXECUTE,SUCCESS,12916988,0,0.0
0,155,69,2.000028124802249,EXECUTE,SUCCESS,12916993,0,0.0
0,156,70,2.0000337497152394,EXECUTE,SUCCESS,12916999,0,0.0
0,157,71,2.0000781234741805,EXECUTE,SUCCESS,12917004,0,0.0
0,158,72,2.0000781234741805,EXECUTE,SUCCESS,12917009,0,0.0
0,159,73,2.0000781234741805,EXECUTE,SUCCESS,12917014,0,0.0
0,160,76,2.0000168749288094,EXECUTE,SUCCESS,12917017,0,0.0
0,161,77,2.0000937478028376,EXECUTE,SUCCESS,12917023,0,0.0
0,162,78,2.0000937478028376,EXECUTE,SUCCESS,12917029,0,0.0
0,163,79,2.0000937478028376,EXECUTE,SUCCESS,12917035,0,0.0
0,164,80,2.0000937478028376,EXECUTE,SUCCESS,12917041,0,0.0
0,165,84,2.00000562499209,EXECUTE,SUCCESS,12917042,0,0.0
0,166,86,2.00000562499209,EXECUTE,SUCCESS,12917043,0,0.0
0,167,87,2.0000168749288094,EXECUTE,SUCCESS,12917046,0,0.0
0,168,88,2.0000337497152394,EXECUTE,SUCCESS,12917052,0,0.0
0,169,92,2.00000562499209,EXECUTE,SUCCESS,12917053,0,0.0
0,170,94,2.0000156249389653,EXECUTE,SUCCESS,12917054,0,0.0
0,171,95,2.0000468744506965,EXECUTE,SUCCESS,12917057,0,0.0
0,172,96,2.0000781234741805,EXECUTE,SUCCESS,12917062,0,0.0
0,173,100,2.00000562499209,EXECUTE,SUCCESS,12917063,0,0.0
0,174,102,2.00000562499209,EXECUTE,SUCCESS,12917064,0,0.0
0,175,105,2.0000112499683596,EXECUTE,SUCCESS,12917066,0,0.0
0,176,106,2.0000112499683596,EXECUTE,SUCCESS,12917068,0,0.0
0,177,107,2.0000112499683596,EXECUTE,SUCCESS,12917070,0,0.0
0,178,108,2.0000112499683596,EXECUTE,SUCCESS,12917072,0,0.0
0,179,109,2.0000112499683596,EXECUTE,SUCCESS,12917074,0,0.0
0,180,112,2.0,EXECUTE,CRASH,12917231,155,0.0096875
0,138,44,3.114492334233622,EXECUTE,SUCCESS,13029232,0,0.0
0,139,46,3.1032543402048107,EXECUTE,SUCCESS,13029234,0,0.0
0,140,49,3.100040322318404,EXECUTE,SUCCESS,13029235,0,0.0
0,141,51,3.0968229687859123,EXECUTE,SUCCESS,13029236,0,0.0
0,142,52,3.0600653587791213,EXECUTE,SUCCESS,13029239,0,0.0
0,143,54,3.030212451297762,EXECUTE,SUCCESS,13029242,0,0.0
0,144,55,2.9399528057436553,EXECUTE,SUCCESS,13029248,0,0.0
0,145,56,2.8468328893702193,EXECUTE,SUCCESS,13029254,0,0.0
0,146,57,2.7505622152570903,EXECUTE,SUCCESS,13029260,0,0.0
0,147,58,2.6507975215017825,EXECUTE,SUCCESS,13029266,0,0.0
0,148,61,2.6162559125590126,EXECUTE,SUCCESS,13029269,0,0.0
0,149,62,2.5812521186431967,EXECUTE,SUCCESS,13029272,0,0.0
0,150,63,2.4747196810952126,EXECUTE,SUCCESS,13029278,0,0.0
0,151,64,2.363339268915911,EXECUTE,SUCCESS,13029284,0,0.0
0,152,65,2.2464432999744277,EXECUTE,SUCCESS,13029290,0,0.0
0,153,66,2.1231209339083814,EXECUTE,SUCCESS,13029296,0,0.0
0,154,68,2.1065819471361653,EXECUTE,SUCCESS,13029298,0,0.0
0,155,69,2.0000781234741805,EXECUTE,SUCCESS,13029303,0,0.0
0,156,70,2.0000937478028376,EXECUTE,SUCCESS,13029309,0,0.0
0,157,71,2.0000781234741805,EXECUTE,SUCCESS,13029314,0,0.0
0,158,72,2.0000781234741805,EXECUTE,SUCCESS,13029319,0,0.0
0,159,73,2.0000781234741805,EXECUTE,SUCCESS,13029324,0,0.0
0,160,76,2.0000468744506965,EXECUTE,SUCCESS,13029327,0,0.0
0,161,77,2.0000937478028376,EXECUTE,SUCCESS,13029333,0,0.0
0,162,78,2.0000937478028376,EXECUTE,SUCCESS,13029339,0,0.0
0,163,79,2.0000937478028376,EXECUTE,SUCCESS,13029345,0,0.0
0,164,80,2.0000937478028376,EXECUTE,SUCCESS,13029351,0,0.0
0,165,84,2.0000156249389653,EXECUTE,SUCCESS,13029352,0,0.0
0,166,86,2.0000156249389653,EXECUTE,SUCCESS,13029353,0,0.0
0,167,87,2.0000468744506965,EXECUTE,SUCCESS,13029356,0,0.0
0,168,88,2.0000937478028376,EXECUTE,SUCCESS,13029362,0,0.0
0,169,92,2.0000156249389653,EXECUTE,SUCCESS,13029363,0,0.0
0,170,94,2.0000156249389653,EXECUTE,SUCCESS,13029364,0,0.0
0,171,95,2.0000468744506965,EXECUTE,SUCCESS,13029367,0,0.0
0,172,96,2.0000781234741805,EXECUTE,SUCCESS,13029372,0,0.0
0,173,100,2.0000156249389653,EXECUTE,SUCCESS,13029373,0,0.0
0,174,102,2.0000156249389653,EXECUTE,SUCCESS,13029374,0,0.0
0,175,105,2.000031249755863,EXECUTE,SUCCESS,13029376,0,0.0
0,176,106,2.000031249755863,EXECUTE,SUCCESS,13029378,0,0.0
0,177,107,2.0000112499683596,EXECUTE,SUCCESS,13029380,0,0.0
0,178,108,2.0000112499683596,EXECUTE,SUCCESS,13029382,0,0.0
0,179,109,2.0000112499683596,EXECUTE,SUCCESS,13029384,0,0.0
0,180,112,2.0000112499683596,EXECUTE,SUCCESS,13029386,0,0.0
0,181,113,2.0000112499683596,EXECUTE,SUCCESS,13029388,0,0.0
0,182,114,2.0000112499683596,EXECUTE,SUCCESS,13029390,0,0.0
0,183,115,2.0000112499683596,EXECUTE,SUCCESS,13029392,0,0.0
0,184,116,2.0000112499683596,EXECUTE,SUCCESS,13029394,0,0.0
0,185,117,2.0000112499683596,EXECUTE,SUCCESS,13029396,0,0.0
0,186,120,2.0000112499683596,EXECUTE,SUCCESS,13029398,0,0.0
0,187,121,2.0000112499683596,EXECUTE,SUCCESS,13029400,0,0.0
0,188,122,2.0000112499683596,EXECUTE,SUCCESS,13029402,0,0.0
0,189,123,2.0000112499683596,EXECUTE,SUCCESS,13029404,0,0.0
0,190,124,2.0000112499683596,EXECUTE,SUCCESS,13029406,0,0.0
0,191,127,2.0000156249389653,EXECUTE,SUCCESS,13029407,0,0.0
0,192,129,2.0000156249389653,EXECUTE,SUCCESS,13029408,0,0.0
0,193,130,2.0000156249389653,EXECUTE,SUCCESS,13029409,0,0.0
0,194,131,2.0000168749288094,EXECUTE,SUCCESS,13029412,0,0.0
0,195,132,2.0000168749288094,EXECUTE,SUCCESS,13029415,0,0.0
0,196,133,2.0000468744506965,EXECUTE,SUCCESS,13029418,0,0.0
0,197,134,2.0000468744506965,EXECUTE,SUCCESS,13029421,0,0.0
0,198,135,2.0000468744506965,EXECUTE,SUCCESS,13029424,0,0.0
0,199,136,2.0000168749288094,EXECUTE,SUCCESS,13029427,0,0.0
0,200,138,2.0000168749288094,EXECUTE,SUCCESS,13029430,0,0.0
0,201,139,2.0000168749288094,EXECUTE,SUCCESS,13029433,0,0.0
0,202,140,2.0000168749288094,EXECUTE,SUCCESS,13029436,0,0.0
0,203,141,2.0000168749288094,EXECUTE,SUCCESS,13029439,0,0.0
0,204,145,2.00000562499209,EXECUTE,SUCCESS,13029440,0,0.0
0,205,147,2.000031249755863,EXECUTE,SUCCESS,13029442,0,0.0
0,206,149,2.0000156249389653,EXECUTE,SUCCESS,13029443,0,0.0
0,207,151,2.0000468744506965,EXECUTE,SUCCESS,13029446,0,0.0
0,208,152,2.0000156249389653,EXECUTE,SUCCESS,13029447,0,0.0
0,209,153,2.0000156249389653,EXECUTE,SUCCESS,13029448,0,0.0
0,210,154,2.0000156249389653,EXECUTE,SUCCESS,13029449,0,0.0
0,211,155,2.0000156249389653,EXECUTE,SUCCESS,13029450,0,0.0
0,212,158,2.0000156249389653,EXECUTE,SUCCESS,13029451,0,0.0
0,213,159,2.0000156249389653,EXECUTE,SUCCESS,13029452,0,0.0
0,214,160,2.0000156249389653,EXECUTE,SUCCESS,13029453,0,0.0
0,215,163,2.00000562499209,EXECUTE,SUCCESS,13029454,0,0.0
0,216,165,2.00000562499209,EXECUTE,SUCCESS,13029455,0,0.0
0,217,167,2.0000168749288094,EXECUTE,SUCCESS,13029458,0,0.0
0,218,168,2.0000468744506965,EXECUTE,SUCCESS,13029461,0,0.0
0,219,169,2.0000468744506965,EXECUTE,SUCCESS,13029464,0,0.0
0,220,171,2.0000156249389653,EXECUTE,SUCCESS,13029465,0,0.0
0,221,174,2.0000156249389653,EXECUTE,SUCCESS,13029466,0,0.0
0,222,176,2.0000156249389653,EXECUTE,SUCCESS,13029467,0,0.0
0,223,182,2.0000468744506965,EXECUTE,SUCCESS,13029470,0,0.0
0,224,183,2.0000156249389653,EXECUTE,SUCCESS,13029471,0,0.0
0,225,186,2.0000156249389653,EXECUTE,SUCCESS,13029472,0,0.0
0,226,189,2.00000562499209,EXECUTE,SUCCESS,13029473,0,0.0
0,227,191,2.00000562499209,EXECUTE,SUCCESS,13029474,0,0.0
0,228,192,2.00000562499209,EXECUTE,SUCCESS,13029475,0,0.0
0,229,193,2.00000562499209,EXECUTE,SUCCESS,13029476,0,0.0
0,230,7,2.00000562499209,EXECUTE,SUCCESS,13029477,0,0.0
0,231,15,2.0000781234741805,EXECUTE,SUCCESS,13029482,0,0.0
0,232,16,2.0000156249389653,EXECUTE,SUCCESS,13029483,0,0.0
0,233,17,2.0000156249389653,EXECUTE,SUCCESS,13029484,0,0.0
0,234,18,2.0000156249389653,EXECUTE,SUCCESS,13029485,0,0.0
0,235,19,2.00000562499209,EXECUTE,SUCCESS,13029486,0,0.0
0,236,20,2.00000562499209,EXECUTE,SUCCESS,13029487,0,0.0
0,237,21,2.00000562499209,EXECUTE,SUCCESS,13029488,0,0.0
0,238,22,2.00000562499209,EXECUTE,SUCCESS,13029489,0,0.0
0,239,23,2.00000562499209,EXECUTE,SUCCESS,13029490,0,0.0
0,240,24,2.00000562499209,EXECUTE,SUCCESS,13029491,0,0.0
0,241,25,2.00000562499209,EXECUTE,SUCCESS,13029492,0,0.0
0,242,26,2.00000562499209,EXECUTE,SUCCESS,13029493,0,0.0
0,243,27,2.00000562499209,EXECUTE,SUCCESS,13029494,0,0.0
0,244,28,2.00000562499209,EXECUTE,SUCCESS,13029495,0,0.0
0,245,29,2.00000562499209,EXECUTE,SUCCESS,13029496,0,0.0
0,246,30,2.00000562499209,EXECUTE,SUCCESS,13029497,0,0.0
0,247,31,2.00000562499209,EXECUTE,SUCCESS,13029498,0,0.0
0,248,35,2.000028124802249,EXECUTE,SUCCESS,13029503,0,0.0
0,249,36,2.00000562499209,EXECUTE,SUCCESS,13029504,0,0.0
0,250,40,2.0000156249389653,EXECUTE,SUCCESS,13029505,0,0.0
0,251,41,2.0000156249389653,EXECUTE,SUCCESS,13029506,0,0.0
0,252,42,2.0000468744506965,EXECUTE,SUCCESS,13029509,0,0.0
0,253,44,2.0000156249389653,EXECUTE,SUCCESS,13029510,0,0.0
0,254,46,2.0,EXECUTE,CRASH,13029793,281,0.0175625
0,138,44,3.0364489951257214,EXECUTE,SUCCESS,13349794,0,0.0
0,139,46,3.024907849836091,EXECUTE,SUCCESS,13349796,0,0.0
0,140,49,3.0216038787372517,EXECUTE,SUCCESS,13349797,0,0.0
0,141,51,3.018296290956208,EXECUTE,SUCCESS,13349798,0,0.0
0,142,52,2.980550284762866,EXECUTE,SUCCESS,13349801,0,0.0
0,143,54,2.9498724548698716,EXECUTE,SUCCESS,13349804,0,0.0
0,144,55,2.857075865286045,EXECUTE,SUCCESS,13349810,0,0.0
0,145,56,2.761162345824672,EXECUTE,SUCCESS,13349816,0,0.0
0,146,57,2.661794977078439,EXECUTE,SUCCESS,13349822,0,0.0
0,147,58,2.5585713787189928,EXECUTE,SUCCESS,13349828,0,0.0
0,148,61,2.52276732973931,EXECUTE,SUCCESS,13349831,0,0.0
0,149,62,2.4864718980917537,EXECUTE,SUCCESS,13349834,0,0.0
0,150,63,2.3756930567731196,EXECUTE,SUCCESS,13349840,0,0.0
0,151,64,2.259489433478282,EXECUTE,SUCCESS,13349846,0,0.0
0,152,65,2.136976251622841,EXECUTE,SUCCESS,13349852,0,0.0
0,153,66,2.006938588995689,EXECUTE,SUCCESS,13349858,0,0.0
0,154,68,2.0000112499683596,EXECUTE,SUCCESS,13349860,0,0.0
0,155,69,2.0000781234741805,EXECUTE,SUCCESS,13349865,0,0.0
0,156,70,2.0000937478028376,EXECUTE,SUCCESS,13349871,0,0.0
0,157,71,2.0000781234741805,EXECUTE,SUCCESS,13349876,0,0.0
0,158,72,2.000028124802249,EXECUTE,SUCCESS,13349881,0,0.0
0,159,73,2.000028124802249,EXECUTE,SUCCESS,13349886,0,0.0
0,160,76,2.0000468744506965,EXECUTE,SUCCESS,13349889,0,0.0
0,161,77,2.0000937478028376,EXECUTE,SUCCESS,13349895,0,0.0
0,162,78,2.0000937478028376,EXECUTE,SUCCESS,13349901,0,0.0
0,163,79,2.0000937478028376,EXECUTE,SUCCESS,13349907,0,0.0
0,164,80,2.0000937478028376,EXECUTE,SUCCESS,13349913,0,0.0
0,165,84,2.0000156249389653,EXECUTE,SUCCESS,13349914,0,0.0
0,166,86,2.0000156249389653,EXECUTE,SUCCESS,13349915,0,0.0
0,167,87,2.0000468744506965,EXECUTE,SUCCESS,13349918,0,0.0
0,168,88,2.0000937478028376,EXECUTE,SUCCESS,13349924,0,0.0
0,169,92,2.0000156249389653,EXECUTE,SUCCESS,13349925,0,0.0
0,170,94,2.0000156249389653,EXECUTE,SUCCESS,13349926,0,0.0
0,171,95,2.0000468744506965,EXECUTE,SUCCESS,13349929,0,0.0
0,172,96,2.000028124802249,EXECUTE,SUCCESS,13349934,0,0.0
0,173,100,2.00000562499209,EXECUTE,SUCCESS,13349935,0,0.0
0,174,102,2.0000156249389653,EXECUTE,SUCCESS,13349936,0,0.0
0,175,105,2.000031249755863,EXECUTE,SUCCESS,13349938,0,0.0
0,176,106,2.000031249755863,EXECUTE,SUCCESS,13349940,0,0.0
0,177,107,2.000031249755863,EXECUTE,SUCCESS,13349942,0,0.0
0,178,108,2.000031249755863,EXECUTE,SUCCESS,13349944,0,0.0
0,179,109,2.000031249755863,EXECUTE,SUCCESS,13349946,0,0.0
0,180,112,2.000031249755863,EXECUTE,SUCCESS,13349948,0,0.0
0,181,113,2.000031249755863,EXECUTE,SUCCESS,13349950,0,0.0
0,182,114,2.000031249755863,EXECUTE,SUCCESS,13349952,0,0.0
0,183,115,2.000031249755863,EXECUTE,SUCCESS,13349954,0,0.0
0,184,116,2.000031249755863,EXECUTE,SUCCESS,13349956,0,0.0
0,185,117,2.0000112499683596,EXECUTE,SUCCESS,13349958,0,0.0
0,186,120,2.0000112499683596,EXECUTE,SUCCESS,13349960,0,0.0
0,187,121,2.0000112499683596,EXECUTE,SUCCESS,13349962,0,0.0
0,188,122,2.0000112499683596,EXECUTE,SUCCESS,13349964,0,0.0
0,189,123,2.0000112499683596,EXECUTE,SUCCESS,13349966,0,0.0
0,190,124,2.0000112499683596,EXECUTE,SUCCESS,13349968,0,0.0
0,191,127,2.00000562499209,EXECUTE,SUCCESS,13349969,0,0.0
0,192,129,2.0000156249389653,EXECUTE,SUCCESS,13349970,0,0.0
0,193,130,2.0000156249389653,EXECUTE,SUCCESS,13349971,0,0.0
0,194,131,2.0000468744506965,EXECUTE,SUCCESS,13349974,0,0.0
0,195,132,2.0000468744506965,EXECUTE,SUCCESS,13349977,0,0.0
0,196,133,2.0000168749288094,EXECUTE,SUCCESS,13349980,0,0.0
0,197,134,2.0000168749288094,EXECUTE,SUCCESS,13349983,0,0.0
0,198,135,2.0000468744506965,EXECUTE,SUCCESS,13349986,0,0.0
0,199,136,2.0000468744506965,EXECUTE,SUCCESS,13349989,0,0.0
0,200,138,2.0000468744506965,EXECUTE,SUCCESS,13349992,0,0.0
0,201,139,2.0000468744506965,EXECUTE,SUCCESS,13349995,0,0.0
0,202,140,2.0000468744506965,EXECUTE,SUCCESS,13349998,0,0.0
0,203,141,2.0000468744506965,EXECUTE,SUCCESS,13350001,0,0.0
0,204,145,2.0000156249389653,EXECUTE,SUCCESS,13350002,0,0.0
0,205,147,2.000031249755863,EXECUTE,SUCCESS,13350004,0,0.0
0,206,149,2.00000562499209,EXECUTE,SUCCESS,13350005,0,0.0
0,207,151,2.0000168749288094,EXECUTE,SUCCESS,13350008,0,0.0
0,208,152,2.0000156249389653,EXECUTE,SUCCESS,13350009,0,0.0
0,209,153,2.00000562499209,EXECUTE,SUCCESS,13350010,0,0.0
0,210,154,2.00000562499209,EXECUTE,SUCCESS,13350011,0,0.0
0,211,155,2.00000562499209,EXECUTE,SUCCESS,13350012,0,0.0
0,212,158,2.00000562499209,EXECUTE,SUCCESS,13350013,0,0.0
0,213,159,2.00000562499209,EXECUTE,SUCCESS,13350014,0,0.0
0,214,160,2.00000562499209,EXECUTE,SUCCESS,13350015,0,0.0
0,215,163,2.00000562499209,EXECUTE,SUCCESS,13350016,0,0.0
0,216,165,2.00000562499209,EXECUTE,SUCCESS,13350017,0,0.0
0,217,167,2.0000468744506965,EXECUTE,SUCCESS,13350020,0,0.0
0,218,168,2.0000468744506965,EXECUTE,SUCCESS,13350023,0,0.0
0,219,169,2.0000468744506965,EXECUTE,SUCCESS,13350026,0,0.0
0,220,171,2.0000156249389653,EXECUTE,SUCCESS,13350027,0,0.0
0,221,174,2.00000562499209,EXECUTE,SUCCESS,13350028,0,0.0
0,222,176,2.00000562499209,EXECUTE,SUCCESS,13350029,0,0.0
0,223,182,2.0000168749288094,EXECUTE,SUCCESS,13350032,0,0.0
0,224,183,2.00000562499209,EXECUTE,SUCCESS,13350033,0,0.0
0,225,186,2.00000562499209,EXECUTE,SUCCESS,13350034,0,0.0
0,226,189,2.00000562499209,EXECUTE,SUCCESS,13350035,0,0.0
0,227,191,2.00000562499209,EXECUTE,SUCCESS,13350036,0,0.0
0,228,192,2.0000156249389653,EXECUTE,SUCCESS,13350037,0,0.0
0,229,193,2.0000156249389653,EXECUTE,SUCCESS,13350038,0,0.0
0,230,7,2.0000156249389653,EXECUTE,SUCCESS,13350039,0,0.0
0,231,15,2.0000781234741805,EXECUTE,SUCCESS,13350044,0,0.0
0,232,16,2.00000562499209,EXECUTE,SUCCESS,13350045,0,0.0
0,233,17,2.00000562499209,EXECUTE,SUCCESS,13350046,0,0.0
0,234,18,2.0,EXECUTE,CRASH,13350301,254,0.015875
0,138,44,3.0033352293741706,EXECUTE,SUCCESS,13574302,0,0.0
0,139,46,2.9916663416898617,EXECUTE,SUCCESS,13574304,0,0.0
0,140,49,2.988325618134677,EXECUTE,SUCCESS,13574305,0,0.0
0,141,51,2.984981155719412,EXECUTE,SUCCESS,13574306,0,0.0
0,142,52,2.9468084430447794,EXECUTE,SUCCESS,13574309,0,0.0
0,143,54,2.9157962034408365,EXECUTE,SUCCESS,13574312,0,0.0
0,144,55,2.821921774252433,EXECUTE,SUCCESS,13574318,0,0.0
0,145,56,2.7248151313437763,EXECUTE,SUCCESS,13574324,0,0.0
0,146,57,2.6240717406351535,EXECUTE,SUCCESS,13574330,0,0.0
0,147,58,2.5193029790003436,EXECUTE,SUCCESS,13574336,0,0.0
0,148,61,2.482956906593428,EXECUTE,SUCCESS,13574339,0,0.0
0,149,62,2.446070828900914,EXECUTE,SUCCESS,13574342,0,0.0
0,150,63,2.3333747020142313,EXECUTE,SUCCESS,13574348,0,0.0
0,151,64,2.2149520310832926,EXECUTE,SUCCESS,13574354,0,0.0
0,152,65,2.0898295385030816,EXECUTE,SUCCESS,13574360,0,0.0
0,153,66,2.0000937478028376,EXECUTE,SUCCESS,13574366,0,0.0
0,154,68,2.000031249755863,EXECUTE,SUCCESS,13574368,0,0.0
0,155,69,2.0000781234741805,EXECUTE,SUCCESS,13574373,0,0.0
0,156,70,2.0000937478028376,EXECUTE,SUCCESS,13574379,0,0.0
0,157,71,2.000028124802249,EXECUTE,SUCCESS,13574384,0,0.0
0,158,72,2.000028124802249,EXECUTE,SUCCESS,13574389,0,0.0
0,159,73,2.000028124802249,EXECUTE,SUCCESS,13574394,0,0.0
0,160,76,2.0000468744506965,EXECUTE,SUCCESS,13574397,0,0.0
0,161,77,2.0000937478028376,EXECUTE,SUCCESS,13574403,0,0.0
0,162,78,2.0000937478028376,EXECUTE,SUCCESS,13574409,0,0.0
0,163,79,2.0000937478028376,EXECUTE,SUCCESS,13574415,0,0.0
0,164,80,2.0000337497152394,EXECUTE,SUCCESS,13574421,0,0.0
0,165,84,2.00000562499209,EXECUTE,SUCCESS,13574422,0,0.0
0,166,86,2.00000562499209,EXECUTE,SUCCESS,13574423,0,0.0
0,167,87,2.0000468744506965,EXECUTE,SUCCESS,13574426,0,0.0
0,168,88,2.0000337497152394,EXECUTE,SUCCESS,13574432,0,0.0
0,169,92,2.00000562499209,EXECUTE,SUCCESS,13574433,0,0.0
0,170,94,2.00000562499209,EXECUTE,SUCCESS,13574434,0,0.0
0,171,95,2.0000168749288094,EXECUTE,SUCCESS,13574437,0,0.0
0,172,96,2.000028124802249,EXECUTE,SUCCESS,13574442,0,0.0
0,173,100,2.00000562499209,EXECUTE,SUCCESS,13574443,0,0.0
0,174,102,2.0000156249389653,EXECUTE,SUCCESS,13574444,0,0.0
0,175,105,2.0,EXECUTE,CRASH,13574591,145,0.0090625
0,138,44,3.0364555817597596,EXECUTE,SUCCESS,13750592,0,0.0
0,139,46,3.0249144616005266,EXECUTE,SUCCESS,13750594,0,0.0
0,140,49,3.0216171167108516,EXECUTE,SUCCESS,13750595,0,0.0
0,141,51,3.0183161696548626,EXECUTE,SUCCESS,13750596,0,0.0
0,142,52,2.9805704152057877,EXECUTE,SUCCESS,13750599,0,0.0
0,143,54,2.949892794662206,EXECUTE,SUCCESS,13750602,0,0.0
0,144,55,2.8570968657012665,EXECUTE,SUCCESS,13750608,0,0.0
0,145,56,2.7611840757182415,EXECUTE,SUCCESS,13750614,0,0.0
0,146,57,2.6618625997597998,EXECUTE,SUCCESS,13750620,0,0.0
0,147,58,2.558688628966018,EXECUTE,SUCCESS,13750626,0,0.0
0,148,61,2.5229100261404493,EXECUTE,SUCCESS,13750629,0,0.0
0,149,62,2.486616677334889,EXECUTE,SUCCESS,13750632,0,0.0
0,150,63,2.3758445866680766,EXECUTE,SUCCESS,13750638,0,0.0
0,151,64,2.259595649668322,EXECUTE,SUCCESS,13750644,0,0.0
0,152,65,2.1370324049953022,EXECUTE,SUCCESS,13750650,0,0.0
0,153,66,2.0069983806670115,EXECUTE,SUCCESS,13750656,0,0.0
0,154,68,2.0000112499683596,EXECUTE,SUCCESS,13750658,0,0.0
0,155,69,2.0000781234741805,EXECUTE,SUCCESS,13750663,0,0.0
0,156,70,2.0000337497152394,EXECUTE,SUCCESS,13750669,0,0.0
0,157,71,2.000028124802249,EXECUTE,SUCCESS,13750674,0,0.0
0,158,72,2.000028124802249,EXECUTE,SUCCESS,13750679,0,0.0
0,159,73,2.000028124802249,EXECUTE,SUCCESS,13750684,0,0.0
0,160,76,2.0000168749288094,EXECUTE,SUCCESS,13750687,0,0.0
0,161,77,2.0,EXECUTE,CRASH,13750795,102,0.006375
0,138,44,3.082217140306633,EXECUTE,SUCCESS,13910796,0,0.0
0,139,46,3.070861035605486,EXECUTE,SUCCESS,13910798,0,0.0
0,140,49,3.0676130786003624,EXECUTE,SUCCESS,13910799,0,0.0
0,141,51,3.064361679045082,EXECUTE,SUCCESS,13910800,0,0.0
0,142,52,3.0272099365587435,EXECUTE,SUCCESS,13910803,0,0.0
0,143,54,2.997009759743867,EXECUTE,SUCCESS,13910806,0,0.0
0,144,55,2.9057189299724073,EXECUTE,SUCCESS,13910812,0,0.0
0,145,56,2.8114653652499424,EXECUTE,SUCCESS,13910818,0,0.0
0,146,57,2.713940400966829,EXECUTE,SUCCESS,13910824,0,0.0
0,147,58,2.6127777364330083,EXECUTE,SUCCESS,13910830,0,0.0
0,148,61,2.5777267116589364,EXECUTE,SUCCESS,13910833,0,0.0
0,149,62,2.542192459276046,EXECUTE,SUCCESS,13910836,0,0.0
0,150,63,2.4339017030274643,EXECUTE,SUCCESS,13910842,0,0.0
0,151,64,2.3206146815014317,EXECUTE,SUCCESS,13910848,0,0.0
0,152,65,2.2015057347188516,EXECUTE,SUCCESS,13910854,0,0.0
0,153,66,2.075572812502609,EXECUTE,SUCCESS,13910860,0,0.0
0,154,68,2.0586712947918593,EXECUTE,SUCCESS,13910862,0,0.0
0,155,69,2.0000781234741805,EXECUTE,SUCCESS,13910867,0,0.0
0,156,70,2.0000337497152394,EXECUTE,SUCCESS,13910873,0,0.0
0,157,71,2.000028124802249,EXECUTE,SUCCESS,13910878,0,0.0
0,158,72,2.0000781234741805,EXECUTE,SUCCESS,13910883,0,0.0
0,159,73,2.0000781234741805,EXECUTE,SUCCESS,13910888,0,0.0
0,160,76,2.0000468744506965,EXECUTE,SUCCESS,13910891,0,0.0
0,161,77,2.0000337497152394,EXECUTE,SUCCESS,13910897,0,0.0
0,162,78,2.0000337497152394,EXECUTE,SUCCESS,13910903,0,0.0
0,163,79,2.0000937478028376,EXECUTE,SUCCESS,13910909,0,0.0
0,164,80,2.0000937478028376,EXECUTE,SUCCESS,13910915,0,0.0
0,165,84,2.0000156249389653,EXECUTE,SUCCESS,13910916,0,0.0
0,166,86,2.0000156249389653,EXECUTE,SUCCESS,13910917,0,0.0
0,167,87,2.0000468744506965,EXECUTE,SUCCESS,13910920,0,0.0
0,168,88,2.0000937478028376,EXECUTE,SUCCESS,13910926,0,0.0
0,169,92,2.0000156249389653,EXECUTE,SUCCESS,13910927,0,0.0
0,170,94,2.0000156249389653,EXECUTE,SUCCESS,13910928,0,0.0
0,171,95,2.0000468744506965,EXECUTE,SUCCESS,13910931,0,0.0
0,172,96,2.0000781234741805,EXECUTE,SUCCESS,13910936,0,0.0
0,173,100,2.0000156249389653,EXECUTE,SUCCESS,13910937,0,0.0
0,174,102,2.0000156249389653,EXECUTE,SUCCESS,13910938,0,0.0
0,175,105,2.000031249755863,EXECUTE,SUCCESS,13910940,0,0.0
0,176,106,2.000031249755863,EXECUTE,SUCCESS,13910942,0,0.0
0,177,107,2.000031249755863,EXECUTE,SUCCESS,13910944,0,0.0
0,178,108,2.000031249755863,EXECUTE,SUCCESS,13910946,0,0.0
0,179,109,2.0000112499683596,EXECUTE,SUCCESS,13910948,0,0.0
0,180,112,2.0000112499683596,EXECUTE,SUCCESS,13910950,0,0.0
0,181,113,2.0,EXECUTE,CRASH,13911109,157,0.0098125
0,138,44,3.0033352293741706,EXECUTE,SUCCESS,14135110,0,0.0
0,139,46,2.9916663416898617,EXECUTE,SUCCESS,14135112,0,0.0
0,140,49,2.988332310838271,EXECUTE,SUCCESS,14135113,0,0.0
0,141,51,2.9849945561089384,EXECUTE,SUCCESS,14135114,0,0.0
0,142,52,2.9468423778682147,EXECUTE,SUCCESS,14135117,0,0.0
0,143,54,2.9158304991888664,EXECUTE,SUCCESS,14135120,0,0.0
0,144,55,2.821957210873332,EXECUTE,SUCCESS,14135126,0,0.0
0,145,56,2.7248077913863935,EXECUTE,SUCCESS,14135132,0,0.0
0,146,57,2.6240641188812437,EXECUTE,SUCCESS,14135138,0,0.0
0,147,58,2.519295040284087,EXECUTE,SUCCESS,14135144,0,0.0
0,148,61,2.4829246867353825,EXECUTE,SUCCESS,14135147,0,0.0
0,149,62,2.446038123169792,EXECUTE,SUCCESS,14135150,0,0.0
0,150,63,2.333340416655915,EXECUTE,SUCCESS,14135156,0,0.0
0,151,64,2.214915912625127,EXECUTE,SUCCESS,14135162,0,0.0
0,152,65,2.0897912575183195,EXECUTE,SUCCESS,14135168,0,0.0
0,153,66,2.0000937478028376,EXECUTE,SUCCESS,14135174,0,0.0
0,154,68,2.000031249755863,EXECUTE,SUCCESS,14135176,0,0.0
0,155,69,2.0000781234741805,EXECUTE,SUCCESS,14135181,0,0.0
0,156,70,2.0000937478028376,EXECUTE,SUCCESS,14135187,0,0.0
0,157,71,2.0000781234741805,EXECUTE,SUCCESS,14135192,0,0.0
0,158,72,2.0000781234741805,EXECUTE,SUCCESS,14135197,0,0.0
0,159,73,2.0000781234741805,EXECUTE,SUCCESS,14135202,0,0.0
0,160,76,2.0000468744506965,EXECUTE,SUCCESS,14135205,0,0.0
0,161,77,2.0000937478028376,EXECUTE,SUCCESS,14135211,0,0.0
0,162,78,2.0000337497152394,EXECUTE,SUCCESS,14135217,0,0.0
0,163,79,2.0000337497152394,EXECUTE,SUCCESS,14135223,0,0.0
0,164,80,2.0,EXECUTE,CRASH,14135349,120,0.0075
0,138,44,3.0561515832824795,EXECUTE,SUCCESS,14231350,0,0.0
0,139,46,3.0446982609119098,EXECUTE,SUCCESS,14231352,0,0.0
0,140,49,3.04142236461824,EXECUTE,SUCCESS,14231353,0,0.0
0,141,51,3.038136353095431,EXECUTE,SUCCESS,14231354,0,0.0
0,142,52,3.000659927415968,EXECUTE,SUCCESS,14231357,0,0.0
0,143,54,2.9702100094101094,EXECUTE,SUCCESS,14231360,0,0.0
0,144,55,2.8781109255899087,EXECUTE,SUCCESS,14231366,0,0.0
0,145,56,2.782965594469325,EXECUTE,SUCCESS,14231372,0,0.0
0,146,57,2.6844054276506006,EXECUTE,SUCCESS,14231378,0,0.0
0,147,58,2.5820858816081245,EXECUTE,SUCCESS,14231384,0,0.0
0,148,61,2.54661245579299,EXECUTE,SUCCESS,14231387,0,0.0
0,149,62,2.5106617653519168,EXECUTE,SUCCESS,14231390,0,0.0
0,150,63,2.400949291426207,EXECUTE,SUCCESS,14231396,0,0.0
0,151,64,2.285977362092636,EXECUTE,SUCCESS,14231402,0,0.0
0,152,65,2.1649081966679335,EXECUTE,SUCCESS,14231408,0,0.0
0,153,66,2.0366547326437052,EXECUTE,SUCCESS,14231414,0,0.0
0,154,68,2.0194077101962353,EXECUTE,SUCCESS,14231416,0,0.0
0,155,69,2.000028124802249,EXECUTE,SUCCESS,14231421,0,0.0
0,156,70,2.0000337497152394,EXECUTE,SUCCESS,14231427,0,0.0
0,157,71,2.000028124802249,EXECUTE,SUCCESS,14231432,0,0.0
0,158,72,2.000028124802249,EXECUTE,SUCCESS,14231437,0,0.0
0,159,73,2.000028124802249,EXECUTE,SUCCESS,14231442,0,0.0
0,160,76,2.0000168749288094,EXECUTE,SUCCESS,14231445,0,0.0
0,161,77,2.0000337497152394,EXECUTE,SUCCESS,14231451,0,0.0
0,162,78,2.0,EXECUTE,CRASH,14231565,108,0.00675
0,138,44,3.0561515832824795,EXECUTE,SUCCESS,14327566,0,0.0
0,139,46,3.0446982609119098,EXECUTE,SUCCESS,14327568,0,0.0
0,140,49,3.04142236461824,EXECUTE,SUCCESS,14327569,0,0.0
0,141,51,3.038142936071311,EXECUTE,SUCCESS,14327570,0,0.0
0,142,52,3.0006665926090497,EXECUTE,SUCCESS,14327573,0,0.0
0,143,54,2.970216742933082,EXECUTE,SUCCESS,14327576,0,0.0
0,144,55,2.878117874584015,EXECUTE,SUCCESS,14327582,0,0.0
0,145,56,2.7829727810382923,EXECUTE,SUCCESS,14327588,0,0.0
0,146,57,2.684457580219886,EXECUTE,SUCCESS,14327594,0,0.0
0,147,58,2.582186573429582,EXECUTE,SUCCESS,14327600,0,0.0
0,148,61,2.546738109818127,EXECUTE,SUCCESS,14327603,0,0.0
0,149,62,2.5107892185526057,EXECUTE,SUCCESS,14327606,0,0.0
0,150,63,2.401132545279416,EXECUTE,SUCCESS,14327612,0,0.0
0,151,64,2.286169831836648,EXECUTE,SUCCESS,14327618,0,0.0
0,152,65,2.1651668526928836,EXECUTE,SUCCESS,14327624,0,0.0
0,153,66,2.036988586124136,EXECUTE,SUCCESS,14327630,0,0.0
0,154,68,2.019764218912694,EXECUTE,SUCCESS,14327632,0,0.0
0,155,69,2.0000781234741805,EXECUTE,SUCCESS,14327637,0,0.0
0,156,70,2.0000937478028376,EXECUTE,SUCCESS,14327643,0,0.0
0,157,71,2.0000781234741805,EXECUTE,SUCCESS,14327648,0,0.0
0,158,72,2.0000781234741805,EXECUTE,SUCCESS,14327653,0,0.0
0,159,73,2.0000781234741805,EXECUTE,SUCCESS,14327658,0,0.0
0,160,76,2.0000468744506965,EXECUTE,SUCCESS,14327661,0,0.0
0,161,77,2.0000937478028376,EXECUTE,SUCCESS,14327667,0,0.0
0,162,78,2.0000937478028376,EXECUTE,SUCCESS,14327673,0,0.0
0,163,79,2.0000937478028376,EXECUTE,SUCCESS,14327679,0,0.0
0,164,80,2.0000937478028376,EXECUTE,SUCCESS,14327685,0,0.0
0,165,84,2.0000156249389653,EXECUTE,SUCCESS,14327686,0,0.0
0,166,86,2.0000156249389653,EXECUTE,SUCCESS,14327687,0,0.0
0,167,87,2.0000468744506965,EXECUTE,SUCCESS,14327690,0,0.0
0,168,88,2.0000937478028376,EXECUTE,SUCCESS,14327696,0,0.0
0,169,92,2.00000562499209,EXECUTE,SUCCESS,14327697,0,0.0
0,170,94,2.0000156249389653,EXECUTE,SUCCESS,14327698,0,0.0
0,171,95,2.0000468744506965,EXECUTE,SUCCESS,14327701,0,0.0
0,172,96,2.0000781234741805,EXECUTE,SUCCESS,14327706,0,0.0
0,173,100,2.00000562499209,EXECUTE,SUCCESS,14327707,0,0.0
0,174,102,2.00000562499209,EXECUTE,SUCCESS,14327708,0,0.0
0,175,105,2.0000112499683596,EXECUTE,SUCCESS,14327710,0,0.0
0,176,106,2.0000112499683596,EXECUTE,SUCCESS,14327712,0,0.0
0,177,107,2.000031249755863,EXECUTE,SUCCESS,14327714,0,0.0
0,178,108,2.000031249755863,EXECUTE,SUCCESS,14327716,0,0.0
0,179,109,2.000031249755863,EXECUTE,SUCCESS,14327718,0,0.0
0,180,112,2.000031249755863,EXECUTE,SUCCESS,14327720,0,0.0
0,181,113,2.000031249755863,EXECUTE,SUCCESS,14327722,0,0.0
0,182,114,2.000031249755863,EXECUTE,SUCCESS,14327724,0,0.0
0,183,115,2.000031249755863,EXECUTE,SUCCESS,14327726,0,0.0
0,184,116,2.000031249755863,EXECUTE,SUCCESS,14327728,0,0.0
0,185,117,2.0000112499683596,EXECUTE,SUCCESS,14327730,0,0.0
0,186,120,2.0000112499683596,EXECUTE,SUCCESS,14327732,0,0.0
0,187,121,2.0,EXECUTE,CRASH,14327903,169,0.0105625
0,138,44,3.009993770757674,EXECUTE,SUCCESS,14439904,0,0.0
0,139,46,2.998364137325552,EXECUTE,SUCCESS,14439906,0,0.0
0,140,49,2.995037562368793,EXECUTE,SUCCESS,14439907,0,0.0
0,141,51,2.9917072884893,EXECUTE,SUCCESS,14439908,0,0.0
0,142,52,2.9536418198556165,EXECUTE,SUCCESS,14439911,0,0.0
0,143,54,2.9227020888212327,EXECUTE,SUCCESS,14439914,0,0.0
0,144,55,2.8290568216280136,EXECUTE,SUCCESS,14439920,0,0.0
0,145,56,2.732159859891072,EXECUTE,SUCCESS,14439926,0,0.0
0,146,57,2.631697646007231,EXECUTE,SUCCESS,14439932,0,0.0
0,147,58,2.5272450415422725,EXECUTE,SUCCESS,14439938,0,0.0
0,148,61,2.4910148534282173,EXECUTE,SUCCESS,14439941,0,0.0
0,149,62,2.4542498854028705,EXECUTE,SUCCESS,14439944,0,0.0
0,150,63,2.3419473734480034,EXECUTE,SUCCESS,14439950,0,0.0
0,151,64,2.223927269494217,EXECUTE,SUCCESS,14439956,0,0.0
0,152,65,2.0992826155618025,EXECUTE,SUCCESS,14439962,0,0.0
0,153,66,2.0000337497152394,EXECUTE,SUCCESS,14439968,0,0.0
0,154,68,2.0000112499683596,EXECUTE,SUCCESS,14439970,0,0.0
0,155,69,2.0,EXECUTE,CRASH,14440047,72,0.0045
0,138,44,3.140073645633172,EXECUTE,SUCCESS,14616048,0,0.0
0,139,46,3.128927531918884,EXECUTE,SUCCESS,14616050,0,0.0
0,140,49,3.1257335139131746,EXECUTE,SUCCESS,14616051,0,0.0
0,141,51,3.122536228773015,EXECUTE,SUCCESS,14616052,0,0.0
0,142,52,3.0860654562079537,EXECUTE,SUCCESS,14616055,0,0.0
0,143,54,3.056446875049524,EXECUTE,SUCCESS,14616058,0,0.0
0,144,55,2.9669854229503727,EXECUTE,SUCCESS,14616064,0,0.0
0,145,56,2.8747412927079203,EXECUTE,SUCCESS,14616070,0,0.0
0,146,57,2.0,EXECUTE,CRASH,14616105,29,0.0018125
0,138,44,3.0232536281298006,EXECUTE,SUCCESS,14760106,0,0.0
0,139,46,3.011675198290812,EXECUTE,SUCCESS,14760108,0,0.0
0,140,49,3.0083633424172693,EXECUTE,SUCCESS,14760109,0,0.0
0,141,51,3.005047836557681,EXECUTE,SUCCESS,14760110,0,0.0
0,142,52,2.9671535181045154,EXECUTE,SUCCESS,14760113,0,0.0
0,143,54,2.9363561602775645,EXECUTE,SUCCESS,14760116,0,0.0
0,144,55,2.843160653216769,EXECUTE,SUCCESS,14760122,0,0.0
0,145,56,2.746804962133279,EXECUTE,SUCCESS,14760128,0,0.0
0,146,57,2.0039960079800556,CHECKPOINT,SUCCESS,14760384,0,0.0
0,146,57,2.0000937478028376,EXECUTE,SUCCESS,14760390,0,0.0
0,147,58,2.0000937478028376,EXECUTE,SUCCESS,14760396,0,0.0
0,148,61,2.0000468744506965,EXECUTE,SUCCESS,14760399,0,0.0
0,149,62,2.0000468744506965,EXECUTE,SUCCESS,14760402,0,0.0
0,150,63,2.0000937478028376,EXECUTE,SUCCESS,14760408,0,0.0
0,151,64,2.0000937478028376,EXECUTE,SUCCESS,14760414,0,0.0
0,152,65,2.0000937478028376,EXECUTE,SUCCESS,14760420,0,0.0
0,153,66,2.0000937478028376,EXECUTE,SUCCESS,14760426,0,0.0
0,154,68,2.000031249755863,EXECUTE,SUCCESS,14760428,0,0.0
0,155,69,2.0039960079800556,CHECKPOINT,SUCCESS,14760684,0,0.0
0,155,69,2.0000781234741805,EXECUTE,SUCCESS,14760689,0,0.0
0,156,70,2.0000937478028376,EXECUTE,SUCCESS,14760695,0,0.0
0,157,71,2.0000781234741805,EXECUTE,SUCCESS,14760700,0,0.0
0,158,72,2.000028124802249,EXECUTE,SUCCESS,14760705,0,0.0
0,159,73,2.000028124802249,EXECUTE,SUCCESS,14760710,0,0.0
0,160,76,2.0000168749288094,EXECUTE,SUCCESS,14760713,0,0.0
0,161,77,2.0000937478028376,EXECUTE,SUCCESS,14760719,0,0.0
0,162,78,2.0000937478028376,EXECUTE,SUCCESS,14760725,0,0.0
0,163,79,2.0000937478028376,EXECUTE,SUCCESS,14760731,0,0.0
0,164,80,2.0000937478028376,EXECUTE,SUCCESS,14760737,0,0.0
0,165,84,2.0000156249389653,EXECUTE,SUCCESS,14760738,0,0.0
0,166,86,2.0000156249389653,EXECUTE,SUCCESS,14760739,0,0.0
0,167,87,2.0000468744506965,EXECUTE,SUCCESS,14760742,0,0.0
0,168,88,2.0000937478028376,EXECUTE,SUCCESS,14760748,0,0.0
0,169,92,2.0000156249389653,EXECUTE,SUCCESS,14760749,0,0.0
0,170,94,2.0000156249389653,EXECUTE,SUCCESS,14760750,0,0.0
0,171,95,2.0000468744506965,EXECUTE,SUCCESS,14760753,0,0.0
0,172,96,2.000028124802249,EXECUTE,SUCCESS,14760758,0,0.0
0,173,100,2.00000562499209,EXECUTE,SUCCESS,14760759,0,0.0
0,174,102,2.00000562499209,EXECUTE,SUCCESS,14760760,0,0.0
0,175,105,2.0000112499683596,EXECUTE,SUCCESS,14760762,0,0.0
0,176,106,2.0000112499683596,EXECUTE,SUCCESS,14760764,0,0.0
0,177,107,2.0000112499683596,EXECUTE,SUCCESS,14760766,0,0.0
0,178,108,2.0000112499683596,EXECUTE,SUCCESS,14760768,0,0.0
0,179,109,2.0000112499683596,EXECUTE,SUCCESS,14760770,0,0.0
0,180,112,2.0,EXECUTE,CRASH,14760860,88,0.0055
0,155,69,3.005214218653971,EXECUTE,SUCCESS,14920865,0,0.0
0,156,70,2.9142215941825698,EXECUTE,SUCCESS,14920871,0,0.0
0,157,71,2.8291341431611188,EXECUTE,SUCCESS,14920876,0,0.0
0,158,72,2.741407029246113,EXECUTE,SUCCESS,14920881,0,0.0
0,159,73,2.6507404625877653,EXECUTE,SUCCESS,14920886,0,0.0
0,160,76,2.616198100297453,EXECUTE,SUCCESS,14920889,0,0.0
0,161,77,2.511100854207174,EXECUTE,SUCCESS,14920895,0,0.0
0,162,78,2.401408440894635,EXECUTE,SUCCESS,14920901,0,0.0
0,163,79,2.286459599468139,EXECUTE,SUCCESS,14920907,0,0.0
0,164,80,2.1654173962541265,EXECUTE,SUCCESS,14920913,0,0.0
0,165,84,2.160799620510889,EXECUTE,SUCCESS,14920914,0,0.0
0,166,86,2.156171955109332,EXECUTE,SUCCESS,14920915,0,0.0
0,167,87,2.113562159010234,EXECUTE,SUCCESS,14920918,0,0.0
0,168,88,2.0000937478028376,EXECUTE,SUCCESS,14920924,0,0.0
0,169,92,2.0000156249389653,EXECUTE,SUCCESS,14920925,0,0.0
0,170,94,2.0000156249389653,EXECUTE,SUCCESS,14920926,0,0.0
0,171,95,2.0000468744506965,EXECUTE,SUCCESS,14920929,0,0.0
0,172,96,2.0000781234741805,EXECUTE,SUCCESS,14920934,0,0.0
0,173,100,2.0000156249389653,EXECUTE,SUCCESS,14920935,0,0.0
0,174,102,2.0000156249389653,EXECUTE,SUCCESS,14920936,0,0.0
0,175,105,2.000031249755863,EXECUTE,SUCCESS,14920938,0,0.0
0,176,106,2.000031249755863,EXECUTE,SUCCESS,14920940,0,0.0
0,177,107,2.000031249755863,EXECUTE,SUCCESS,14920942,0,0.0
0,178,108,2.0,EXECUTE,CRASH,14921028,84,0.00525
0,155,69,3.018495072051634,EXECUTE,SUCCESS,15113033,0,0.0
0,156,70,2.92791521393636,EXECUTE,SUCCESS,15113039,0,0.0
0,157,71,2.8432375911977528,EXECUTE,SUCCESS,15113044,0,0.0
0,158,72,2.755923166563248,EXECUTE,SUCCESS,15113049,0,0.0
0,159,73,2.665750363406146,EXECUTE,SUCCESS,15113054,0,0.0
0,160,76,2.6314050429380877,EXECUTE,SUCCESS,15113057,0,0.0
0,161,77,2.526940343577584,EXECUTE,SUCCESS,15113063,0,0.0
0,162,78,2.4179666044013097,EXECUTE,SUCCESS,15113069,0,0.0
0,163,79,2.3038440702443386,EXECUTE,SUCCESS,15113075,0,0.0
0,164,80,2.1837656696632997,EXECUTE,SUCCESS,15113081,0,0.0
0,165,84,2.1791959526394136,EXECUTE,SUCCESS,15113082,0,0.0
0,166,86,2.17461663288038,EXECUTE,SUCCESS,15113083,0,0.0
0,167,87,2.1324035734353854,EXECUTE,SUCCESS,15113086,0,0.0
0,168,88,2.002068929882286,EXECUTE,SUCCESS,15113092,0,0.0
0,169,92,2.0000156249389653,EXECUTE,SUCCESS,15113093,0,0.0
0,170,94,2.0000156249389653,EXECUTE,SUCCESS,15113094,0,0.0
0,171,95,2.0000468744506965,EXECUTE,SUCCESS,15113097,0,0.0
0,172,96,2.0000781234741805,EXECUTE,SUCCESS,15113102,0,0.0
0,173,100,2.0000156249389653,EXECUTE,SUCCESS,15113103,0,0.0
0,174,102,2.00000562499209,EXECUTE,SUCCESS,15113104,0,0.0
0,175,105,2.0000112499683596,EXECUTE,SUCCESS,15113106,0,0.0
0,176,106,2.0000112499683596,EXECUTE,SUCCESS,15113108,0,0.0
0,177,107,2.0000112499683596,EXECUTE,SUCCESS,15113110,0,0.0
0,178,108,2.0000112499683596,EXECUTE,SUCCESS,15113112,0,0.0
0,179,109,2.0000112499683596,EXECUTE,SUCCESS,15113114,0,0.0
0,180,112,2.0014394819729127,CHECKPOINT,SUCCESS,15113370,0,0.0
0,180,112,2.0000112499683596,EXECUTE,SUCCESS,15113372,0,0.0
0,181,113,2.0000112499683596,EXECUTE,SUCCESS,15113374,0,0.0
0,182,114,2.0000112499683596,EXECUTE,SUCCESS,15113376,0,0.0
0,183,115,2.0000112499683596,EXECUTE,SUCCESS,15113378,0,0.0
0,184,116,2.0000112499683596,EXECUTE,SUCCESS,15113380,0,0.0
0,185,117,2.0000112499683596,EXECUTE,SUCCESS,15113382,0,0.0
0,186,120,2.000031249755863,EXECUTE,SUCCESS,15113384,0,0.0
0,187,121,2.000031249755863,EXECUTE,SUCCESS,15113386,0,0.0
0,188,122,2.000031249755863,EXECUTE,SUCCESS,15113388,0,0.0
0,189,123,2.000031249755863,EXECUTE,SUCCESS,15113390,0,0.0
0,190,124,2.000031249755863,EXECUTE,SUCCESS,15113392,0,0.0
0,191,127,2.0000156249389653,EXECUTE,SUCCESS,15113393,0,0.0
0,192,129,2.0000156249389653,EXECUTE,SUCCESS,15113394,0,0.0
0,193,130,2.0000156249389653,EXECUTE,SUCCESS,15113395,0,0.0
0,194,131,2.0000468744506965,EXECUTE,SUCCESS,15113398,0,0.0
0,195,132,2.0000468744506965,EXECUTE,SUCCESS,15113401,0,0.0
0,196,133,2.0000468744506965,EXECUTE,SUCCESS,15113404,0,0.0
0,197,134,2.0000468744506965,EXECUTE,SUCCESS,15113407,0,0.0
0,198,135,2.0000468744506965,EXECUTE,SUCCESS,15113410,0,0.0
0,199,136,2.0000468744506965,EXECUTE,SUCCESS,15113413,0,0.0
0,200,138,2.0000468744506965,EXECUTE,SUCCESS,15113416,0,0.0
0,201,139,2.0000468744506965,EXECUTE,SUCCESS,15113419,0,0.0
0,202,140,2.0000168749288094,EXECUTE,SUCCESS,15113422,0,0.0
0,203,141,2.0000168749288094,EXECUTE,SUCCESS,15113425,0,0.0
0,204,145,2.00000562499209,EXECUTE,SUCCESS,15113426,0,0.0
0,205,147,2.0000112499683596,EXECUTE,SUCCESS,15113428,0,0.0
0,206,149,2.00000562499209,EXECUTE,SUCCESS,15113429,0,0.0
0,207,151,2.0000468744506965,EXECUTE,SUCCESS,15113432,0,0.0
0,208,152,2.0000156249389653,EXECUTE,SUCCESS,15113433,0,0.0
0,209,153,2.0000156249389653,EXECUTE,SUCCESS,15113434,0,0.0
0,210,154,2.0000156249389653,EXECUTE,SUCCESS,15113435,0,0.0
0,211,155,2.0000156249389653,EXECUTE,SUCCESS,15113436,0,0.0
0,212,158,2.0000156249389653,EXECUTE,SUCCESS,15113437,0,0.0
0,213,159,2.00000562499209,EXECUTE,SUCCESS,15113438,0,0.0
0,214,160,2.00000562499209,EXECUTE,SUCCESS,15113439,0,0.0
0,215,163,2.0000156249389653,EXECUTE,SUCCESS,15113440,0,0.0
0,216,165,2.0,EXECUTE,CRASH,15113512,71,0.0044375
0,180,112,2.9779397240374097,EXECUTE,SUCCESS,15353514,0,0.0
0,181,113,2.955714803562753,EXECUTE,SUCCESS,15353516,0,0.0
0,182,114,2.9333214961882383,EXECUTE,SUCCESS,15353518,0,0.0
0,183,115,2.910755915565578,EXECUTE,SUCCESS,15353520,0,0.0
0,184,116,2.8880140235116603,EXECUTE,SUCCESS,15353522,0,0.0
0,185,117,2.865077660378512,EXECUTE,SUCCESS,15353524,0,0.0
0,186,120,2.841956192484326,EXECUTE,SUCCESS,15353526,0,0.0
0,187,121,2.8186450645655983,EXECUTE,SUCCESS,15353528,0,0.0
0,188,122,2.7951395314008938,EXECUTE,SUCCESS,15353530,0,0.0
0,189,123,2.771434646532371,EXECUTE,SUCCESS,15353532,0,0.0
0,190,124,2.7475252501114538,EXECUTE,SUCCESS,15353534,0,0.0
0,191,127,2.7438872972481954,EXECUTE,SUCCESS,15353535,0,0.0
0,192,129,2.7402445146373355,EXECUTE,SUCCESS,15353536,0,0.0
0,193,130,2.7365968829917215,EXECUTE,SUCCESS,15353537,0,0.0
0,194,131,2.7031740602484344,EXECUTE,SUCCESS,15353540,0,0.0
0,195,132,2.669332781801476,EXECUTE,SUCCESS,15353543,0,0.0
0,196,133,2.6350569253813103,EXECUTE,SUCCESS,15353546,0,0.0
0,197,134,2.6003293060687533,EXECUTE,SUCCESS,15353549,0,0.0
0,198,135,2.5651315755726847,EXECUTE,SUCCESS,15353552,0,0.0
0,199,136,2.529444108890331,EXECUTE,SUCCESS,15353555,0,0.0
0,200,138,2.4932458763627787,EXECUTE,SUCCESS,15353558,0,0.0
0,201,139,2.4565142987574893,EXECUTE,SUCCESS,15353561,0,0.0
0,202,140,2.419225082541928,EXECUTE,SUCCESS,15353564,0,0.0
0,203,141,2.381352031934799,EXECUTE,SUCCESS,15353567,0,0.0
0,204,145,2.3771621736852526,EXECUTE,SUCCESS,15353568,0,0.0
0,205,147,2.3492605219515346,EXECUTE,SUCCESS,15353570,0,0.0
0,206,149,2.345013326188147,EXECUTE,SUCCESS,15353571,0,0.0
0,207,151,2.305895704493158,EXECUTE,SUCCESS,15353574,0,0.0
0,208,152,2.301559797181033,EXECUTE,SUCCESS,15353575,0,0.0
0,209,153,2.2972157060232714,EXECUTE,SUCCESS,15353576,0,0.0
0,210,154,2.2928633845041873,EXECUTE,SUCCESS,15353577,0,0.0
0,211,155,2.288502785665772,EXECUTE,SUCCESS,15353578,0,0.0
0,212,158,2.284133862101781,EXECUTE,SUCCESS,15353579,0,0.0
0,213,159,2.2797653388013415,EXECUTE,SUCCESS,15353580,0,0.0
0,214,160,2.2753884283787666,EXECUTE,SUCCESS,15353581,0,0.0
0,215,163,2.271003082340487,EXECUTE,SUCCESS,15353582,0,0.0
0,216,165,2.266609251723815,EXECUTE,SUCCESS,15353583,0,0.0
0,217,167,2.2261143277019695,EXECUTE,SUCCESS,15353586,0,0.0
0,218,168,2.184896450635588,EXECUTE,SUCCESS,15353589,0,0.0
0,219,169,2.142885904568881,EXECUTE,SUCCESS,15353592,0,0.0
0,220,171,2.138228823115054,EXECUTE,SUCCESS,15353593,0,0.0
0,221,174,2.13356157633193,EXECUTE,SUCCESS,15353594,0,0.0
0,222,176,2.128884097361806,EXECUTE,SUCCESS,15353595,0,0.0
0,223,182,2.0857456700182766,EXECUTE,SUCCESS,15353598,0,0.0
0,224,183,2.0809607156311216,EXECUTE,SUCCESS,15353599,0,0.0
0,225,186,2.076164733348486,EXECUTE,SUCCESS,15353600,0,0.0
0,226,189,2.0713576465690298,EXECUTE,SUCCESS,15353601,0,0.0
0,227,191,2.0665393778004786,EXECUTE,SUCCESS,15353602,0,0.0
0,228,192,2.061709848645049,EXECUTE,SUCCESS,15353603,0,0.0
0,229,193,2.0568689797845634,EXECUTE,SUCCESS,15353604,0,0.0
0,230,7,2.052006944432691,EXECUTE,SUCCESS,15353605,0,0.0
0,231,15,2.000028124802249,EXECUTE,SUCCESS,15353610,0,0.0
0,232,16,2.00000562499209,EXECUTE,SUCCESS,15353611,0,0.0
0,233,17,2.00000562499209,EXECUTE,SUCCESS,15353612,0,0.0
0,234,18,2.0014394819729127,CHECKPOINT,SUCCESS,15353868,0,0.0
0,234,18,2.00000562499209,EXECUTE,SUCCESS,15353869,0,0.0
0,235,19,2.00000562499209,EXECUTE,SUCCESS,15353870,0,0.0
0,236,20,2.00000562499209,EXECUTE,SUCCESS,15353871,0,0.0
0,237,21,2.00000562499209,EXECUTE,SUCCESS,15353872,0,0.0
0,238,22,2.00000562499209,EXECUTE,SUCCESS,15353873,0,0.0
0,239,23,2.00000562499209,EXECUTE,SUCCESS,15353874,0,0.0
0,240,24,2.00000562499209,EXECUTE,SUCCESS,15353875,0,0.0
0,241,25,2.00000562499209,EXECUTE,SUCCESS,15353876,0,0.0
0,242,26,2.00000562499209,EXECUTE,SUCCESS,15353877,0,0.0
0,243,27,2.00000562499209,EXECUTE,SUCCESS,15353878,0,0.0
0,244,28,2.00000562499209,EXECUTE,SUCCESS,15353879,0,0.0
0,245,29,2.00000562499209,EXECUTE,SUCCESS,15353880,0,0.0
0,246,30,2.0000156249389653,EXECUTE,SUCCESS,15353881,0,0.0
0,247,31,2.00000562499209,EXECUTE,SUCCESS,15353882,0,0.0
0,248,35,2.000028124802249,EXECUTE,SUCCESS,15353887,0,0.0
0,249,36,2.00000562499209,EXECUTE,SUCCESS,15353888,0,0.0
0,250,40,2.00000562499209,EXECUTE,SUCCESS,15353889,0,0.0
0,251,41,2.00000562499209,EXECUTE,SUCCESS,15353890,0,0.0
0,252,42,2.0000468744506965,EXECUTE,SUCCESS,15353893,0,0.0
0,253,44,2.0000156249389653,EXECUTE,SUCCESS,15353894,0,0.0
0,254,46,2.000031249755863,EXECUTE,SUCCESS,15353896,0,0.0
0,255,49,2.0000156249389653,EXECUTE,SUCCESS,15353897,0,0.0
0,256,51,2.0000156249389653,EXECUTE,SUCCESS,15353898,0,0.0
0,257,52,2.0000468744506965,EXECUTE,SUCCESS,15353901,0,0.0
0,258,54,2.0000468744506965,EXECUTE,SUCCESS,15353904,0,0.0
0,259,55,2.0000937478028376,EXECUTE,SUCCESS,15353910,0,0.0
0,260,56,2.0000937478028376,EXECUTE,SUCCESS,15353916,0,0.0
0,261,57,2.0000937478028376,EXECUTE,SUCCESS,15353922,0,0.0
0,262,58,2.0000937478028376,EXECUTE,SUCCESS,15353928,0,0.0
0,263,61,2.0000468744506965,EXECUTE,SUCCESS,15353931,0,0.0
0,264,62,2.0000468744506965,EXECUTE,SUCCESS,15353934,0,0.0
0,265,63,2.0000937478028376,EXECUTE,SUCCESS,15353940,0,0.0
0,266,64,2.0000937478028376,EXECUTE,SUCCESS,15353946,0,0.0
0,267,65,2.0000937478028376,EXECUTE,SUCCESS,15353952,0,0.0
0,268,66,2.0000937478028376,EXECUTE,SUCCESS,15353958,0,0.0
0,269,68,2.000031249755863,EXECUTE,SUCCESS,15353960,0,0.0
0,270,69,2.0000781234741805,EXECUTE,SUCCESS,15353965,0,0.0
0,271,70,2.0000937478028376,EXECUTE,SUCCESS,15353971,0,0.0
0,272,71,2.0000781234741805,EXECUTE,SUCCESS,15353976,0,0.0
0,273,72,2.0000781234741805,EXECUTE,SUCCESS,15353981,0,0.0
0,274,73,2.0000781234741805,EXECUTE,SUCCESS,15353986,0,0.0
0,275,76,2.0000168749288094,EXECUTE,SUCCESS,15353989,0,0.0
0,276,77,2.0,EXECUTE,CRASH,15354122,127,0.0079375
0,234,18,3.0561515832824795,EXECUTE,SUCCESS,15450123,0,0.0
0,235,19,3.0528879769817965,EXECUTE,SUCCESS,15450124,0,0.0
0,236,20,3.0496143198771883,EXECUTE,SUCCESS,15450125,0,0.0
0,237,21,3.046337144834762,EXECUTE,SUCCESS,15450126,0,0.0
0,238,22,3.0430564404887415,EXECUTE,SUCCESS,15450127,0,0.0
0,239,23,3.0397787748453027,EXECUTE,SUCCESS,15450128,0,0.0
0,240,24,3.0364975712158913,EXECUTE,SUCCESS,15450129,0,0.0
0,241,25,3.0332128181187694,EXECUTE,SUCCESS,15450130,0,0.0
0,242,26,3.0299245040099603,EXECUTE,SUCCESS,15450131,0,0.0
0,243,27,3.0266260092717108,EXECUTE,SUCCESS,15450132,0,0.0
0,244,28,3.023330531053461,EXECUTE,SUCCESS,15450133,0,0.0
0,245,29,3.020031456789813,EXECUTE,SUCCESS,15450134,0,0.0
0,246,30,3.0167287746829348,EXECUTE,SUCCESS,15450135,0,0.0
0,247,31,3.013422472870341,EXECUTE,SUCCESS,15450136,0,0.0
0,248,35,2.931216044579451,EXECUTE,SUCCESS,15450141,0,0.0
0,249,36,2.927813177099932,EXECUTE,SUCCESS,15450142,0,0.0
0,250,40,2.9244063500136224,EXECUTE,SUCCESS,15450143,0,0.0
0,251,41,2.9209955494659687,EXECUTE,SUCCESS,15450144,0,0.0
0,252,42,2.881996269949008,EXECUTE,SUCCESS,15450147,0,0.0
0,253,44,2.878535217780042,EXECUTE,SUCCESS,15450148,0,0.0
0,254,46,2.8663722717051243,EXECUTE,SUCCESS,15450150,0,0.0
0,255,49,2.8628923311923544,EXECUTE,SUCCESS,15450151,0,0.0
0,256,51,2.8594081555454776,EXECUTE,SUCCESS,15450152,0,0.0
0,257,52,2.819557146078084,EXECUTE,SUCCESS,15450155,0,0.0
0,258,54,2.7871078199452546,EXECUTE,SUCCESS,15450158,0,0.0
0,259,55,2.688699499758199,EXECUTE,SUCCESS,15450164,0,0.0
0,260,56,2.5865962189719505,EXECUTE,SUCCESS,15450170,0,0.0
0,261,57,2.4802933294269836,EXECUTE,SUCCESS,15450176,0,0.0
0,262,58,2.3692256118824964,EXECUTE,SUCCESS,15450182,0,0.0
0,263,61,2.330540173436191,EXECUTE,SUCCESS,15450185,0,0.0
0,264,62,2.291201649789907,EXECUTE,SUCCESS,15450188,0,0.0
0,265,63,2.170479209759907,EXECUTE,SUCCESS,15450194,0,0.0
0,266,64,2.0426343285081625,EXECUTE,SUCCESS,15450200,0,0.0
0,267,65,2.0000937478028376,EXECUTE,SUCCESS,15450206,0,0.0
0,268,66,2.0000937478028376,EXECUTE,SUCCESS,15450212,0,0.0
0,269,68,2.000031249755863,EXECUTE,SUCCESS,15450214,0,0.0
0,270,69,2.0000781234741805,EXECUTE,SUCCESS,15450219,0,0.0
0,271,70,2.0000937478028376,EXECUTE,SUCCESS,15450225,0,0.0
0,272,71,2.000028124802249,EXECUTE,SUCCESS,15450230,0,0.0
0,273,72,2.000028124802249,EXECUTE,SUCCESS,15450235,0,0.0
0,274,73,2.000028124802249,EXECUTE,SUCCESS,15450240,0,0.0
0,275,76,2.0000168749288094,EXECUTE,SUCCESS,15450243,0,0.0
0,276,77,2.0000337497152394,EXECUTE,SUCCESS,15450249,0,0.0
0,277,78,2.0000337497152394,EXECUTE,SUCCESS,15450255,0,0.0
0,278,79,2.0000337497152394,EXECUTE,SUCCESS,15450261,0,0.0
0,279,80,2.0000337497152394,EXECUTE,SUCCESS,15450267,0,0.0
0,280,84,2.0,EXECUTE,CRASH,15450414,146,0.009125
0,234,18,3.009993770757674,EXECUTE,SUCCESS,15562415,0,0.0
0,235,19,3.006680062793512,EXECUTE,SUCCESS,15562416,0,0.0
0,236,20,3.003362698709564,EXECUTE,SUCCESS,15562417,0,0.0
0,237,21,3.0000416663773177,EXECUTE,SUCCESS,15562418,0,0.0
0,238,22,2.996716953601056,EXECUTE,SUCCESS,15562419,0,0.0
0,239,23,2.9933885481173332,EXECUTE,SUCCESS,15562420,0,0.0
0,240,24,2.9900564375944474,EXECUTE,SUCCESS,15562421,0,0.0
0,241,25,2.986720609631908,EXECUTE,SUCCESS,15562422,0,0.0
0,242,26,2.9833810517598978,EXECUTE,SUCCESS,15562423,0,0.0
0,243,27,2.9800377514387284,EXECUTE,SUCCESS,15562424,0,0.0
0,244,28,2.976690696058291,EXECUTE,SUCCESS,15562425,0,0.0
0,245,29,2.973339872937501,EXECUTE,SUCCESS,15562426,0,0.0
0,246,30,2.9699785352759696,EXECUTE,SUCCESS,15562427,0,0.0
0,247,31,2.966613389034707,EXECUTE,SUCCESS,15562428,0,0.0
0,248,35,2.883037894305239,EXECUTE,SUCCESS,15562433,0,0.0
0,249,36,2.8795711486261255,EXECUTE,SUCCESS,15562434,0,0.0
0,250,40,2.8761071781141925,EXECUTE,SUCCESS,15562435,0,0.0
0,251,41,2.8726390305779774,EXECUTE,SUCCESS,15562436,0,0.0
0,252,42,2.832952964664254,EXECUTE,SUCCESS,15562439,0,0.0
0,253,44,2.0,EXECUTE,CRASH,15562466,26,0.001625
0,234,18,2.996675240996262,EXECUTE,SUCCESS,15642467,0,0.0
0,235,19,2.993346789130855,EXECUTE,SUCCESS,15642468,0,0.0
0,236,20,2.990007943133262,EXECUTE,SUCCESS,15642469,0,0.0
0,237,21,2.986672061007033,EXECUTE,SUCCESS,15642470,0,0.0
0,238,22,2.98333244878944,EXECUTE,SUCCESS,15642471,0,0.0
0,239,23,2.9799823824982585,EXECUTE,SUCCESS,15642472,0,0.0
0,240,24,2.976635264858628,EXECUTE,SUCCESS,15642473,0,0.0
0,241,25,2.9732776526923943,EXECUTE,SUCCESS,15642474,0,0.0
0,242,26,2.969916244610274,EXECUTE,SUCCESS,15642475,0,0.0
0,243,27,2.9665510277087757,EXECUTE,SUCCESS,15642476,0,0.0
0,244,28,2.963181989011136,EXECUTE,SUCCESS,15642477,0,0.0
0,245,29,2.959809115466738,EXECUTE,SUCCESS,15642478,0,0.0
0,246,30,2.9564391588530947,EXECUTE,SUCCESS,15642479,0,0.0
0,247,31,2.953065356540555,EXECUTE,SUCCESS,15642480,0,0.0
0,248,35,2.869095240663857,EXECUTE,SUCCESS,15642485,0,0.0
0,249,36,2.8656116275587653,EXECUTE,SUCCESS,15642486,0,0.0
0,250,40,2.862123774402497,EXECUTE,SUCCESS,15642487,0,0.0
0,251,41,2.8586316656750297,EXECUTE,SUCCESS,15642488,0,0.0
0,252,42,2.818748392460738,EXECUTE,SUCCESS,15642491,0,0.0
0,253,44,2.815202479396463,EXECUTE,SUCCESS,15642492,0,0.0
0,254,46,2.8027504348407466,EXECUTE,SUCCESS,15642494,0,0.0
0,255,49,2.799184256171786,EXECUTE,SUCCESS,15642495,0,0.0
0,256,51,2.79561352836904,EXECUTE,SUCCESS,15642496,0,0.0
0,257,52,2.754818052068048,EXECUTE,SUCCESS,15642499,0,0.0
0,258,54,2.7216190034609906,EXECUTE,SUCCESS,15642502,0,0.0
0,259,55,2.6207985424293865,EXECUTE,SUCCESS,15642508,0,0.0
0,260,56,2.515941175782931,EXECUTE,SUCCESS,15642514,0,0.0
0,261,57,2.4065192706479617,EXECUTE,SUCCESS,15642520,0,0.0
0,262,58,2.2918791416651962,EXECUTE,SUCCESS,15642526,0,0.0
0,263,61,2.251838693157216,EXECUTE,SUCCESS,15642529,0,0.0
0,264,62,2.211073268799566,EXECUTE,SUCCESS,15642532,0,0.0
0,265,63,2.0856605668228947,EXECUTE,SUCCESS,15642538,0,0.0
0,266,64,2.0000937478028376,EXECUTE,SUCCESS,15642544,0,0.0
0,267,65,2.0000937478028376,EXECUTE,SUCCESS,15642550,0,0.0
0,268,66,2.0000937478028376,EXECUTE,SUCCESS,15642556,0,0.0
0,269,68,2.0000112499683596,EXECUTE,SUCCESS,15642558,0,0.0
0,270,69,2.000028124802249,EXECUTE,SUCCESS,15642563,0,0.0
0,271,70,2.0000937478028376,EXECUTE,SUCCESS,15642569,0,0.0
0,272,71,2.0000781234741805,EXECUTE,SUCCESS,15642574,0,0.0
0,273,72,2.0000781234741805,EXECUTE,SUCCESS,15642579,0,0.0
0,274,73,2.0000781234741805,EXECUTE,SUCCESS,15642584,0,0.0
0,275,76,2.0000468744506965,EXECUTE,SUCCESS,15642587,0,0.0
0,276,77,2.0000937478028376,EXECUTE,SUCCESS,15642593,0,0.0
0,277,78,2.0000937478028376,EXECUTE,SUCCESS,15642599,0,0.0
0,278,79,2.0000937478028376,EXECUTE,SUCCESS,15642605,0,0.0
0,279,80,2.0000937478028376,EXECUTE,SUCCESS,15642611,0,0.0
0,280,84,2.00000562499209,EXECUTE,SUCCESS,15642612,0,0.0
0,281,86,2.0000156249389653,EXECUTE,SUCCESS,15642613,0,0.0
0,282,87,2.0000468744506965,EXECUTE,SUCCESS,15642616,0,0.0
0,283,88,2.0000937478028376,EXECUTE,SUCCESS,15642622,0,0.0
0,284,92,2.0000156249389653,EXECUTE,SUCCESS,15642623,0,0.0
0,285,94,2.0000156249389653,EXECUTE,SUCCESS,15642624,0,0.0
0,286,95,2.0000168749288094,EXECUTE,SUCCESS,15642627,0,0.0
0,287,96,2.0,EXECUTE,CRASH,15642798,166,0.010375
0,234,18,2.996675240996262,EXECUTE,SUCCESS,15786799,0,0.0
0,235,19,2.993346789130855,EXECUTE,SUCCESS,15786800,0,0.0
0,236,20,2.990014632071221,EXECUTE,SUCCESS,15786801,0,0.0
0,237,21,2.9866787574160027,EXECUTE,SUCCESS,15786802,0,0.0
0,238,22,2.98333244878944,EXECUTE,SUCCESS,15786803,0,0.0
0,239,23,2.9799823824982585,EXECUTE,SUCCESS,15786804,0,0.0
0,240,24,2.976628545855192,EXECUTE,SUCCESS,15786805,0,0.0
0,241,25,2.97327092610142,EXECUTE,SUCCESS,15786806,0,0.0
0,242,26,2.969909510405998,EXECUTE,SUCCESS,15786807,0,0.0
0,243,27,2.966544285865288,EXECUTE,SUCCESS,15786808,0,0.0
0,244,28,2.963175239502381,EXECUTE,SUCCESS,15786809,0,0.0
0,245,29,2.9598023582665096,EXECUTE,SUCCESS,15786810,0,0.0
0,246,30,2.956425629032463,EXECUTE,SUCCESS,15786811,0,0.0
0,247,31,2.9530450385999862,EXECUTE,SUCCESS,15786812,0,0.0
0,248,35,2.8690743280716857,EXECUTE,SUCCESS,15786817,0,0.0
0,249,36,2.8655906895437795,EXECUTE,SUCCESS,15786818,0,0.0
0,250,40,2.8621028108717534,EXECUTE,SUCCESS,15786819,0,0.0
0,251,41,2.858610676535018,EXECUTE,SUCCESS,15786820,0,0.0
0,252,42,2.818727106337184,EXECUTE,SUCCESS,15786823,0,0.0
0,253,44,2.8151811664615822,EXECUTE,SUCCESS,15786824,0,0.0
0,254,46,2.8027290272161514,EXECUTE,SUCCESS,15786826,0,0.0
0,255,49,2.799162821273531,EXECUTE,SUCCESS,15786827,0,0.0
0,256,51,2.795592066092618,EXECUTE,SUCCESS,15786828,0,0.0
0,257,52,2.754796271959143,EXECUTE,SUCCESS,15786831,0,0.0
0,258,54,2.7215749117009427,EXECUTE,SUCCESS,15786834,0,0.0
0,259,55,2.6207069656869297,EXECUTE,SUCCESS,15786840,0,0.0
0,260,56,2.5158457822370583,EXECUTE,SUCCESS,15786846,0,0.0
0,261,57,2.406419539481841,EXECUTE,SUCCESS,15786852,0,0.0
0,262,58,2.291774421709082,EXECUTE,SUCCESS,15786858,0,0.0
0,263,61,2.2517587570608,EXECUTE,SUCCESS,15786861,0,0.0
0,264,62,2.2110189958478417,EXECUTE,SUCCESS,15786864,0,0.0
0,265,63,2.0856605668228947,EXECUTE,SUCCESS,15786870,0,0.0
0,266,64,2.0000937478028376,EXECUTE,SUCCESS,15786876,0,0.0
0,267,65,2.0000937478028376,EXECUTE,SUCCESS,15786882,0,0.0
0,268,66,2.0000937478028376,EXECUTE,SUCCESS,15786888,0,0.0
0,269,68,2.000031249755863,EXECUTE,SUCCESS,15786890,0,0.0
0,270,69,2.0000781234741805,EXECUTE,SUCCESS,15786895,0,0.0
0,271,70,2.0000937478028376,EXECUTE,SUCCESS,15786901,0,0.0
0,272,71,2.0000781234741805,EXECUTE,SUCCESS,15786906,0,0.0
0,273,72,2.000028124802249,EXECUTE,SUCCESS,15786911,0,0.0
0,274,73,2.0,EXECUTE,CRASH,15787034,118,0.007375
0,234,18,2.996675240996262,EXECUTE,SUCCESS,15867035,0,0.0
0,235,19,2.993346789130855,EXECUTE,SUCCESS,15867036,0,0.0
0,236,20,2.990014632071221,EXECUTE,SUCCESS,15867037,0,0.0
0,237,21,2.986672061007033,EXECUTE,SUCCESS,15867038,0,0.0
0,238,22,2.9833257448693056,EXECUTE,SUCCESS,15867039,0,0.0
0,239,23,2.9799756710416276,EXECUTE,SUCCESS,15867040,0,0.0
0,240,24,2.9766218268365896,EXECUTE,SUCCESS,15867041,0,0.0
0,241,25,2.9732641994952274,EXECUTE,SUCCESS,15867042,0,0.0
0,242,26,2.9699027761864523,EXECUTE,SUCCESS,15867043,0,0.0
0,243,27,2.9665375440064796,EXECUTE,SUCCESS,15867044,0,0.0
0,244,28,2.9631684899782518,EXECUTE,SUCCESS,15867045,0,0.0
0,245,29,2.9597956010508555,EXECUTE,SUCCESS,15867046,0,0.0
0,246,30,2.9564188640989277,EXECUTE,SUCCESS,15867047,0,0.0
0,247,31,2.953038265922064,EXECUTE,SUCCESS,15867048,0,0.0
0,248,35,2.8690673571737544,EXECUTE,SUCCESS,15867053,0,0.0
0,249,36,2.8655906895437786,EXECUTE,SUCCESS,15867054,0,0.0
0,250,40,2.8621097987323947,EXECUTE,SUCCESS,15867055,0,0.0
0,251,41,2.8586246693121478,EXECUTE,SUCCESS,15867056,0,0.0
0,252,42,2.81876258312047,EXECUTE,SUCCESS,15867059,0,0.0
0,253,44,2.8152237921699905,EXECUTE,SUCCESS,15867060,0,0.0
0,254,46,2.8027861138517123,EXECUTE,SUCCESS,15867062,0,0.0
0,255,49,2.79921998063746,EXECUTE,SUCCESS,15867063,0,0.0
0,256,51,2.795649298463593,EXECUTE,SUCCESS,15867064,0,0.0
0,257,52,2.754854351866897,EXECUTE,SUCCESS,15867067,0,0.0
0,258,54,2.721633700555602,EXECUTE,SUCCESS,15867070,0,0.0
0,259,55,2.6207680172041137,EXECUTE,SUCCESS,15867076,0,0.0
0,260,56,2.51586168141255,EXECUTE,SUCCESS,15867082,0,0.0
0,261,57,2.4063862948412886,EXECUTE,SUCCESS,15867088,0,0.0
0,262,58,2.2916871514235937,EXECUTE,SUCCESS,15867094,0,0.0
0,263,61,2.2516432888004227,EXECUTE,SUCCESS,15867097,0,0.0
0,264,62,2.2108742614630947,EXECUTE,SUCCESS,15867100,0,0.0
0,265,63,2.0,EXECUTE,CRASH,15867178,72,0.0045
0,234,18,3.1273027515736307,EXECUTE,SUCCESS,16011179,0,0.0
0,235,19,3.1241070724288567,EXECUTE,SUCCESS,16011180,0,0.0
0,236,20,3.1209081210442586,EXECUTE,SUCCESS,16011181,0,0.0
0,237,21,3.1177058873472983,EXECUTE,SUCCESS,16011182,0,0.0
0,238,22,3.1145003612136577,EXECUTE,SUCCESS,16011183,0,0.0
0,239,23,3.111297960658864,EXECUTE,SUCCESS,16011184,0,0.0
0,240,24,3.108092260535392,EXECUTE,SUCCESS,16011185,0,0.0
0,241,25,3.1048832506231214,EXECUTE,SUCCESS,16011186,0,0.0
0,242,26,3.101670920649062,EXECUTE,SUCCESS,16011187,0,0.0
0,243,27,3.098448805450882,EXECUTE,SUCCESS,16011188,0,0.0
0,244,28,3.095223336045397,EXECUTE,SUCCESS,16011189,0,0.0
0,245,29,3.091994501935603,EXECUTE,SUCCESS,16011190,0,0.0
0,246,30,3.08876229256963,EXECUTE,SUCCESS,16011191,0,0.0
0,247,31,3.0855266973403417,EXECUTE,SUCCESS,16011192,0,0.0
0,248,35,3.0052599721155566,EXECUTE,SUCCESS,16011197,0,0.0
0,249,36,3.001941038728109,EXECUTE,SUCCESS,16011198,0,0.0
0,250,40,2.998618431878254,EXECUTE,SUCCESS,16011199,0,0.0
0,251,41,2.9952854621888707,EXECUTE,SUCCESS,16011200,0,0.0
0,252,42,2.9572457625297224,EXECUTE,SUCCESS,16011203,0,0.0
0,253,44,2.9538661107098267,EXECUTE,SUCCESS,16011204,0,0.0
0,254,46,2.942001019714303,EXECUTE,SUCCESS,16011206,0,0.0
0,255,49,2.9386106411023554,EXECUTE,SUCCESS,16011207,0,0.0
0,256,51,2.935216346370399,EXECUTE,SUCCESS,16011208,0,0.0
0,257,52,2.8963878365992346,EXECUTE,SUCCESS,16011211,0,0.0
0,258,54,2.8648088941498338,EXECUTE,SUCCESS,16011214,0,0.0
0,259,55,2.7692065650651623,EXECUTE,SUCCESS,16011220,0,0.0
0,260,56,2.6701835142926034,EXECUTE,SUCCESS,16011226,0,0.0
0,261,57,2.567343958257249,EXECUTE,SUCCESS,16011232,0,0.0
0,262,58,2.4602093406862755,EXECUTE,SUCCESS,16011238,0,0.0
0,263,61,2.4229769912238126,EXECUTE,SUCCESS,16011241,0,0.0
0,264,62,2.385163516407208,EXECUTE,SUCCESS,16011244,0,0.0
0,265,63,2.2694448660410322,EXECUTE,SUCCESS,16011250,0,0.0
0,266,64,2.1474997089638914,EXECUTE,SUCCESS,16011256,0,0.0
0,267,65,2.0181996927955366,EXECUTE,SUCCESS,16011262,0,0.0
0,268,66,2.0000937478028376,EXECUTE,SUCCESS,16011268,0,0.0
0,269,68,2.000031249755863,EXECUTE,SUCCESS,16011270,0,0.0
0,270,69,2.000028124802249,EXECUTE,SUCCESS,16011275,0,0.0
0,271,70,2.0000337497152394,EXECUTE,SUCCESS,16011281,0,0.0
0,272,71,2.000028124802249,EXECUTE,SUCCESS,16011286,0,0.0
0,273,72,2.000028124802249,EXECUTE,SUCCESS,16011291,0,0.0
0,274,73,2.000028124802249,EXECUTE,SUCCESS,16011296,0,0.0
0,275,76,2.0000168749288094,EXECUTE,SUCCESS,16011299,0,0.0
0,276,77,2.0000337497152394,EXECUTE,SUCCESS,16011305,0,0.0
0,277,78,2.0000337497152394,EXECUTE,SUCCESS,16011311,0,0.0
0,278,79,2.0000337497152394,EXECUTE,SUCCESS,16011317,0,0.0
0,279,80,2.0000337497152394,EXECUTE,SUCCESS,16011323,0,0.0
0,280,84,2.00000562499209,EXECUTE,SUCCESS,16011324,0,0.0
0,281,86,2.00000562499209,EXECUTE,SUCCESS,16011325,0,0.0
0,282,87,2.0000168749288094,EXECUTE,SUCCESS,16011328,0,0.0
0,283,88,2.0000937478028376,EXECUTE,SUCCESS,16011334,0,0.0
0,284,92,2.0000156249389653,EXECUTE,SUCCESS,16011335,0,0.0
0,285,94,2.00000562499209,EXECUTE,SUCCESS,16011336,0,0.0
0,286,95,2.0000168749288094,EXECUTE,SUCCESS,16011339,0,0.0
0,287,96,2.000028124802249,EXECUTE,SUCCESS,16011344,0,0.0
0,288,100,2.00000562499209,EXECUTE,SUCCESS,16011345,0,0.0
0,289,102,2.00000562499209,EXECUTE,SUCCESS,16011346,0,0.0
0,290,105,2.0000112499683596,EXECUTE,SUCCESS,16011348,0,0.0
0,291,106,2.0000112499683596,EXECUTE,SUCCESS,16011350,0,0.0
0,292,107,2.0000112499683596,EXECUTE,SUCCESS,16011352,0,0.0
0,293,108,2.0000112499683596,EXECUTE,SUCCESS,16011354,0,0.0
0,294,109,2.0000112499683596,EXECUTE,SUCCESS,16011356,0,0.0
0,295,112,2.000031249755863,EXECUTE,SUCCESS,16011358,0,0.0
0,296,113,2.000031249755863,EXECUTE,SUCCESS,16011360,0,0.0
0,297,114,2.000031249755863,EXECUTE,SUCCESS,16011362,0,0.0
0,298,115,2.000031249755863,EXECUTE,SUCCESS,16011364,0,0.0
0,299,116,2.0000112499683596,EXECUTE,SUCCESS,16011366,0,0.0
0,300,117,2.000031249755863,EXECUTE,SUCCESS,16011368,0,0.0
0,301,120,2.000031249755863,EXECUTE,SUCCESS,16011370,0,0.0
0,302,121,2.000031249755863,EXECUTE,SUCCESS,16011372,0,0.0
0,303,122,2.000031249755863,EXECUTE,SUCCESS,16011374,0,0.0
0,304,123,2.000031249755863,EXECUTE,SUCCESS,16011376,0,0.0
0,305,124,2.0000112499683596,EXECUTE,SUCCESS,16011378,0,0.0
0,306,127,2.0000156249389653,EXECUTE,SUCCESS,16011379,0,0.0
0,307,129,2.0000156249389653,EXECUTE,SUCCESS,16011380,0,0.0
0,308,130,2.0000156249389653,EXECUTE,SUCCESS,16011381,0,0.0
0,309,131,2.0000168749288094,EXECUTE,SUCCESS,16011384,0,0.0
0,310,132,2.0000168749288094,EXECUTE,SUCCESS,16011387,0,0.0
0,311,133,2.0000168749288094,EXECUTE,SUCCESS,16011390,0,0.0
0,312,134,2.0000168749288094,EXECUTE,SUCCESS,16011393,0,0.0
0,313,135,2.0000168749288094,EXECUTE,SUCCESS,16011396,0,0.0
0,314,136,2.0000168749288094,EXECUTE,SUCCESS,16011399,0,0.0
0,315,138,2.0000168749288094,EXECUTE,SUCCESS,16011402,0,0.0
0,316,139,2.0000468744506965,EXECUTE,SUCCESS,16011405,0,0.0
0,317,140,2.0000468744506965,EXECUTE,SUCCESS,16011408,0,0.0
0,318,141,2.0000468744506965,EXECUTE,SUCCESS,16011411,0,0.0
0,319,145,2.0000156249389653,EXECUTE,SUCCESS,16011412,0,0.0
0,320,147,2.000031249755863,EXECUTE,SUCCESS,16011414,0,0.0
0,321,149,2.00000562499209,EXECUTE,SUCCESS,16011415,0,0.0
0,322,151,2.0000468744506965,EXECUTE,SUCCESS,16011418,0,0.0
0,323,152,2.00000562499209,EXECUTE,SUCCESS,16011419,0,0.0
0,324,153,2.0000156249389653,EXECUTE,SUCCESS,16011420,0,0.0
0,325,154,2.00000562499209,EXECUTE,SUCCESS,16011421,0,0.0
0,326,155,2.00000562499209,EXECUTE,SUCCESS,16011422,0,0.0
0,327,158,2.0000156249389653,EXECUTE,SUCCESS,16011423,0,0.0
0,328,159,2.00000562499209,EXECUTE,SUCCESS,16011424,0,0.0
0,329,160,2.0000156249389653,EXECUTE,SUCCESS,16011425,0,0.0
0,330,163,2.00000562499209,EXECUTE,SUCCESS,16011426,0,0.0
0,331,165,2.00000562499209,EXECUTE,SUCCESS,16011427,0,0.0
0,332,167,2.0000168749288094,EXECUTE,SUCCESS,16011430,0,0.0
0,333,168,2.0000468744506965,EXECUTE,SUCCESS,16011433,0,0.0
0,334,169,2.0000468744506965,EXECUTE,SUCCESS,16011436,0,0.0
0,335,171,2.00000562499209,EXECUTE,SUCCESS,16011437,0,0.0
0,336,174,2.0000156249389653,EXECUTE,SUCCESS,16011438,0,0.0
0,337,176,2.00000562499209,EXECUTE,SUCCESS,16011439,0,0.0
0,338,182,2.0000168749288094,EXECUTE,SUCCESS,16011442,0,0.0
0,339,183,2.0000156249389653,EXECUTE,SUCCESS,16011443,0,0.0
0,340,186,2.00000562499209,EXECUTE,SUCCESS,16011444,0,0.0
0,341,189,2.00000562499209,EXECUTE,SUCCESS,16011445,0,0.0
0,342,191,2.00000562499209,EXECUTE,SUCCESS,16011446,0,0.0
0,343,192,2.00000562499209,EXECUTE,SUCCESS,16011447,0,0.0
0,344,193,2.00000562499209,EXECUTE,SUCCESS,16011448,0,0.0
0,345,7,2.0000156249389653,EXECUTE,SUCCESS,16011449,0,0.0
0,346,15,2.0000781234741805,EXECUTE,SUCCESS,16011454,0,0.0
0,347,16,2.0000156249389653,EXECUTE,SUCCESS,16011455,0,0.0
0,348,17,2.0000156249389653,EXECUTE,SUCCESS,16011456,0,0.0
0,349,18,2.0000156249389653,EXECUTE,SUCCESS,16011457,0,0.0
0,350,19,2.0000156249389653,EXECUTE,SUCCESS,16011458,0,0.0
0,351,20,2.0000156249389653,EXECUTE,SUCCESS,16011459,0,0.0
0,352,21,2.00000562499209,EXECUTE,SUCCESS,16011460,0,0.0
0,353,22,2.00000562499209,EXECUTE,SUCCESS,16011461,0,0.0
0,354,23,2.00000562499209,EXECUTE,SUCCESS,16011462,0,0.0
0,355,24,2.00000562499209,EXECUTE,SUCCESS,16011463,0,0.0
0,356,25,2.0000156249389653,EXECUTE,SUCCESS,16011464,0,0.0
0,357,26,2.0000156249389653,EXECUTE,SUCCESS,16011465,0,0.0
0,358,27,2.0000156249389653,EXECUTE,SUCCESS,16011466,0,0.0
0,359,28,2.0000156249389653,EXECUTE,SUCCESS,16011467,0,0.0
0,360,29,2.0000156249389653,EXECUTE,SUCCESS,16011468,0,0.0
0,361,30,2.0000156249389653,EXECUTE,SUCCESS,16011469,0,0.0
0,362,31,2.0000156249389653,EXECUTE,SUCCESS,16011470,0,0.0
0,363,35,2.0000781234741805,EXECUTE,SUCCESS,16011475,0,0.0
0,364,36,2.0000156249389653,EXECUTE,SUCCESS,16011476,0,0.0
0,365,40,2.0000156249389653,EXECUTE,SUCCESS,16011477,0,0.0
0,366,41,2.0000156249389653,EXECUTE,SUCCESS,16011478,0,0.0
0,367,42,2.0000168749288094,EXECUTE,SUCCESS,16011481,0,0.0
0,368,44,2.00000562499209,EXECUTE,SUCCESS,16011482,0,0.0
0,369,46,2.0000112499683596,EXECUTE,SUCCESS,16011484,0,0.0
0,370,49,2.0000156249389653,EXECUTE,SUCCESS,16011485,0,0.0
0,371,51,2.0000156249389653,EXECUTE,SUCCESS,16011486,0,0.0
0,372,52,2.0000468744506965,EXECUTE,SUCCESS,16011489,0,0.0
0,373,54,2.0000168749288094,EXECUTE,SUCCESS,16011492,0,0.0
0,374,55,2.0000337497152394,EXECUTE,SUCCESS,16011498,0,0.0
0,375,56,2.0000337497152394,EXECUTE,SUCCESS,16011504,0,0.0
0,376,57,2.0000937478028376,EXECUTE,SUCCESS,16011510,0,0.0
0,377,58,2.0,EXECUTE,CRASH,16011854,338,0.021125
0,234,18,2.996675240996262,EXECUTE,SUCCESS,16091855,0,0.0
0,235,19,2.993346789130855,EXECUTE,SUCCESS,16091856,0,0.0
0,236,20,2.990014632071221,EXECUTE,SUCCESS,16091857,0,0.0
0,237,21,2.986672061007033,EXECUTE,SUCCESS,16091858,0,0.0
0,238,22,2.9833257448693056,EXECUTE,SUCCESS,16091859,0,0.0
0,239,23,2.9799756710416276,EXECUTE,SUCCESS,16091860,0,0.0
0,240,24,2.9766218268365896,EXECUTE,SUCCESS,16091861,0,0.0
0,241,25,2.97327092610142,EXECUTE,SUCCESS,16091862,0,0.0
0,242,26,2.9699162446102743,EXECUTE,SUCCESS,16091863,0,0.0
0,243,27,2.966557769536941,EXECUTE,SUCCESS,16091864,0,0.0
0,244,28,2.9631954879825244,EXECUTE,SUCCESS,16091865,0,0.0
0,245,29,2.9598226298209136,EXECUTE,SUCCESS,16091866,0,0.0
0,246,30,2.9564459237401906,EXECUTE,SUCCESS,16091867,0,0.0
0,247,31,2.953065356540554,EXECUTE,SUCCESS,16091868,0,0.0
0,248,35,2.8690952406638552,EXECUTE,SUCCESS,16091873,0,0.0
0,249,36,2.8656116275587635,EXECUTE,SUCCESS,16091874,0,0.0
0,250,40,2.8621237744024945,EXECUTE,SUCCESS,16091875,0,0.0
0,251,41,2.0,EXECUTE,CRASH,16091898,22,0.001375
0,234,18,3.023247012733165,EXECUTE,SUCCESS,16235899,0,0.0
0,235,19,3.019947847231804,EXECUTE,SUCCESS,16235900,0,0.0
0,236,20,3.0166450735875454,EXECUTE,SUCCESS,16235901,0,0.0
0,237,21,3.013338679936261,EXECUTE,SUCCESS,16235902,0,0.0
0,238,22,3.01002865434866,EXECUTE,SUCCESS,16235903,0,0.0
0,239,23,3.0067083330446276,EXECUTE,SUCCESS,16235904,0,0.0
0,240,24,3.003384341039289,EXECUTE,SUCCESS,16235905,0,0.0
0,241,25,3.000056666131492,EXECUTE,SUCCESS,16235906,0,0.0
0,242,26,2.9967319699966497,EXECUTE,SUCCESS,16235907,0,0.0
0,243,27,2.993403581209858,EXECUTE,SUCCESS,16235908,0,0.0
0,244,28,2.9900714874397236,EXECUTE,SUCCESS,16235909,0,0.0
0,245,29,2.986735676286069,EXECUTE,SUCCESS,16235910,0,0.0
0,246,30,2.98339613527939,EXECUTE,SUCCESS,16235911,0,0.0
0,247,31,2.980052851880315,EXECUTE,SUCCESS,16235912,0,0.0
0,248,35,2.896865115948618,EXECUTE,SUCCESS,16235917,0,0.0
0,249,36,2.89341493740528,EXECUTE,SUCCESS,16235918,0,0.0
0,250,40,2.889960639870377,EXECUTE,SUCCESS,16235919,0,0.0
0,251,41,2.886502208556231,EXECUTE,SUCCESS,16235920,0,0.0
0,252,42,2.8470093958397817,EXECUTE,SUCCESS,16235923,0,0.0
0,253,44,2.8435057587421904,EXECUTE,SUCCESS,16235924,0,0.0
0,254,46,2.8311923283309457,EXECUTE,SUCCESS,16235926,0,0.0
0,255,49,2.8276690930870956,EXECUTE,SUCCESS,16235927,0,0.0
0,256,51,2.8241414624625296,EXECUTE,SUCCESS,16235928,0,0.0
0,257,52,2.7837856418912708,EXECUTE,SUCCESS,16235931,0,0.0
0,258,54,2.7509143934335714,EXECUTE,SUCCESS,16235934,0,0.0
0,259,55,2.6511629523663753,EXECUTE,SUCCESS,16235940,0,0.0
0,260,56,2.54750858683538,EXECUTE,SUCCESS,16235946,0,0.0
0,261,57,2.439503023158609,EXECUTE,SUCCESS,16235952,0,0.0
0,262,58,2.3264887706584774,EXECUTE,SUCCESS,16235958,0,0.0
0,263,61,2.2870805626387525,EXECUTE,SUCCESS,16235961,0,0.0
0,264,62,2.24698130833347,EXECUTE,SUCCESS,16235964,0,0.0
0,265,63,2.123746689226376,EXECUTE,SUCCESS,16235970,0,0.0
0,266,64,2.0,EXECUTE,CRASH,16236054,78,0.004875
0,234,18,3.0232536281298006,EXECUTE,SUCCESS,16412055,0,0.0
0,235,19,3.0199544698554646,EXECUTE,SUCCESS,16412056,0,0.0
0,236,20,3.016651703461969,EXECUTE,SUCCESS,16412057,0,0.0
0,237,21,3.0133453170853155,EXECUTE,SUCCESS,16412058,0,0.0
0,238,22,3.010028654348659,EXECUTE,SUCCESS,16412059,0,0.0
0,239,23,3.0067083330446267,EXECUTE,SUCCESS,16412060,0,0.0
0,240,24,3.003384341039288,EXECUTE,SUCCESS,16412061,0,0.0
0,241,25,3.000056666131491,EXECUTE,SUCCESS,16412062,0,0.0
0,242,26,2.996731969996649,EXECUTE,SUCCESS,16412063,0,0.0
0,243,27,2.993403581209857,EXECUTE,SUCCESS,16412064,0,0.0
0,244,28,2.9900714874397227,EXECUTE,SUCCESS,16412065,0,0.0
0,245,29,2.986735676286068,EXECUTE,SUCCESS,16412066,0,0.0
0,246,30,2.983396135279389,EXECUTE,SUCCESS,16412067,0,0.0
0,247,31,2.980052851880314,EXECUTE,SUCCESS,16412068,0,0.0
0,248,35,2.896899635817574,EXECUTE,SUCCESS,16412073,0,0.0
0,249,36,2.8934564105927003,EXECUTE,SUCCESS,16412074,0,0.0
0,250,40,2.890002162628947,EXECUTE,SUCCESS,16412075,0,0.0
0,251,41,2.886543781064128,EXECUTE,SUCCESS,16412076,0,0.0
0,252,42,2.8470515450198635,EXECUTE,SUCCESS,16412079,0,0.0
0,253,44,2.8435409263803453,EXECUTE,SUCCESS,16412080,0,0.0
0,254,46,2.8312135207362923,EXECUTE,SUCCESS,16412082,0,0.0
0,255,49,2.8276832389785085,EXECUTE,SUCCESS,16412083,0,0.0
0,256,51,2.8241485442518757,EXECUTE,SUCCESS,16412084,0,0.0
0,257,52,2.7837712729317383,EXECUTE,SUCCESS,16412087,0,0.0
0,258,54,2.75089985277545,EXECUTE,SUCCESS,16412090,0,0.0
0,259,55,2.6511478646050644,EXECUTE,SUCCESS,16412096,0,0.0
0,260,56,2.5474928851716134,EXECUTE,SUCCESS,16412102,0,0.0
0,261,57,2.439437435147701,EXECUTE,SUCCESS,16412108,0,0.0
0,262,58,2.3264199964752694,EXECUTE,SUCCESS,16412114,0,0.0
0,263,61,2.2870106033859994,EXECUTE,SUCCESS,16412117,0,0.0
0,264,62,2.246910100560321,EXECUTE,SUCCESS,16412120,0,0.0
0,265,63,2.1236713493382147,EXECUTE,SUCCESS,16412126,0,0.0
0,266,64,2.0000937478028376,EXECUTE,SUCCESS,16412132,0,0.0
0,267,65,2.0000937478028376,EXECUTE,SUCCESS,16412138,0,0.0
0,268,66,2.0000937478028376,EXECUTE,SUCCESS,16412144,0,0.0
0,269,68,2.0000112499683596,EXECUTE,SUCCESS,16412146,0,0.0
0,270,69,2.000028124802249,EXECUTE,SUCCESS,16412151,0,0.0
0,271,70,2.0000937478028376,EXECUTE,SUCCESS,16412157,0,0.0
0,272,71,2.0000781234741805,EXECUTE,SUCCESS,16412162,0,0.0
0,273,72,2.0000781234741805,EXECUTE,SUCCESS,16412167,0,0.0
0,274,73,2.0000781234741805,EXECUTE,SUCCESS,16412172,0,0.0
0,275,76,2.0000468744506965,EXECUTE,SUCCESS,16412175,0,0.0
0,276,77,2.0000937478028376,EXECUTE,SUCCESS,16412181,0,0.0
0,277,78,2.0000337497152394,EXECUTE,SUCCESS,16412187,0,0.0
0,278,79,2.0000337497152394,EXECUTE,SUCCESS,16412193,0,0.0
0,279,80,2.0000337497152394,EXECUTE,SUCCESS,16412199,0,0.0
0,280,84,2.0000156249389653,EXECUTE,SUCCESS,16412200,0,0.0
0,281,86,2.0000156249389653,EXECUTE,SUCCESS,16412201,0,0.0
0,282,87,2.0000468744506965,EXECUTE,SUCCESS,16412204,0,0.0
0,283,88,2.0000937478028376,EXECUTE,SUCCESS,16412210,0,0.0
0,284,92,2.0000156249389653,EXECUTE,SUCCESS,16412211,0,0.0
0,285,94,2.00000562499209,EXECUTE,SUCCESS,16412212,0,0.0
0,286,95,2.0000168749288094,EXECUTE,SUCCESS,16412215,0,0.0
0,287,96,2.000028124802249,EXECUTE,SUCCESS,16412220,0,0.0
0,288,100,2.00000562499209,EXECUTE,SUCCESS,16412221,0,0.0
0,289,102,2.00000562499209,EXECUTE,SUCCESS,16412222,0,0.0
0,290,105,2.0000112499683596,EXECUTE,SUCCESS,16412224,0,0.0
0,291,106,2.0000112499683596,EXECUTE,SUCCESS,16412226,0,0.0
0,292,107,2.000031249755863,EXECUTE,SUCCESS,16412228,0,0.0
0,293,108,2.000031249755863,EXECUTE,SUCCESS,16412230,0,0.0
0,294,109,2.000031249755863,EXECUTE,SUCCESS,16412232,0,0.0
0,295,112,2.000031249755863,EXECUTE,SUCCESS,16412234,0,0.0
0,296,113,2.000031249755863,EXECUTE,SUCCESS,16412236,0,0.0
0,297,114,2.000031249755863,EXECUTE,SUCCESS,16412238,0,0.0
0,298,115,2.000031249755863,EXECUTE,SUCCESS,16412240,0,0.0
0,299,116,2.000031249755863,EXECUTE,SUCCESS,16412242,0,0.0
0,300,117,2.000031249755863,EXECUTE,SUCCESS,16412244,0,0.0
0,301,120,2.000031249755863,EXECUTE,SUCCESS,16412246,0,0.0
0,302,121,2.000031249755863,EXECUTE,SUCCESS,16412248,0,0.0
0,303,122,2.000031249755863,EXECUTE,SUCCESS,16412250,0,0.0
0,304,123,2.000031249755863,EXECUTE,SUCCESS,16412252,0,0.0
0,305,124,2.000031249755863,EXECUTE,SUCCESS,16412254,0,0.0
0,306,127,2.00000562499209,EXECUTE,SUCCESS,16412255,0,0.0
0,307,129,2.00000562499209,EXECUTE,SUCCESS,16412256,0,0.0
0,308,130,2.00000562499209,EXECUTE,SUCCESS,16412257,0,0.0
0,309,131,2.0000168749288094,EXECUTE,SUCCESS,16412260,0,0.0
0,310,132,2.0000168749288094,EXECUTE,SUCCESS,16412263,0,0.0
0,311,133,2.0000168749288094,EXECUTE,SUCCESS,16412266,0,0.0
0,312,134,2.0000168749288094,EXECUTE,SUCCESS,16412269,0,0.0
0,313,135,2.0000168749288094,EXECUTE,SUCCESS,16412272,0,0.0
0,314,136,2.0000168749288094,EXECUTE,SUCCESS,16412275,0,0.0
0,315,138,2.0000168749288094,EXECUTE,SUCCESS,16412278,0,0.0
0,316,139,2.0000168749288094,EXECUTE,SUCCESS,16412281,0,0.0
0,317,140,2.0000168749288094,EXECUTE,SUCCESS,16412284,0,0.0
0,318,141,2.0000168749288094,EXECUTE,SUCCESS,16412287,0,0.0
0,319,145,2.00000562499209,EXECUTE,SUCCESS,16412288,0,0.0
0,320,147,2.0000112499683596,EXECUTE,SUCCESS,16412290,0,0.0
0,321,149,2.00000562499209,EXECUTE,SUCCESS,16412291,0,0.0
0,322,151,2.0000468744506965,EXECUTE,SUCCESS,16412294,0,0.0
0,323,152,2.0000156249389653,EXECUTE,SUCCESS,16412295,0,0.0
0,324,153,2.00000562499209,EXECUTE,SUCCESS,16412296,0,0.0
0,325,154,2.00000562499209,EXECUTE,SUCCESS,16412297,0,0.0
0,326,155,2.00000562499209,EXECUTE,SUCCESS,16412298,0,0.0
0,327,158,2.0000156249389653,EXECUTE,SUCCESS,16412299,0,0.0
0,328,159,2.0000156249389653,EXECUTE,SUCCESS,16412300,0,0.0
0,329,160,2.0000156249389653,EXECUTE,SUCCESS,16412301,0,0.0
0,330,163,2.0,EXECUTE,CRASH,16412550,248,0.0155
0,234,18,3.009993770757674,EXECUTE,SUCCESS,16524551,0,0.0
0,235,19,3.0066734109310906,EXECUTE,SUCCESS,16524552,0,0.0
0,236,20,3.003349380275295,EXECUTE,SUCCESS,16524553,0,0.0
0,237,21,3.0000283331995377,EXECUTE,SUCCESS,16524554,0,0.0
0,238,22,2.996703605630693,EXECUTE,SUCCESS,16524555,0,0.0
0,239,23,2.9933685038765265,EXECUTE,SUCCESS,16524556,0,0.0
0,240,24,2.990029682126917,EXECUTE,SUCCESS,16524557,0,0.0
0,241,25,2.9866871279061007,EXECUTE,SUCCESS,16524558,0,0.0
0,242,26,2.9833475325546623,EXECUTE,SUCCESS,16524559,0,0.0
0,243,27,2.9800041946279188,EXECUTE,SUCCESS,16524560,0,0.0
0,244,28,2.976657101515052,EXECUTE,SUCCESS,16524561,0,0.0
0,245,29,2.973306240534262,EXECUTE,SUCCESS,16524562,0,0.0
0,246,30,2.969944864808097,EXECUTE,SUCCESS,16524563,0,0.0
0,247,31,2.966579680372665,EXECUTE,SUCCESS,16524564,0,0.0
0,248,35,2.0,EXECUTE,CRASH,16524588,19,0.0011875
0,234,18,3.0364489951257214,EXECUTE,SUCCESS,16732589,0,0.0
0,235,19,3.0331575956418755,EXECUTE,SUCCESS,16732590,0,0.0
0,236,20,3.029862620648006,EXECUTE,SUCCESS,16732591,0,0.0
0,237,21,3.0265640584663003,EXECUTE,SUCCESS,16732592,0,0.0
0,238,22,3.0232618973552388,EXECUTE,SUCCESS,16732593,0,0.0
0,239,23,3.0199561255091103,EXECUTE,SUCCESS,16732594,0,0.0
0,240,24,3.016646731057516,EXECUTE,SUCCESS,16732595,0,0.0
0,241,25,3.013333702064874,EXECUTE,SUCCESS,16732596,0,0.0
0,242,26,3.0100170265299164,EXECUTE,SUCCESS,16732597,0,0.0
0,243,27,3.006696692385183,EXECUTE,SUCCESS,16732598,0,0.0
0,244,28,3.0033726874965083,EXECUTE,SUCCESS,16732599,0,0.0
0,245,29,3.0000449996625047,EXECUTE,SUCCESS,16732600,0,0.0
0,246,30,2.996713616614039,EXECUTE,SUCCESS,16732601,0,0.0
0,247,31,2.9933785260137067,EXECUTE,SUCCESS,16732602,0,0.0
0,248,35,2.9106060365497752,EXECUTE,SUCCESS,16732607,0,0.0
0,249,36,2.9071790450538115,EXECUTE,SUCCESS,16732608,0,0.0
0,250,40,2.90374800903935,EXECUTE,SUCCESS,16732609,0,0.0
0,251,41,2.9003129141525377,EXECUTE,SUCCESS,16732610,0,0.0
0,252,42,2.8610317195025967,EXECUTE,SUCCESS,16732613,0,0.0
0,253,44,2.85754527523187,EXECUTE,SUCCESS,16732614,0,0.0
0,254,46,2.8452926035822723,EXECUTE,SUCCESS,16732616,0,0.0
0,255,49,2.8417868498534484,EXECUTE,SUCCESS,16732617,0,0.0
0,256,51,2.8382767659268153,EXECUTE,SUCCESS,16732618,0,0.0
0,257,52,2.798124818516855,EXECUTE,SUCCESS,16732621,0,0.0
0,258,54,2.765445714527765,EXECUTE,SUCCESS,16732624,0,0.0
0,259,55,2.0,EXECUTE,CRASH,16732672,42,0.002625
0,234,18,3.0099871262183173,EXECUTE,SUCCESS,16844673,0,0.0
0,235,19,3.0066667590539535,EXECUTE,SUCCESS,16844674,0,0.0
0,236,20,3.0033493802752957,EXECUTE,SUCCESS,16844675,0,0.0
0,237,21,3.0000283331995385,EXECUTE,SUCCESS,16844676,0,0.0
0,238,22,2.9967036056306937,EXECUTE,SUCCESS,16844677,0,0.0
0,239,23,2.9933751853050423,EXECUTE,SUCCESS,16844678,0,0.0
0,240,24,2.9900430598906094,EXECUTE,SUCCESS,16844679,0,0.0
0,241,25,2.9867072169866256,EXECUTE,SUCCESS,16844680,0,0.0
0,242,26,2.9833676441229957,EXECUTE,SUCCESS,16844681,0,0.0
0,243,27,2.9800243287597494,EXECUTE,SUCCESS,16844682,0,0.0
0,244,28,2.976677258286493,EXECUTE,SUCCESS,16844683,0,0.0
0,245,29,2.973326420021857,EXECUTE,SUCCESS,16844684,0,0.0
0,246,30,2.969971801212933,EXECUTE,SUCCESS,16844685,0,0.0
0,247,31,2.966613389034708,EXECUTE,SUCCESS,16844686,0,0.0
0,248,35,2.883072579731561,EXECUTE,SUCCESS,16844691,0,0.0
0,249,36,2.879612821196627,EXECUTE,SUCCESS,16844692,0,0.0
0,250,40,2.8761489008742216,EXECUTE,SUCCESS,16844693,0,0.0
0,251,41,2.8726808037093146,EXECUTE,SUCCESS,16844694,0,0.0
0,252,42,2.832995322975312,EXECUTE,SUCCESS,16844697,0,0.0
0,253,44,2.829467264345003,EXECUTE,SUCCESS,16844698,0,0.0
0,254,46,2.8170782736729194,EXECUTE,SUCCESS,16844700,0,0.0
0,255,49,2.8135302557463273,EXECUTE,SUCCESS,16844701,0,0.0
0,256,51,2.809984875404135,EXECUTE,SUCCESS,16844702,0,0.0
0,257,52,2.7694227737924,EXECUTE,SUCCESS,16844705,0,0.0
0,258,54,2.7364009209178377,EXECUTE,SUCCESS,16844708,0,0.0
0,259,55,2.6361003395166867,EXECUTE,SUCCESS,16844714,0,0.0
0,260,56,2.5318293781374748,EXECUTE,SUCCESS,16844720,0,0.0
0,261,57,2.4230755250301206,EXECUTE,SUCCESS,16844726,0,0.0
0,262,58,2.3092054910726323,EXECUTE,SUCCESS,16844732,0,0.0
0,263,61,2.2694707532814777,EXECUTE,SUCCESS,16844735,0,0.0
0,264,62,2.2290278149902027,EXECUTE,SUCCESS,16844738,0,0.0
0,265,63,2.1047422645065113,EXECUTE,SUCCESS,16844744,0,0.0
0,266,64,2.0000337497152394,EXECUTE,SUCCESS,16844750,0,0.0
0,267,65,2.0000337497152394,EXECUTE,SUCCESS,16844756,0,0.0
0,268,66,2.0000337497152394,EXECUTE,SUCCESS,16844762,0,0.0
0,269,68,2.0000112499683596,EXECUTE,SUCCESS,16844764,0,0.0
0,270,69,2.000028124802249,EXECUTE,SUCCESS,16844769,0,0.0
0,271,70,2.0000337497152394,EXECUTE,SUCCESS,16844775,0,0.0
0,272,71,2.0,EXECUTE,CRASH,16844888,108,0.00675
0,234,18,3.114492334233622,EXECUTE,SUCCESS,16988889,0,0.0
0,235,19,3.111289925416787,EXECUTE,SUCCESS,16988890,0,0.0
0,236,20,3.1080842170057092,EXECUTE,SUCCESS,16988891,0,0.0
0,237,21,3.104875198780136,EXECUTE,SUCCESS,16988892,0,0.0
0,238,22,3.1016628604669445,EXECUTE,SUCCESS,16988893,0,0.0
0,239,23,3.098447191739757,EXECUTE,SUCCESS,16988894,0,0.0
0,240,24,3.0952217206526553,EXECUTE,SUCCESS,16988895,0,0.0
0,241,25,3.091992884855977,EXECUTE,SUCCESS,16988896,0,0.0
0,242,26,2.0,EXECUTE,CRASH,16988906,9,0.0005625
0,234,18,3.0232536281298006,EXECUTE,SUCCESS,17132907,0,0.0
0,235,19,3.0199544698554646,EXECUTE,SUCCESS,17132908,0,0.0
0,236,20,3.016651703461969,EXECUTE,SUCCESS,17132909,0,0.0
0,237,21,3.01333867993626,EXECUTE,SUCCESS,17132910,0,0.0
0,238,22,3.010028654348659,EXECUTE,SUCCESS,17132911,0,0.0
0,239,23,3.006714984829789,EXECUTE,SUCCESS,17132912,0,0.0
0,240,24,3.003397659318525,EXECUTE,SUCCESS,17132913,0,0.0
0,241,25,3.0000699991833515,EXECUTE,SUCCESS,17132914,0,0.0
0,242,26,2.9967386439260926,EXECUTE,SUCCESS,17132915,0,0.0
0,243,27,2.993403581209857,EXECUTE,SUCCESS,17132916,0,0.0
0,244,28,2.990064798628952,EXECUTE,SUCCESS,17132917,0,0.0
0,245,29,2.986722283708346,EXECUTE,SUCCESS,17132918,0,0.0
0,246,30,2.983376023903121,EXECUTE,SUCCESS,17132919,0,0.0
0,247,31,2.9800260065979285,EXECUTE,SUCCESS,17132920,0,0.0
0,248,35,2.8968374997572783,EXECUTE,SUCCESS,17132925,0,0.0
0,249,36,2.8933872882834057,EXECUTE,SUCCESS,17132926,0,0.0
0,250,40,2.8899329576998842,EXECUTE,SUCCESS,17132927,0,0.0
0,251,41,2.8864744932183277,EXECUTE,SUCCESS,17132928,0,0.0
0,252,42,2.8470023709157677,EXECUTE,SUCCESS,17132931,0,0.0
0,253,44,2.8434987251623665,EXECUTE,SUCCESS,17132932,0,0.0
0,254,46,2.831185264160579,EXECUTE,SUCCESS,17132934,0,0.0
0,255,49,2.827662020114852,EXECUTE,SUCCESS,17132935,0,0.0
0,256,51,2.8241343806554258,EXECUTE,SUCCESS,17132936,0,0.0
0,257,52,2.783778457420778,EXECUTE,SUCCESS,17132939,0,0.0
0,258,54,2.750928934014837,EXECUTE,SUCCESS,17132942,0,0.0
0,259,55,2.6512233025529945,EXECUTE,SUCCESS,17132948,0,0.0
0,260,56,2.5476184957720824,EXECUTE,SUCCESS,17132954,0,0.0
0,261,57,2.4395686094061815,EXECUTE,SUCCESS,17132960,0,0.0
0,262,58,2.32650596388662,EXECUTE,SUCCESS,17132966,0,0.0
0,263,61,2.287098052117576,EXECUTE,SUCCESS,17132969,0,0.0
0,264,62,2.2469991099241695,EXECUTE,SUCCESS,17132972,0,0.0
0,265,63,2.1237655237808175,EXECUTE,SUCCESS,17132978,0,0.0
0,266,64,2.0000937478028376,EXECUTE,SUCCESS,17132984,0,0.0
0,267,65,2.0000937478028376,EXECUTE,SUCCESS,17132990,0,0.0
0,268,66,2.0000937478028376,EXECUTE,SUCCESS,17132996,0,0.0
0,269,68,2.0000112499683596,EXECUTE,SUCCESS,17132998,0,0.0
0,270,69,2.000028124802249,EXECUTE,SUCCESS,17133003,0,0.0
0,271,70,2.0000337497152394,EXECUTE,SUCCESS,17133009,0,0.0
0,272,71,2.000028124802249,EXECUTE,SUCCESS,17133014,0,0.0
0,273,72,2.0000781234741805,EXECUTE,SUCCESS,17133019,0,0.0
0,274,73,2.0000781234741805,EXECUTE,SUCCESS,17133024,0,0.0
0,275,76,2.0000168749288094,EXECUTE,SUCCESS,17133027,0,0.0
0,276,77,2.0000337497152394,EXECUTE,SUCCESS,17133033,0,0.0
0,277,78,2.0000337497152394,EXECUTE,SUCCESS,17133039,0,0.0
0,278,79,2.0000937478028376,EXECUTE,SUCCESS,17133045,0,0.0
0,279,80,2.0000937478028376,EXECUTE,SUCCESS,17133051,0,0.0
0,280,84,2.0000156249389653,EXECUTE,SUCCESS,17133052,0,0.0
0,281,86,2.0000156249389653,EXECUTE,SUCCESS,17133053,0,0.0
0,282,87,2.0000468744506965,EXECUTE,SUCCESS,17133056,0,0.0
0,283,88,2.0000937478028376,EXECUTE,SUCCESS,17133062,0,0.0
0,284,92,2.00000562499209,EXECUTE,SUCCESS,17133063,0,0.0
0,285,94,2.00000562499209,EXECUTE,SUCCESS,17133064,0,0.0
0,286,95,2.0000168749288094,EXECUTE,SUCCESS,17133067,0,0.0
0,287,96,2.000028124802249,EXECUTE,SUCCESS,17133072,0,0.0
0,288,100,2.0000156249389653,EXECUTE,SUCCESS,17133073,0,0.0
0,289,102,2.0000156249389653,EXECUTE,SUCCESS,17133074,0,0.0
0,290,105,2.000031249755863,EXECUTE,SUCCESS,17133076,0,0.0
0,291,106,2.000031249755863,EXECUTE,SUCCESS,17133078,0,0.0
0,292,107,2.0000112499683596,EXECUTE,SUCCESS,17133080,0,0.0
0,293,108,2.0000112499683596,EXECUTE,SUCCESS,17133082,0,0.0
0,294,109,2.0000112499683596,EXECUTE,SUCCESS,17133084,0,0.0
0,295,112,2.0000112499683596,EXECUTE,SUCCESS,17133086,0,0.0
0,296,113,2.000031249755863,EXECUTE,SUCCESS,17133088,0,0.0
0,297,114,2.000031249755863,EXECUTE,SUCCESS,17133090,0,0.0
0,298,115,2.000031249755863,EXECUTE,SUCCESS,17133092,0,0.0
0,299,116,2.0000112499683596,EXECUTE,SUCCESS,17133094,0,0.0
0,300,117,2.0000112499683596,EXECUTE,SUCCESS,17133096,0,0.0
0,301,120,2.0000112499683596,EXECUTE,SUCCESS,17133098,0,0.0
0,302,121,2.0000112499683596,EXECUTE,SUCCESS,17133100,0,0.0
0,303,122,2.0000112499683596,EXECUTE,SUCCESS,17133102,0,0.0
0,304,123,2.000031249755863,EXECUTE,SUCCESS,17133104,0,0.0
0,305,124,2.0,EXECUTE,CRASH,17133306,200,0.0125
0,234,18,3.114485912634699,EXECUTE,SUCCESS,17245307,0,0.0
0,235,19,3.1112770689863014,EXECUTE,SUCCESS,17245308,0,0.0
0,236,20,3.1080713473149215,EXECUTE,SUCCESS,17245309,0,0.0
0,237,21,3.1048623157879303,EXECUTE,SUCCESS,17245310,0,0.0
0,238,22,3.101649964131992,EXECUTE,SUCCESS,17245311,0,0.0
0,239,23,3.098434282020515,EXECUTE,SUCCESS,17245312,0,0.0
0,240,24,3.095215259073266,EXECUTE,SUCCESS,17245313,0,0.0
0,241,25,3.091992884855977,EXECUTE,SUCCESS,17245314,0,0.0
0,242,26,3.0887671488799517,EXECUTE,SUCCESS,17245315,0,0.0
0,243,27,3.085538040601669,EXECUTE,SUCCESS,17245316,0,0.0
0,244,28,3.082305549422378,EXECUTE,SUCCESS,17245317,0,0.0
0,245,29,3.079069664687694,EXECUTE,SUCCESS,17245318,0,0.0
0,246,30,3.075830375687188,EXECUTE,SUCCESS,17245319,0,0.0
0,247,31,3.0725876716539733,EXECUTE,SUCCESS,17245320,0,0.0
0,248,35,2.9920072693761934,EXECUTE,SUCCESS,17245325,0,0.0
0,249,36,2.9886736188483325,EXECUTE,SUCCESS,17245326,0,0.0
0,250,40,2.985336245718393,EXECUTE,SUCCESS,17245327,0,0.0
0,251,41,2.98199513748765,EXECUTE,SUCCESS,17245328,0,0.0
0,252,42,2.943804086551955,EXECUTE,SUCCESS,17245331,0,0.0
0,253,44,2.940415786925378,EXECUTE,SUCCESS,17245332,0,0.0
0,254,46,2.928509859979985,EXECUTE,SUCCESS,17245334,0,0.0
0,255,49,2.9251038443104873,EXECUTE,SUCCESS,17245335,0,0.0
0,256,51,2.9216938580214027,EXECUTE,SUCCESS,17245336,0,0.0
0,257,52,2.882683211870494,EXECUTE,SUCCESS,17245339,0,0.0
0,258,54,2.8509524724203996,EXECUTE,SUCCESS,17245342,0,0.0
0,259,55,2.7548693253945804,EXECUTE,SUCCESS,17245348,0,0.0
0,260,56,2.65531165779085,EXECUTE,SUCCESS,17245354,0,0.0
0,261,57,2.551825816939705,EXECUTE,SUCCESS,17245360,0,0.0
0,262,58,2.4440110474382046,EXECUTE,SUCCESS,17245366,0,0.0
0,263,61,2.4065031684998863,EXECUTE,SUCCESS,17245369,0,0.0
0,264,62,2.3684013595672484,EXECUTE,SUCCESS,17245372,0,0.0
0,265,63,2.2517681941087964,EXECUTE,SUCCESS,17245378,0,0.0
0,266,64,2.128754330588664,EXECUTE,SUCCESS,17245384,0,0.0
0,267,65,2.0000937478028376,EXECUTE,SUCCESS,17245390,0,0.0
0,268,66,2.0000937478028376,EXECUTE,SUCCESS,17245396,0,0.0
0,269,68,2.000031249755863,EXECUTE,SUCCESS,17245398,0,0.0
0,270,69,2.0000781234741805,EXECUTE,SUCCESS,17245403,0,0.0
0,271,70,2.0000937478028376,EXECUTE,SUCCESS,17245409,0,0.0
0,272,71,2.0000781234741805,EXECUTE,SUCCESS,17245414,0,0.0
0,273,72,2.000028124802249,EXECUTE,SUCCESS,17245419,0,0.0
0,274,73,2.0000781234741805,EXECUTE,SUCCESS,17245424,0,0.0
0,275,76,2.0000468744506965,EXECUTE,SUCCESS,17245427,0,0.0
0,276,77,2.0000937478028376,EXECUTE,SUCCESS,17245433,0,0.0
0,277,78,2.0000937478028376,EXECUTE,SUCCESS,17245439,0,0.0
0,278,79,2.0000937478028376,EXECUTE,SUCCESS,17245445,0,0.0
0,279,80,2.0000937478028376,EXECUTE,SUCCESS,17245451,0,0.0
0,280,84,2.00000562499209,EXECUTE,SUCCESS,17245452,0,0.0
0,281,86,2.00000562499209,EXECUTE,SUCCESS,17245453,0,0.0
0,282,87,2.0000168749288094,EXECUTE,SUCCESS,17245456,0,0.0
0,283,88,2.0000337497152394,EXECUTE,SUCCESS,17245462,0,0.0
0,284,92,2.0,EXECUTE,CRASH,17245620,157,0.0098125
0,234,18,3.0692120324278678,EXECUTE,SUCCESS,17373621,0,0.0
0,235,19,3.0659623285356914,EXECUTE,SUCCESS,17373622,0,0.0
0,236,20,3.062709176529825,EXECUTE,SUCCESS,17373623,0,0.0
0,237,21,3.059452565411008,EXECUTE,SUCCESS,17373624,0,0.0
0,238,22,3.056192484121378,EXECUTE,SUCCESS,17373625,0,0.0
0,239,23,3.0529289215440305,EXECUTE,SUCCESS,17373626,0,0.0
0,240,24,3.049655308391425,EXECUTE,SUCCESS,17373627,0,0.0
0,241,25,3.046384742608851,EXECUTE,SUCCESS,17373628,0,0.0
0,242,26,3.0431106618064345,EXECUTE,SUCCESS,17373629,0,0.0
0,243,27,3.0398330546265195,EXECUTE,SUCCESS,17373630,0,0.0
0,244,28,3.036551909650153,EXECUTE,SUCCESS,17373631,0,0.0
0,245,29,3.033260621839144,EXECUTE,SUCCESS,17373632,0,0.0
0,246,30,3.0299657588824314,EXECUTE,SUCCESS,17373633,0,0.0
0,247,31,3.0266673091041882,EXECUTE,SUCCESS,17373634,0,0.0
0,248,35,2.944796682285551,EXECUTE,SUCCESS,17373639,0,0.0
0,249,36,2.9414027265915133,EXECUTE,SUCCESS,17373640,0,0.0
0,250,40,2.9380048502342517,EXECUTE,SUCCESS,17373641,0,0.0
0,251,41,2.934603039594961,EXECUTE,SUCCESS,17373642,0,0.0
0,252,42,2.8957663061787264,EXECUTE,SUCCESS,17373645,0,0.0
0,253,44,2.8923148168897495,EXECUTE,SUCCESS,17373646,0,0.0
0,254,46,2.880210061783686,EXECUTE,SUCCESS,17373648,0,0.0
0,255,49,2.876746860604872,EXECUTE,SUCCESS,17373649,0,0.0
0,256,51,2.873279485187611,EXECUTE,SUCCESS,17373650,0,0.0
0,257,52,2.8336235635666185,EXECUTE,SUCCESS,17373653,0,0.0
0,258,54,2.8013585989658627,EXECUTE,SUCCESS,17373656,0,0.0
0,259,55,2.703469067698016,EXECUTE,SUCCESS,17373662,0,0.0
0,260,56,2.6018993062760867,EXECUTE,SUCCESS,17373668,0,0.0
0,261,57,2.4962001121704933,EXECUTE,SUCCESS,17373674,0,0.0
0,262,58,2.3858730058408355,EXECUTE,SUCCESS,17373680,0,0.0
0,263,61,2.3474619272737915,EXECUTE,SUCCESS,17373683,0,0.0
0,264,62,2.3084117916870865,EXECUTE,SUCCESS,17373686,0,0.0
0,265,63,2.1886388464065933,EXECUTE,SUCCESS,17373692,0,0.0
0,266,64,2.0619202215410724,EXECUTE,SUCCESS,17373698,0,0.0
0,267,65,2.0000937478028376,EXECUTE,SUCCESS,17373704,0,0.0
0,268,66,2.0000937478028376,EXECUTE,SUCCESS,17373710,0,0.0
0,269,68,2.000031249755863,EXECUTE,SUCCESS,17373712,0,0.0
0,270,69,2.000028124802249,EXECUTE,SUCCESS,17373717,0,0.0
0,271,70,2.0000337497152394,EXECUTE,SUCCESS,17373723,0,0.0
0,272,71,2.000028124802249,EXECUTE,SUCCESS,17373728,0,0.0
0,273,72,2.000028124802249,EXECUTE,SUCCESS,17373733,0,0.0
0,274,73,2.000028124802249,EXECUTE,SUCCESS,17373738,0,0.0
0,275,76,2.0000168749288094,EXECUTE,SUCCESS,17373741,0,0.0
0,276,77,2.0000337497152394,EXECUTE,SUCCESS,17373747,0,0.0
0,277,78,2.0000337497152394,EXECUTE,SUCCESS,17373753,0,0.0
0,278,79,2.0000337497152394,EXECUTE,SUCCESS,17373759,0,0.0
0,279,80,2.0000337497152394,EXECUTE,SUCCESS,17373765,0,0.0
0,280,84,2.0000156249389653,EXECUTE,SUCCESS,17373766,0,0.0
0,281,86,2.0000156249389653,EXECUTE,SUCCESS,17373767,0,0.0
0,282,87,2.0000468744506965,EXECUTE,SUCCESS,17373770,0,0.0
0,283,88,2.0000937478028376,EXECUTE,SUCCESS,17373776,0,0.0
0,284,92,2.0000156249389653,EXECUTE,SUCCESS,17373777,0,0.0
0,285,94,2.00000562499209,EXECUTE,SUCCESS,17373778,0,0.0
0,286,95,2.0000168749288094,EXECUTE,SUCCESS,17373781,0,0.0
0,287,96,2.000028124802249,EXECUTE,SUCCESS,17373786,0,0.0
0,288,100,2.00000562499209,EXECUTE,SUCCESS,17373787,0,0.0
0,289,102,2.00000562499209,EXECUTE,SUCCESS,17373788,0,0.0
0,290,105,2.0000112499683596,EXECUTE,SUCCESS,17373790,0,0.0
0,291,106,2.0000112499683596,EXECUTE,SUCCESS,17373792,0,0.0
0,292,107,2.0000112499683596,EXECUTE,SUCCESS,17373794,0,0.0
0,293,108,2.000031249755863,EXECUTE,SUCCESS,17373796,0,0.0
0,294,109,2.000031249755863,EXECUTE,SUCCESS,17373798,0,0.0
0,295,112,2.000031249755863,EXECUTE,SUCCESS,17373800,0,0.0
0,296,113,2.000031249755863,EXECUTE,SUCCESS,17373802,0,0.0
0,297,114,2.000031249755863,EXECUTE,SUCCESS,17373804,0,0.0
0,298,115,2.000031249755863,EXECUTE,SUCCESS,17373806,0,0.0
0,299,116,2.0,EXECUTE,CRASH,17373996,188,0.01175
0,234,18,3.0033352293741706,EXECUTE,SUCCESS,17597997,0,0.0
0,235,19,3.000007499990625,EXECUTE,SUCCESS,17597998,0,0.0
0,236,20,2.996682749307974,EXECUTE,SUCCESS,17597999,0,0.0
0,237,21,2.9933543057914136,EXECUTE,SUCCESS,17598000,0,0.0
0,238,22,2.990022157108538,EXECUTE,SUCCESS,17598001,0,0.0
0,239,23,2.986686290858147,EXECUTE,SUCCESS,17598002,0,0.0
0,240,24,2.983346694569707,EXECUTE,SUCCESS,17598003,0,0.0
0,241,25,2.9800033557028076,EXECUTE,SUCCESS,17598004,0,0.0
0,242,26,2.976656261646614,EXECUTE,SUCCESS,17598005,0,0.0
0,243,27,2.9732986731911066,EXECUTE,SUCCESS,17598006,0,0.0
0,244,28,2.969937288900221,EXECUTE,SUCCESS,17598007,0,0.0
0,245,29,2.966572095870922,EXECUTE,SUCCESS,17598008,0,0.0
0,246,30,2.963203081126907,EXECUTE,SUCCESS,17598009,0,0.0
0,247,31,2.959830231618022,EXECUTE,SUCCESS,17598010,0,0.0
0,248,35,2.876057631550521,EXECUTE,SUCCESS,17598015,0,0.0
0,249,36,2.8725824618276827,EXECUTE,SUCCESS,17598016,0,0.0
0,250,40,2.869103082846622,EXECUTE,SUCCESS,17598017,0,0.0
0,251,41,2.8656264585601505,EXECUTE,SUCCESS,17598018,0,0.0
0,252,42,2.8258631424752316,EXECUTE,SUCCESS,17598021,0,0.0
0,253,44,2.8223261682519953,EXECUTE,SUCCESS,17598022,0,0.0
0,254,46,2.8099056923676264,EXECUTE,SUCCESS,17598024,0,0.0
0,255,49,2.806348606285397,EXECUTE,SUCCESS,17598025,0,0.0
0,256,51,2.802787005821168,EXECUTE,SUCCESS,17598026,0,0.0
0,257,52,2.7620974819871926,EXECUTE,SUCCESS,17598029,0,0.0
0,258,54,2.7289650052721437,EXECUTE,SUCCESS,17598032,0,0.0
0,259,55,2.6284263352812443,EXECUTE,SUCCESS,17598038,0,0.0
0,260,56,2.523885892824791,EXECUTE,SUCCESS,17598044,0,0.0
0,261,57,2.0,EXECUTE,CRASH,17598104,54,0.003375
0,234,18,2.996675240996262,EXECUTE,SUCCESS,17678105,0,0.0
0,235,19,2.993346789130855,EXECUTE,SUCCESS,17678106,0,0.0
0,236,20,2.990014632071221,EXECUTE,SUCCESS,17678107,0,0.0
0,237,21,2.986672061007033,EXECUTE,SUCCESS,17678108,0,0.0
0,238,22,2.9833257448693056,EXECUTE,SUCCESS,17678109,0,0.0
0,239,23,2.9799756710416276,EXECUTE,SUCCESS,17678110,0,0.0
0,240,24,2.9766218268365896,EXECUTE,SUCCESS,17678111,0,0.0
0,241,25,2.97327092610142,EXECUTE,SUCCESS,17678112,0,0.0
0,242,26,2.9699162446102743,EXECUTE,SUCCESS,17678113,0,0.0
0,243,27,2.966557769536941,EXECUTE,SUCCESS,17678114,0,0.0
0,244,28,2.9631954879825244,EXECUTE,SUCCESS,17678115,0,0.0
0,245,29,2.0,EXECUTE,CRASH,17678128,12,0.00075
0,234,18,2.996675240996262,EXECUTE,SUCCESS,17758129,0,0.0
0,235,19,2.993346789130855,EXECUTE,SUCCESS,17758130,0,0.0
0,236,20,2.990014632071221,EXECUTE,SUCCESS,17758131,0,0.0
0,237,21,2.9866787574160027,EXECUTE,SUCCESS,17758132,0,0.0
0,238,22,2.98333915269451,EXECUTE,SUCCESS,17758133,0,0.0
0,239,23,2.9799890939397744,EXECUTE,SUCCESS,17758134,0,0.0
0,240,24,2.976635264858628,EXECUTE,SUCCESS,17758135,0,0.0
0,241,25,2.9732776526923943,EXECUTE,SUCCESS,17758136,0,0.0
0,242,26,2.969916244610274,EXECUTE,SUCCESS,17758137,0,0.0
0,243,27,2.966557769536941,EXECUTE,SUCCESS,17758138,0,0.0
0,244,28,2.9631954879825244,EXECUTE,SUCCESS,17758139,0,0.0
0,245,29,2.959829386974862,EXECUTE,SUCCESS,17758140,0,0.0
0,246,30,2.956459453467946,EXECUTE,SUCCESS,17758141,0,0.0
0,247,31,2.9530789017566033,EXECUTE,SUCCESS,17758142,0,0.0
0,248,35,2.8691091823072865,EXECUTE,SUCCESS,17758147,0,0.0
0,249,36,2.8656325654207633,EXECUTE,SUCCESS,17758148,0,0.0
0,250,40,2.0,EXECUTE,CRASH,17758170,21,0.0013125
0,234,18,3.1273027515736302,EXECUTE,SUCCESS,17902171,0,0.0
0,235,19,3.1241070724288558,EXECUTE,SUCCESS,17902172,0,0.0
0,236,20,3.1209081210442573,EXECUTE,SUCCESS,17902173,0,0.0
0,237,21,3.117705887347297,EXECUTE,SUCCESS,17902174,0,0.0
0,238,22,3.114500361213656,EXECUTE,SUCCESS,17902175,0,0.0
0,239,23,3.1112915324668613,EXECUTE,SUCCESS,17902176,0,0.0
0,240,24,3.1080793908779083,EXECUTE,SUCCESS,17902177,0,0.0
0,241,25,3.1048639261648794,EXECUTE,SUCCESS,17902178,0,0.0
0,242,26,3.1016451279925605,EXECUTE,SUCCESS,17902179,0,0.0
0,243,27,3.0984229859720553,EXECUTE,SUCCESS,17902180,0,0.0
0,244,28,3.095197489660391,EXECUTE,SUCCESS,17902181,0,0.0
0,245,29,3.0919686285601258,EXECUTE,SUCCESS,17902182,0,0.0
0,246,30,3.08874286725198,EXECUTE,SUCCESS,17902183,0,0.0
0,247,31,3.0855137335620433,EXECUTE,SUCCESS,17902184,0,0.0
0,248,35,3.0052799370441314,EXECUTE,SUCCESS,17902189,0,0.0
0,249,36,3.0019543634106065,EXECUTE,SUCCESS,17902190,0,0.0
0,250,40,2.9986251016090657,EXECUTE,SUCCESS,17902191,0,0.0
0,251,41,2.9952988164789134,EXECUTE,SUCCESS,17902192,0,0.0
0,252,42,2.957279577584774,EXECUTE,SUCCESS,17902195,0,0.0
0,253,44,2.953906735156,EXECUTE,SUCCESS,17902196,0,0.0
0,254,46,2.942055403965054,EXECUTE,SUCCESS,17902198,0,0.0
0,255,49,2.9386650880969714,EXECUTE,SUCCESS,17902199,0,0.0
0,256,51,2.9352708563265466,EXECUTE,SUCCESS,17902200,0,0.0
0,257,52,2.8964637922818888,EXECUTE,SUCCESS,17902203,0,0.0
0,258,54,2.864906630241199,EXECUTE,SUCCESS,17902206,0,0.0
0,259,55,2.7693076752141472,EXECUTE,SUCCESS,17902212,0,0.0
0,260,56,2.6702883739401604,EXECUTE,SUCCESS,17902218,0,0.0
0,261,57,2.567406278717879,EXECUTE,SUCCESS,17902224,0,0.0
0,262,58,2.46027437494276,EXECUTE,SUCCESS,17902230,0,0.0
0,263,61,2.423043024793408,EXECUTE,SUCCESS,17902233,0,0.0
0,264,62,2.0,EXECUTE,CRASH,17902302,66,0.004125
0,234,18,3.0495938254134765,EXECUTE,SUCCESS,18110303,0,0.0
0,235,19,3.0463166283234577,EXECUTE,SUCCESS,18110304,0,0.0
0,236,20,3.043035901858537,EXECUTE,SUCCESS,18110305,0,0.0
0,237,21,3.0397516345912208,EXECUTE,SUCCESS,18110306,0,0.0
0,238,22,3.0364704016341073,EXECUTE,SUCCESS,18110307,0,0.0
0,239,23,3.0331856191140028,EXECUTE,SUCCESS,18110308,0,0.0
0,240,24,3.0298972754864137,EXECUTE,SUCCESS,18110309,0,0.0
0,241,25,3.026605359144134,EXECUTE,SUCCESS,18110310,0,0.0
0,242,26,3.023309858416764,EXECUTE,SUCCESS,18110311,0,0.0
0,243,27,3.0200107615702287,EXECUTE,SUCCESS,18110312,0,0.0
0,244,28,3.0167080568062916,EXECUTE,SUCCESS,18110313,0,0.0
0,245,29,3.0134017322620608,EXECUTE,SUCCESS,18110314,0,0.0
0,246,30,3.0100917760094936,EXECUTE,SUCCESS,18110315,0,0.0
0,247,31,3.006771524409526,EXECUTE,SUCCESS,18110316,0,0.0
0,248,35,2.9243439435196374,EXECUTE,SUCCESS,18110321,0,0.0
0,249,36,2.920926222964213,EXECUTE,SUCCESS,18110322,0,0.0
0,250,40,2.917504498711182,EXECUTE,SUCCESS,18110323,0,0.0
0,251,41,2.9140856198814724,EXECUTE,SUCCESS,18110324,0,0.0
0,252,42,2.874992608686148,EXECUTE,SUCCESS,18110327,0,0.0
0,253,44,2.8715231150036007,EXECUTE,SUCCESS,18110328,0,0.0
0,254,46,2.8593303411813022,EXECUTE,SUCCESS,18110330,0,0.0
0,255,49,2.8558418198492683,EXECUTE,SUCCESS,18110331,0,0.0
0,256,51,2.8523490319384095,EXECUTE,SUCCESS,18110332,0,0.0
0,257,52,2.8123979981503298,EXECUTE,SUCCESS,18110335,0,0.0
0,258,54,2.779865104640868,EXECUTE,SUCCESS,18110338,0,0.0
0,259,55,2.6811909667160942,EXECUTE,SUCCESS,18110344,0,0.0
0,260,56,2.578743880264185,EXECUTE,SUCCESS,18110350,0,0.0
0,261,57,2.4720548133081484,EXECUTE,SUCCESS,18110356,0,0.0
0,262,58,2.3605995001270306,EXECUTE,SUCCESS,18110362,0,0.0
0,263,61,2.3217703374795677,EXECUTE,SUCCESS,18110365,0,0.0
0,264,62,2.282280657587928,EXECUTE,SUCCESS,18110368,0,0.0
0,265,63,2.1610599251293303,EXECUTE,SUCCESS,18110374,0,0.0
0,266,64,2.0326226900238975,EXECUTE,SUCCESS,18110380,0,0.0
0,267,65,2.0000937478028376,EXECUTE,SUCCESS,18110386,0,0.0
0,268,66,2.0000937478028376,EXECUTE,SUCCESS,18110392,0,0.0
0,269,68,2.000031249755863,EXECUTE,SUCCESS,18110394,0,0.0
0,270,69,2.0000781234741805,EXECUTE,SUCCESS,18110399,0,0.0
0,271,70,2.0000937478028376,EXECUTE,SUCCESS,18110405,0,0.0
0,272,71,2.0000781234741805,EXECUTE,SUCCESS,18110410,0,0.0
0,273,72,2.0000781234741805,EXECUTE,SUCCESS,18110415,0,0.0
0,274,73,2.0000781234741805,EXECUTE,SUCCESS,18110420,0,0.0
0,275,76,2.0000168749288094,EXECUTE,SUCCESS,18110423,0,0.0
0,276,77,2.0000337497152394,EXECUTE,SUCCESS,18110429,0,0.0
0,277,78,2.0000337497152394,EXECUTE,SUCCESS,18110435,0,0.0
0,278,79,2.0000937478028376,EXECUTE,SUCCESS,18110441,0,0.0
0,279,80,2.0000337497152394,EXECUTE,SUCCESS,18110447,0,0.0
0,280,84,2.0000156249389653,EXECUTE,SUCCESS,18110448,0,0.0
0,281,86,2.0000156249389653,EXECUTE,SUCCESS,18110449,0,0.0
0,282,87,2.0000468744506965,EXECUTE,SUCCESS,18110452,0,0.0
0,283,88,2.0000937478028376,EXECUTE,SUCCESS,18110458,0,0.0
0,284,92,2.0000156249389653,EXECUTE,SUCCESS,18110459,0,0.0
0,285,94,2.0000156249389653,EXECUTE,SUCCESS,18110460,0,0.0
0,286,95,2.0000468744506965,EXECUTE,SUCCESS,18110463,0,0.0
0,287,96,2.0000781234741805,EXECUTE,SUCCESS,18110468,0,0.0
0,288,100,2.0000156249389653,EXECUTE,SUCCESS,18110469,0,0.0
0,289,102,2.0000156249389653,EXECUTE,SUCCESS,18110470,0,0.0
0,290,105,2.000031249755863,EXECUTE,SUCCESS,18110472,0,0.0
0,291,106,2.000031249755863,EXECUTE,SUCCESS,18110474,0,0.0
0,292,107,2.000031249755863,EXECUTE,SUCCESS,18110476,0,0.0
0,293,108,2.0,EXECUTE,CRASH,18110654,176,0.011
0,234,18,3.0561515832824786,EXECUTE,SUCCESS,18254655,0,0.0
0,235,19,3.0528879769817956,EXECUTE,SUCCESS,18254656,0,0.0
0,236,20,3.0496208780764866,EXECUTE,SUCCESS,18254657,0,0.0
0,237,21,2.0,EXECUTE,CRASH,18254662,4,0.00025
0,234,18,3.003341888630064,EXECUTE,SUCCESS,18526663,0,0.0
0,235,19,3.0000208332609954,EXECUTE,SUCCESS,18526664,0,0.0
0,236,20,2.996696097371236,EXECUTE,SUCCESS,18526665,0,0.0
0,237,21,2.1900199770778332,CHECKPOINT,SUCCESS,18526921,0,0.0
0,237,21,2.185463337601433,EXECUTE,SUCCESS,18526922,0,0.0
0,238,22,2.1808971777688178,EXECUTE,SUCCESS,18526923,0,0.0
0,239,23,2.176321437655751,EXECUTE,SUCCESS,18526924,0,0.0
0,240,24,2.1717360567067066,EXECUTE,SUCCESS,18526925,0,0.0
0,241,25,2.1671409737255205,EXECUTE,SUCCESS,18526926,0,0.0
0,242,26,2.1625268784456755,EXECUTE,SUCCESS,18526927,0,0.0
0,243,27,2.1579029171860347,EXECUTE,SUCCESS,18526928,0,0.0
0,244,28,2.153278314570599,EXECUTE,SUCCESS,18526929,0,0.0
0,245,29,2.148643758281023,EXECUTE,SUCCESS,18526930,0,0.0
0,246,30,2.1439991837685017,EXECUTE,SUCCESS,18526931,0,0.0
0,247,31,2.13934452578354,EXECUTE,SUCCESS,18526932,0,0.0
0,248,35,2.021857438099927,EXECUTE,SUCCESS,18526937,0,0.0
0,249,36,2.0169110044818535,EXECUTE,SUCCESS,18526938,0,0.0
0,250,40,2.011962350542375,EXECUTE,SUCCESS,18526939,0,0.0
0,251,41,2.007001494767754,EXECUTE,SUCCESS,18526940,0,0.0
0,252,42,2.0000468744506965,EXECUTE,SUCCESS,18526943,0,0.0
0,253,44,2.0000156249389653,EXECUTE,SUCCESS,18526944,0,0.0
0,254,46,2.000031249755863,EXECUTE,SUCCESS,18526946,0,0.0
0,255,49,2.0000156249389653,EXECUTE,SUCCESS,18526947,0,0.0
0,256,51,2.0000156249389653,EXECUTE,SUCCESS,18526948,0,0.0
0,257,52,2.0000468744506965,EXECUTE,SUCCESS,18526951,0,0.0
0,258,54,2.0000468744506965,EXECUTE,SUCCESS,18526954,0,0.0
0,259,55,2.0000937478028376,EXECUTE,SUCCESS,18526960,0,0.0
0,260,56,2.0000337497152394,EXECUTE,SUCCESS,18526966,0,0.0
0,261,57,2.0,EXECUTE,CRASH,18527023,51,0.0031875
0,237,21,3.0232470127331643,EXECUTE,SUCCESS,18767024,0,0.0
0,238,22,3.019941224593618,EXECUTE,SUCCESS,18767025,0,0.0
0,239,23,3.016631813794982,EXECUTE,SUCCESS,18767026,0,0.0
0,240,24,3.0133187684013785,EXECUTE,SUCCESS,18767027,0,0.0
0,241,25,3.0100020764112445,EXECUTE,SUCCESS,18767028,0,0.0
0,242,26,3.0066883776008457,EXECUTE,SUCCESS,18767029,0,0.0
0,243,27,3.0033710227009927,EXECUTE,SUCCESS,18767030,0,0.0
0,244,28,3.000049999583341,EXECUTE,SUCCESS,18767031,0,0.0
0,245,29,2.996725296052343,EXECUTE,SUCCESS,18767032,0,0.0
0,246,30,2.9933968998447233,EXECUTE,SUCCESS,18767033,0,0.0
0,247,31,2.9900647986289526,EXECUTE,SUCCESS,18767034,0,0.0
0,248,35,2.9071979636756757,EXECUTE,SUCCESS,18767039,0,0.0
0,249,36,2.903766950015099,EXECUTE,SUCCESS,18767040,0,0.0
0,250,40,2.9003318775615994,EXECUTE,SUCCESS,18767041,0,0.0
0,251,41,2.89689273187669,EXECUTE,SUCCESS,18767042,0,0.0
0,252,42,2.8575645224561406,EXECUTE,SUCCESS,18767045,0,0.0
0,253,44,2.854073842772816,EXECUTE,SUCCESS,18767046,0,0.0
0,254,46,2.8418062038077103,EXECUTE,SUCCESS,18767048,0,0.0
0,255,49,2.8382961438158616,EXECUTE,SUCCESS,18767049,0,0.0
0,256,51,2.834781737629899,EXECUTE,SUCCESS,18767050,0,0.0
0,257,52,2.7945795748197955,EXECUTE,SUCCESS,18767053,0,0.0
0,258,54,2.7618585228066967,EXECUTE,SUCCESS,18767056,0,0.0
0,259,55,2.6625622058460885,EXECUTE,SUCCESS,18767062,0,0.0
0,260,56,2.559416437393491,EXECUTE,SUCCESS,18767068,0,0.0
0,261,57,2.0039960079800556,CHECKPOINT,SUCCESS,18767324,0,0.0
0,261,57,2.0000937478028376,EXECUTE,SUCCESS,18767330,0,0.0
0,262,58,2.0000937478028376,EXECUTE,SUCCESS,18767336,0,0.0
0,263,61,2.0000468744506965,EXECUTE,SUCCESS,18767339,0,0.0
0,264,62,2.0000468744506965,EXECUTE,SUCCESS,18767342,0,0.0
0,265,63,2.0000337497152394,EXECUTE,SUCCESS,18767348,0,0.0
0,266,64,2.0000937478028376,EXECUTE,SUCCESS,18767354,0,0.0
0,267,65,2.0000937478028376,EXECUTE,SUCCESS,18767360,0,0.0
0,268,66,2.0,EXECUTE,CRASH,18767408,42,0.002625
0,261,57,2.963338488934398,EXECUTE,SUCCESS,18975414,0,0.0
0,262,58,2.870977185558952,EXECUTE,SUCCESS,18975420,0,0.0
0,263,61,2.8391156193434606,EXECUTE,SUCCESS,18975423,0,0.0
0,264,62,2.806892409765647,EXECUTE,SUCCESS,18975426,0,0.0
0,265,63,2.7092028347836936,EXECUTE,SUCCESS,18975432,0,0.0
0,266,64,2.607856399420797,EXECUTE,SUCCESS,18975438,0,0.0
0,267,65,2.502408839498455,EXECUTE,SUCCESS,18975444,0,0.0
0,268,66,2.3923179136561274,EXECUTE,SUCCESS,18975450,0,0.0
0,269,68,2.3776522033300007,EXECUTE,SUCCESS,18975452,0,0.0
0,270,69,2.272518976818457,EXECUTE,SUCCESS,18975457,0,0.0
0,271,70,2.1507481256530268,EXECUTE,SUCCESS,18975463,0,0.0
0,272,71,2.033969026312841,EXECUTE,SUCCESS,18975468,0,0.0
0,273,72,2.000028124802249,EXECUTE,SUCCESS,18975473,0,0.0
0,274,73,2.0000781234741805,EXECUTE,SUCCESS,18975478,0,0.0
0,275,76,2.0000468744506965,EXECUTE,SUCCESS,18975481,0,0.0
0,276,77,2.0000937478028376,EXECUTE,SUCCESS,18975487,0,0.0
0,277,78,2.0000937478028376,EXECUTE,SUCCESS,18975493,0,0.0
0,278,79,2.0000937478028376,EXECUTE,SUCCESS,18975499,0,0.0
0,279,80,2.0000937478028376,EXECUTE,SUCCESS,18975505,0,0.0
0,280,84,2.0000156249389653,EXECUTE,SUCCESS,18975506,0,0.0
0,281,86,2.0000156249389653,EXECUTE,SUCCESS,18975507,0,0.0
0,282,87,2.0000468744506965,EXECUTE,SUCCESS,18975510,0,0.0
0,283,88,2.0000937478028376,EXECUTE,SUCCESS,18975516,0,0.0
0,284,92,2.0000156249389653,EXECUTE,SUCCESS,18975517,0,0.0
0,285,94,2.0000156249389653,EXECUTE,SUCCESS,18975518,0,0.0
0,286,95,2.0000468744506965,EXECUTE,SUCCESS,18975521,0,0.0
0,287,96,2.0000781234741805,EXECUTE,SUCCESS,18975526,0,0.0
0,288,100,2.0000156249389653,EXECUTE,SUCCESS,18975527,0,0.0
0,289,102,2.0000156249389653,EXECUTE,SUCCESS,18975528,0,0.0
0,290,105,2.0000112499683596,EXECUTE,SUCCESS,18975530,0,0.0
0,291,106,2.0000112499683596,EXECUTE,SUCCESS,18975532,0,0.0
0,292,107,2.0000112499683596,EXECUTE,SUCCESS,18975534,0,0.0
0,293,108,2.0000112499683596,EXECUTE,SUCCESS,18975536,0,0.0
0,294,109,2.0000112499683596,EXECUTE,SUCCESS,18975538,0,0.0
0,295,112,2.000031249755863,EXECUTE,SUCCESS,18975540,0,0.0
0,296,113,2.000031249755863,EXECUTE,SUCCESS,18975542,0,0.0
0,297,114,2.0000112499683596,EXECUTE,SUCCESS,18975544,0,0.0
0,298,115,2.0000112499683596,EXECUTE,SUCCESS,18975546,0,0.0
0,299,116,2.0000112499683596,EXECUTE,SUCCESS,18975548,0,0.0
0,300,117,2.000031249755863,EXECUTE,SUCCESS,18975550,0,0.0
0,301,120,2.000031249755863,EXECUTE,SUCCESS,18975552,0,0.0
0,302,121,2.000031249755863,EXECUTE,SUCCESS,18975554,0,0.0
0,303,122,2.0000112499683596,EXECUTE,SUCCESS,18975556,0,0.0
0,304,123,2.0000112499683596,EXECUTE,SUCCESS,18975558,0,0.0
0,305,124,2.0000112499683596,EXECUTE,SUCCESS,18975560,0,0.0
0,306,127,2.00000562499209,EXECUTE,SUCCESS,18975561,0,0.0
0,307,129,2.0000156249389653,EXECUTE,SUCCESS,18975562,0,0.0
0,308,130,2.0000156249389653,EXECUTE,SUCCESS,18975563,0,0.0
0,309,131,2.0000168749288094,EXECUTE,SUCCESS,18975566,0,0.0
0,310,132,2.0000168749288094,EXECUTE,SUCCESS,18975569,0,0.0
0,311,133,2.0,EXECUTE,CRASH,18975736,164,0.01025
0,261,57,2.915711748441537,EXECUTE,SUCCESS,19199742,0,0.0
0,262,58,2.821791983828717,EXECUTE,SUCCESS,19199748,0,0.0
0,263,61,2.789368656165765,EXECUTE,SUCCESS,19199751,0,0.0
0,264,62,2.7565857505254585,EXECUTE,SUCCESS,19199754,0,0.0
0,265,63,2.6570923958342147,EXECUTE,SUCCESS,19199760,0,0.0
0,266,64,2.5537257096250583,EXECUTE,SUCCESS,19199766,0,0.0
0,267,65,2.445945624906656,EXECUTE,SUCCESS,19199772,0,0.0
0,268,66,2.3331920195303284,EXECUTE,SUCCESS,19199778,0,0.0
0,269,68,2.3181695365093584,EXECUTE,SUCCESS,19199780,0,0.0
0,270,69,2.2102539446859977,EXECUTE,SUCCESS,19199785,0,0.0
0,271,70,2.084849514953061,EXECUTE,SUCCESS,19199791,0,0.0
0,272,71,2.0000781234741805,EXECUTE,SUCCESS,19199796,0,0.0
0,273,72,2.0000781234741805,EXECUTE,SUCCESS,19199801,0,0.0
0,274,73,2.0000781234741805,EXECUTE,SUCCESS,19199806,0,0.0
0,275,76,2.0000468744506965,EXECUTE,SUCCESS,19199809,0,0.0
0,276,77,2.0000937478028376,EXECUTE,SUCCESS,19199815,0,0.0
0,277,78,2.0000937478028376,EXECUTE,SUCCESS,19199821,0,0.0
0,278,79,2.0000337497152394,EXECUTE,SUCCESS,19199827,0,0.0
0,279,80,2.0000337497152394,EXECUTE,SUCCESS,19199833,0,0.0
0,280,84,2.00000562499209,EXECUTE,SUCCESS,19199834,0,0.0
0,281,86,2.00000562499209,EXECUTE,SUCCESS,19199835,0,0.0
0,282,87,2.0000168749288094,EXECUTE,SUCCESS,19199838,0,0.0
0,283,88,2.0000337497152394,EXECUTE,SUCCESS,19199844,0,0.0
0,284,92,2.00000562499209,EXECUTE,SUCCESS,19199845,0,0.0
0,285,94,2.00000562499209,EXECUTE,SUCCESS,19199846,0,0.0
0,286,95,2.0000468744506965,EXECUTE,SUCCESS,19199849,0,0.0
0,287,96,2.0000781234741805,EXECUTE,SUCCESS,19199854,0,0.0
0,288,100,2.0000156249389653,EXECUTE,SUCCESS,19199855,0,0.0
0,289,102,2.0000156249389653,EXECUTE,SUCCESS,19199856,0,0.0
0,290,105,2.000031249755863,EXECUTE,SUCCESS,19199858,0,0.0
0,291,106,2.0000112499683596,EXECUTE,SUCCESS,19199860,0,0.0
0,292,107,2.000031249755863,EXECUTE,SUCCESS,19199862,0,0.0
0,293,108,2.000031249755863,EXECUTE,SUCCESS,19199864,0,0.0
0,294,109,2.0000112499683596,EXECUTE,SUCCESS,19199866,0,0.0
0,295,112,2.0,EXECUTE,CRASH,19200000,132,0.00825
0,261,57,3.043250729072451,EXECUTE,SUCCESS,19344006,0,0.0
0,262,58,2.9534302090958584,EXECUTE,SUCCESS,19344012,0,0.0
0,263,61,2.9224882377864256,EXECUTE,SUCCESS,19344015,0,0.0
0,264,62,2.891194389867275,EXECUTE,SUCCESS,19344018,0,0.0
0,265,63,2.796451322658774,EXECUTE,SUCCESS,19344024,0,0.0
0,266,64,2.6983837755219344,EXECUTE,SUCCESS,19344030,0,0.0
0,267,65,2.596615104323321,EXECUTE,SUCCESS,19344036,0,0.0
0,268,66,2.4906916710022564,EXECUTE,SUCCESS,19344042,0,0.0
0,269,68,2.4766085681835173,EXECUTE,SUCCESS,19344044,0,0.0
0,270,69,2.3758582659746375,EXECUTE,SUCCESS,19344049,0,0.0
0,271,70,2.2596631386115966,EXECUTE,SUCCESS,19344055,0,0.0
0,272,71,2.148811299300153,EXECUTE,SUCCESS,19344060,0,0.0
0,273,72,2.0318716740975575,EXECUTE,SUCCESS,19344065,0,0.0
0,274,73,2.0,EXECUTE,CRASH,19344140,70,0.004375
0,261,57,2.9362178052726273,EXECUTE,SUCCESS,19488146,0,0.0
0,262,58,2.8430177628709967,EXECUTE,SUCCESS,19488152,0,0.0
0,263,61,2.810860633329231,EXECUTE,SUCCESS,19488155,0,0.0
0,264,62,2.7783313337325346,EXECUTE,SUCCESS,19488158,0,0.0
0,265,63,2.6796007165247597,EXECUTE,SUCCESS,19488164,0,0.0
0,266,64,2.577090413625414,EXECUTE,SUCCESS,19488170,0,0.0
0,267,65,2.4703299374779895,EXECUTE,SUCCESS,19488176,0,0.0
0,268,66,2.3587422495898123,EXECUTE,SUCCESS,19488182,0,0.0
0,269,68,2.3438664637730557,EXECUTE,SUCCESS,19488184,0,0.0
0,270,69,2.2371460613916136,EXECUTE,SUCCESS,19488189,0,0.0
0,271,70,2.113281216497229,EXECUTE,SUCCESS,19488195,0,0.0
0,272,71,2.0000781234741805,EXECUTE,SUCCESS,19488200,0,0.0
0,273,72,2.0000781234741805,EXECUTE,SUCCESS,19488205,0,0.0
0,274,73,2.0039960079800556,CHECKPOINT,SUCCESS,19488461,0,0.0
0,274,73,2.0000781234741805,EXECUTE,SUCCESS,19488466,0,0.0
0,275,76,2.0000468744506965,EXECUTE,SUCCESS,19488469,0,0.0
0,276,77,2.0000937478028376,EXECUTE,SUCCESS,19488475,0,0.0
0,277,78,2.0000937478028376,EXECUTE,SUCCESS,19488481,0,0.0
0,278,79,2.0000937478028376,EXECUTE,SUCCESS,19488487,0,0.0
0,279,80,2.0000937478028376,EXECUTE,SUCCESS,19488493,0,0.0
0,280,84,2.00000562499209,EXECUTE,SUCCESS,19488494,0,0.0
0,281,86,2.0000156249389653,EXECUTE,SUCCESS,19488495,0,0.0
0,282,87,2.0000468744506965,EXECUTE,SUCCESS,19488498,0,0.0
0,283,88,2.0000937478028376,EXECUTE,SUCCESS,19488504,0,0.0
0,284,92,2.0000156249389653,EXECUTE,SUCCESS,19488505,0,0.0
0,285,94,2.00000562499209,EXECUTE,SUCCESS,19488506,0,0.0
0,286,95,2.0000168749288094,EXECUTE,SUCCESS,19488509,0,0.0
0,287,96,2.000028124802249,EXECUTE,SUCCESS,19488514,0,0.0
0,288,100,2.00000562499209,EXECUTE,SUCCESS,19488515,0,0.0
0,289,102,2.00000562499209,EXECUTE,SUCCESS,19488516,0,0.0
0,290,105,2.000031249755863,EXECUTE,SUCCESS,19488518,0,0.0
0,291,106,2.000031249755863,EXECUTE,SUCCESS,19488520,0,0.0
0,292,107,2.0000112499683596,EXECUTE,SUCCESS,19488522,0,0.0
0,293,108,2.000031249755863,EXECUTE,SUCCESS,19488524,0,0.0
0,294,109,2.000031249755863,EXECUTE,SUCCESS,19488526,0,0.0
0,295,112,2.000031249755863,EXECUTE,SUCCESS,19488528,0,0.0
0,296,113,2.000031249755863,EXECUTE,SUCCESS,19488530,0,0.0
0,297,114,2.000031249755863,EXECUTE,SUCCESS,19488532,0,0.0
0,298,115,2.000031249755863,EXECUTE,SUCCESS,19488534,0,0.0
0,299,116,2.000031249755863,EXECUTE,SUCCESS,19488536,0,0.0
0,300,117,2.000031249755863,EXECUTE,SUCCESS,19488538,0,0.0
0,301,120,2.000031249755863,EXECUTE,SUCCESS,19488540,0,0.0
0,302,121,2.000031249755863,EXECUTE,SUCCESS,19488542,0,0.0
0,303,122,2.000031249755863,EXECUTE,SUCCESS,19488544,0,0.0
0,304,123,2.000031249755863,EXECUTE,SUCCESS,19488546,0,0.0
0,305,124,2.000031249755863,EXECUTE,SUCCESS,19488548,0,0.0
0,306,127,2.0000156249389653,EXECUTE,SUCCESS,19488549,0,0.0
0,307,129,2.0000156249389653,EXECUTE,SUCCESS,19488550,0,0.0
0,308,130,2.0000156249389653,EXECUTE,SUCCESS,19488551,0,0.0
0,309,131,2.0000468744506965,EXECUTE,SUCCESS,19488554,0,0.0
0,310,132,2.0000468744506965,EXECUTE,SUCCESS,19488557,0,0.0
0,311,133,2.0000468744506965,EXECUTE,SUCCESS,19488560,0,0.0
0,312,134,2.0000468744506965,EXECUTE,SUCCESS,19488563,0,0.0
0,313,135,2.0000468744506965,EXECUTE,SUCCESS,19488566,0,0.0
0,314,136,2.0000468744506965,EXECUTE,SUCCESS,19488569,0,0.0
0,315,138,2.0000468744506965,EXECUTE,SUCCESS,19488572,0,0.0
0,316,139,2.0000468744506965,EXECUTE,SUCCESS,19488575,0,0.0
0,317,140,2.0000168749288094,EXECUTE,SUCCESS,19488578,0,0.0
0,318,141,2.0000168749288094,EXECUTE,SUCCESS,19488581,0,0.0
0,319,145,2.00000562499209,EXECUTE,SUCCESS,19488582,0,0.0
0,320,147,2.0000112499683596,EXECUTE,SUCCESS,19488584,0,0.0
0,321,149,2.00000562499209,EXECUTE,SUCCESS,19488585,0,0.0
0,322,151,2.0000168749288094,EXECUTE,SUCCESS,19488588,0,0.0
0,323,152,2.00000562499209,EXECUTE,SUCCESS,19488589,0,0.0
0,324,153,2.00000562499209,EXECUTE,SUCCESS,19488590,0,0.0
0,325,154,2.00000562499209,EXECUTE,SUCCESS,19488591,0,0.0
0,326,155,2.00000562499209,EXECUTE,SUCCESS,19488592,0,0.0
0,327,158,2.00000562499209,EXECUTE,SUCCESS,19488593,0,0.0
0,328,159,2.00000562499209,EXECUTE,SUCCESS,19488594,0,0.0
0,329,160,2.00000562499209,EXECUTE,SUCCESS,19488595,0,0.0
0,330,163,2.00000562499209,EXECUTE,SUCCESS,19488596,0,0.0
0,331,165,2.00000562499209,EXECUTE,SUCCESS,19488597,0,0.0
0,332,167,2.0000168749288094,EXECUTE,SUCCESS,19488600,0,0.0
0,333,168,2.0000168749288094,EXECUTE,SUCCESS,19488603,0,0.0
0,334,169,2.0000168749288094,EXECUTE,SUCCESS,19488606,0,0.0
0,335,171,2.00000562499209,EXECUTE,SUCCESS,19488607,0,0.0
0,336,174,2.00000562499209,EXECUTE,SUCCESS,19488608,0,0.0
0,337,176,2.0000156249389653,EXECUTE,SUCCESS,19488609,0,0.0
0,338,182,2.0000168749288094,EXECUTE,SUCCESS,19488612,0,0.0
0,339,183,2.00000562499209,EXECUTE,SUCCESS,19488613,0,0.0
0,340,186,2.00000562499209,EXECUTE,SUCCESS,19488614,0,0.0
0,341,189,2.00000562499209,EXECUTE,SUCCESS,19488615,0,0.0
0,342,191,2.00000562499209,EXECUTE,SUCCESS,19488616,0,0.0
0,343,192,2.00000562499209,EXECUTE,SUCCESS,19488617,0,0.0
0,344,193,2.00000562499209,EXECUTE,SUCCESS,19488618,0,0.0
0,345,7,2.00000562499209,EXECUTE,SUCCESS,19488619,0,0.0
0,346,15,2.000028124802249,EXECUTE,SUCCESS,19488624,0,0.0
0,347,16,2.00000562499209,EXECUTE,SUCCESS,19488625,0,0.0
0,348,17,2.0000156249389653,EXECUTE,SUCCESS,19488626,0,0.0
0,349,18,2.0000156249389653,EXECUTE,SUCCESS,19488627,0,0.0
0,350,19,2.0000156249389653,EXECUTE,SUCCESS,19488628,0,0.0
0,351,20,2.0000156249389653,EXECUTE,SUCCESS,19488629,0,0.0
0,352,21,2.0000156249389653,EXECUTE,SUCCESS,19488630,0,0.0
0,353,22,2.00000562499209,EXECUTE,SUCCESS,19488631,0,0.0
0,354,23,2.00000562499209,EXECUTE,SUCCESS,19488632,0,0.0
0,355,24,2.00000562499209,EXECUTE,SUCCESS,19488633,0,0.0
0,356,25,2.00000562499209,EXECUTE,SUCCESS,19488634,0,0.0
0,357,26,2.00000562499209,EXECUTE,SUCCESS,19488635,0,0.0
0,358,27,2.00000562499209,EXECUTE,SUCCESS,19488636,0,0.0
0,359,28,2.00000562499209,EXECUTE,SUCCESS,19488637,0,0.0
0,360,29,2.0,EXECUTE,CRASH,19488815,177,0.0110625
0,274,73,2.9446752792116144,EXECUTE,SUCCESS,19696820,0,0.0
0,275,76,2.9136197418331715,EXECUTE,SUCCESS,19696823,0,0.0
0,276,77,2.8196302949145653,EXECUTE,SUCCESS,19696829,0,0.0
0,277,78,2.722397840140195,EXECUTE,SUCCESS,19696835,0,0.0
0,278,79,2.621561557545426,EXECUTE,SUCCESS,19696841,0,0.0
0,279,80,2.516688300127769,EXECUTE,SUCCESS,19696847,0,0.0
0,280,84,2.512716159855705,EXECUTE,SUCCESS,19696848,0,0.0
0,281,86,2.508745702537425,EXECUTE,SUCCESS,19696849,0,0.0
0,282,87,2.472244425618146,EXECUTE,SUCCESS,19696852,0,0.0
0,283,88,2.360798064214726,EXECUTE,SUCCESS,19696858,0,0.0
0,284,92,2.3565716623943342,EXECUTE,SUCCESS,19696859,0,0.0
0,285,94,2.3523291648916813,EXECUTE,SUCCESS,19696860,0,0.0
0,286,95,2.3133352545621215,EXECUTE,SUCCESS,19696863,0,0.0
0,287,96,2.2051377507992544,EXECUTE,SUCCESS,19696868,0,0.0
0,288,100,2.2006124147609443,EXECUTE,SUCCESS,19696869,0,0.0
0,289,102,2.1960686464680457,EXECUTE,SUCCESS,19696870,0,0.0
0,290,105,2.1658168205090647,EXECUTE,SUCCESS,19696872,0,0.0
0,291,106,2.135136412503893,EXECUTE,SUCCESS,19696874,0,0.0
0,292,107,2.104008673936492,EXECUTE,SUCCESS,19696876,0,0.0
0,293,108,2.072413448132393,EXECUTE,SUCCESS,19696878,0,0.0
0,294,109,2.0403486221722,EXECUTE,SUCCESS,19696880,0,0.0
0,295,112,2.007771774878807,EXECUTE,SUCCESS,19696882,0,0.0
0,296,113,2.000031249755863,EXECUTE,SUCCESS,19696884,0,0.0
0,297,114,2.0000112499683596,EXECUTE,SUCCESS,19696886,0,0.0
0,298,115,2.0000112499683596,EXECUTE,SUCCESS,19696888,0,0.0
0,299,116,2.0000112499683596,EXECUTE,SUCCESS,19696890,0,0.0
0,300,117,2.0000112499683596,EXECUTE,SUCCESS,19696892,0,0.0
0,301,120,2.0000112499683596,EXECUTE,SUCCESS,19696894,0,0.0
0,302,121,2.0000112499683596,EXECUTE,SUCCESS,19696896,0,0.0
0,303,122,2.0000112499683596,EXECUTE,SUCCESS,19696898,0,0.0
0,304,123,2.000031249755863,EXECUTE,SUCCESS,19696900,0,0.0
0,305,124,2.0000112499683596,EXECUTE,SUCCESS,19696902,0,0.0
0,306,127,2.00000562499209,EXECUTE,SUCCESS,19696903,0,0.0
0,307,129,2.00000562499209,EXECUTE,SUCCESS,19696904,0,0.0
0,308,130,2.0,EXECUTE,CRASH,19696995,90,0.005625
0,274,73,2.9582279323946623,EXECUTE,SUCCESS,19873000,0,0.0
0,275,76,2.9273366734969177,EXECUTE,SUCCESS,19873003,0,0.0
0,276,77,2.833844561721761,EXECUTE,SUCCESS,19873009,0,0.0
0,277,78,2.7371609379062827,EXECUTE,SUCCESS,19873015,0,0.0
0,278,79,2.6369347735581172,EXECUTE,SUCCESS,19873021,0,0.0
0,279,80,2.5326981659882017,EXECUTE,SUCCESS,19873027,0,0.0
0,280,84,2.5287590830286697,EXECUTE,SUCCESS,19873028,0,0.0
0,281,86,2.524805933136248,EXECUTE,SUCCESS,19873029,0,0.0
0,282,87,2.4885402347561114,EXECUTE,SUCCESS,19873032,0,0.0
0,283,88,2.3778577543663126,EXECUTE,SUCCESS,19873038,0,0.0
0,284,92,2.373661728216555,EXECUTE,SUCCESS,19873039,0,0.0
0,285,94,2.369458271419862,EXECUTE,SUCCESS,19873040,0,0.0
0,286,95,2.3307766945805857,EXECUTE,SUCCESS,19873043,0,0.0
0,287,96,2.2234730715706905,EXECUTE,SUCCESS,19873048,0,0.0
0,288,100,2.0,EXECUTE,CRASH,19873103,54,0.003375
0,274,73,2.9446752792116144,EXECUTE,SUCCESS,20017108,0,0.0
0,275,76,2.9136197418331715,EXECUTE,SUCCESS,20017111,0,0.0
0,276,77,2.8196302949145653,EXECUTE,SUCCESS,20017117,0,0.0
0,277,78,2.7224419185723687,EXECUTE,SUCCESS,20017123,0,0.0
0,278,79,2.6216531044362066,EXECUTE,SUCCESS,20017129,0,0.0
0,279,80,2.5167836617397215,EXECUTE,SUCCESS,20017135,0,0.0
0,280,84,2.512811672211031,EXECUTE,SUCCESS,20017136,0,0.0
0,281,86,2.5088333942292773,EXECUTE,SUCCESS,20017137,0,0.0
0,282,87,2.4723334119814817,EXECUTE,SUCCESS,20017140,0,0.0
0,283,88,2.360891251201545,EXECUTE,SUCCESS,20017146,0,0.0
0,284,92,2.3566650165010716,EXECUTE,SUCCESS,20017147,0,0.0
0,285,94,2.352431189216806,EXECUTE,SUCCESS,20017148,0,0.0
0,286,95,2.3134649338168054,EXECUTE,SUCCESS,20017151,0,0.0
0,287,96,2.2053191379027197,EXECUTE,SUCCESS,20017156,0,0.0
0,288,100,2.0,EXECUTE,CRASH,20017211,54,0.003375
0,274,73,2.917415380092455,EXECUTE,SUCCESS,20097216,0,0.0
0,275,76,2.886087316766421,EXECUTE,SUCCESS,20097219,0,0.0
0,276,77,2.791213893631228,EXECUTE,SUCCESS,20097225,0,0.0
0,277,78,2.693000185666537,EXECUTE,SUCCESS,20097231,0,0.0
0,278,79,2.5910663827852813,EXECUTE,SUCCESS,20097237,0,0.0
0,279,80,2.4849547279578363,EXECUTE,SUCCESS,20097243,0,0.0
0,280,84,2.4809398420759825,EXECUTE,SUCCESS,20097244,0,0.0
0,281,86,2.4769184483951023,EXECUTE,SUCCESS,20097245,0,0.0
0,282,87,2.4399164944727105,EXECUTE,SUCCESS,20097248,0,0.0
0,283,88,2.3269223235853835,EXECUTE,SUCCESS,20097254,0,0.0
0,284,92,2.322634280294683,EXECUTE,SUCCESS,20097255,0,0.0
0,285,94,2.3183383057698888,EXECUTE,SUCCESS,20097256,0,0.0
0,286,95,2.278762822234907,EXECUTE,SUCCESS,20097259,0,0.0
0,287,96,2.1688412804997963,EXECUTE,SUCCESS,20097264,0,0.0
0,288,100,2.0014394819729127,CHECKPOINT,SUCCESS,20097520,0,0.0
0,288,100,2.0000156249389653,EXECUTE,SUCCESS,20097521,0,0.0
0,289,102,2.00000562499209,EXECUTE,SUCCESS,20097522,0,0.0
0,290,105,2.000031249755863,EXECUTE,SUCCESS,20097524,0,0.0
0,291,106,2.000031249755863,EXECUTE,SUCCESS,20097526,0,0.0
0,292,107,2.000031249755863,EXECUTE,SUCCESS,20097528,0,0.0
0,293,108,2.000031249755863,EXECUTE,SUCCESS,20097530,0,0.0
0,294,109,2.000031249755863,EXECUTE,SUCCESS,20097532,0,0.0
0,295,112,2.000031249755863,EXECUTE,SUCCESS,20097534,0,0.0
0,296,113,2.000031249755863,EXECUTE,SUCCESS,20097536,0,0.0
0,297,114,2.0,EXECUTE,CRASH,20097556,18,0.001125
0,288,100,3.009993770757674,EXECUTE,SUCCESS,20209557,0,0.0
0,289,102,3.006680062793512,EXECUTE,SUCCESS,20209558,0,0.0
0,290,105,2.984669160895391,EXECUTE,SUCCESS,20209560,0,0.0
0,291,106,2.962494725733701,EXECUTE,SUCCESS,20209562,0,0.0
0,292,107,2.9401530572403876,EXECUTE,SUCCESS,20209564,0,0.0
0,293,108,2.9176266039368364,EXECUTE,SUCCESS,20209566,0,0.0
0,294,109,2.8949248694914345,EXECUTE,SUCCESS,20209568,0,0.0
0,295,112,2.872043697439159,EXECUTE,SUCCESS,20209570,0,0.0
0,296,113,2.8489787643996216,EXECUTE,SUCCESS,20209572,0,0.0
0,297,114,2.825725570539361,EXECUTE,SUCCESS,20209574,0,0.0
0,298,115,2.8022794293217794,EXECUTE,SUCCESS,20209576,0,0.0
0,299,116,2.0,EXECUTE,CRASH,20209600,22,0.001375
0,288,100,3.140073645633172,EXECUTE,SUCCESS,20385601,0,0.0
0,289,102,3.136897352480632,EXECUTE,SUCCESS,20385602,0,0.0
0,290,105,3.1158064766605773,EXECUTE,SUCCESS,20385604,0,0.0
0,291,106,3.0945718605325685,EXECUTE,SUCCESS,20385606,0,0.0
0,292,107,3.07319052452008,EXECUTE,SUCCESS,20385608,0,0.0
0,293,108,3.051646277011804,EXECUTE,SUCCESS,20385610,0,0.0
0,294,109,3.0299488444526594,EXECUTE,SUCCESS,20385612,0,0.0
0,295,112,3.0080949120664404,EXECUTE,SUCCESS,20385614,0,0.0
0,296,113,2.0,EXECUTE,CRASH,20385632,16,0.001
0,288,100,3.0232470127331643,EXECUTE,SUCCESS,20529633,0,0.0
0,289,102,3.019941224593618,EXECUTE,SUCCESS,20529634,0,0.0
0,290,105,2.9980143428609547,EXECUTE,SUCCESS,20529636,0,0.0
0,291,106,2.9759259063357075,EXECUTE,SUCCESS,20529638,0,0.0
0,292,107,2.9536858329890134,EXECUTE,SUCCESS,20529640,0,0.0
0,293,108,2.93127702546177,EXECUTE,SUCCESS,20529642,0,0.0
0,294,109,2.9086955839344903,EXECUTE,SUCCESS,20529644,0,0.0
0,295,112,2.8859374560097466,EXECUTE,SUCCESS,20529646,0,0.0
0,296,113,2.8629844568212395,EXECUTE,SUCCESS,20529648,0,0.0
0,297,114,2.8398459465259744,EXECUTE,SUCCESS,20529650,0,0.0
0,298,115,2.816531554944842,EXECUTE,SUCCESS,20529652,0,0.0
0,299,116,2.0014394819729127,CHECKPOINT,SUCCESS,20529908,0,0.0
0,299,116,2.0000112499683596,EXECUTE,SUCCESS,20529910,0,0.0
0,300,117,2.0000112499683596,EXECUTE,SUCCESS,20529912,0,0.0
0,301,120,2.0000112499683596,EXECUTE,SUCCESS,20529914,0,0.0
0,302,121,2.0000112499683596,EXECUTE,SUCCESS,20529916,0,0.0
0,303,122,2.000031249755863,EXECUTE,SUCCESS,20529918,0,0.0
0,304,123,2.000031249755863,EXECUTE,SUCCESS,20529920,0,0.0
0,305,124,2.0000112499683596,EXECUTE,SUCCESS,20529922,0,0.0
0,306,127,2.00000562499209,EXECUTE,SUCCESS,20529923,0,0.0
0,307,129,2.00000562499209,EXECUTE,SUCCESS,20529924,0,0.0
0,308,130,2.00000562499209,EXECUTE,SUCCESS,20529925,0,0.0
0,309,131,2.0000168749288094,EXECUTE,SUCCESS,20529928,0,0.0
0,310,132,2.0000168749288094,EXECUTE,SUCCESS,20529931,0,0.0
0,311,133,2.0000168749288094,EXECUTE,SUCCESS,20529934,0,0.0
0,312,134,2.0000168749288094,EXECUTE,SUCCESS,20529937,0,0.0
0,313,135,2.0000468744506965,EXECUTE,SUCCESS,20529940,0,0.0
0,314,136,2.0000168749288094,EXECUTE,SUCCESS,20529943,0,0.0
0,315,138,2.0000168749288094,EXECUTE,SUCCESS,20529946,0,0.0
0,316,139,2.0000168749288094,EXECUTE,SUCCESS,20529949,0,0.0
0,317,140,2.0000468744506965,EXECUTE,SUCCESS,20529952,0,0.0
0,318,141,2.0000468744506965,EXECUTE,SUCCESS,20529955,0,0.0
0,319,145,2.00000562499209,EXECUTE,SUCCESS,20529956,0,0.0
0,320,147,2.0000112499683596,EXECUTE,SUCCESS,20529958,0,0.0
0,321,149,2.00000562499209,EXECUTE,SUCCESS,20529959,0,0.0
0,322,151,2.0000168749288094,EXECUTE,SUCCESS,20529962,0,0.0
0,323,152,2.0000156249389653,EXECUTE,SUCCESS,20529963,0,0.0
0,324,153,2.0000156249389653,EXECUTE,SUCCESS,20529964,0,0.0
0,325,154,2.0000156249389653,EXECUTE,SUCCESS,20529965,0,0.0
0,326,155,2.00000562499209,EXECUTE,SUCCESS,20529966,0,0.0
0,327,158,2.00000562499209,EXECUTE,SUCCESS,20529967,0,0.0
0,328,159,2.00000562499209,EXECUTE,SUCCESS,20529968,0,0.0
0,329,160,2.00000562499209,EXECUTE,SUCCESS,20529969,0,0.0
0,330,163,2.00000562499209,EXECUTE,SUCCESS,20529970,0,0.0
0,331,165,2.00000562499209,EXECUTE,SUCCESS,20529971,0,0.0
0,332,167,2.0000168749288094,EXECUTE,SUCCESS,20529974,0,0.0
0,333,168,2.0000168749288094,EXECUTE,SUCCESS,20529977,0,0.0
0,334,169,2.0000168749288094,EXECUTE,SUCCESS,20529980,0,0.0
0,335,171,2.00000562499209,EXECUTE,SUCCESS,20529981,0,0.0
0,336,174,2.00000562499209,EXECUTE,SUCCESS,20529982,0,0.0
0,337,176,2.0000156249389653,EXECUTE,SUCCESS,20529983,0,0.0
0,338,182,2.0000468744506965,EXECUTE,SUCCESS,20529986,0,0.0
0,339,183,2.0000156249389653,EXECUTE,SUCCESS,20529987,0,0.0
0,340,186,2.0000156249389653,EXECUTE,SUCCESS,20529988,0,0.0
0,341,189,2.0000156249389653,EXECUTE,SUCCESS,20529989,0,0.0
0,342,191,2.0000156249389653,EXECUTE,SUCCESS,20529990,0,0.0
0,343,192,2.0000156249389653,EXECUTE,SUCCESS,20529991,0,0.0
0,344,193,2.0000156249389653,EXECUTE,SUCCESS,20529992,0,0.0
0,345,7,2.0000156249389653,EXECUTE,SUCCESS,20529993,0,0.0
0,346,15,2.0000781234741805,EXECUTE,SUCCESS,20529998,0,0.0
0,347,16,2.0000156249389653,EXECUTE,SUCCESS,20529999,0,0.0
0,348,17,2.0000156249389653,EXECUTE,SUCCESS,20530000,0,0.0
0,349,18,2.0000156249389653,EXECUTE,SUCCESS,20530001,0,0.0
0,350,19,2.0000156249389653,EXECUTE,SUCCESS,20530002,0,0.0
0,351,20,2.0000156249389653,EXECUTE,SUCCESS,20530003,0,0.0
0,352,21,2.0000156249389653,EXECUTE,SUCCESS,20530004,0,0.0
0,353,22,2.0000156249389653,EXECUTE,SUCCESS,20530005,0,0.0
0,354,23,2.0000156249389653,EXECUTE,SUCCESS,20530006,0,0.0
0,355,24,2.00000562499209,EXECUTE,SUCCESS,20530007,0,0.0
0,356,25,2.0,EXECUTE,CRASH,20530108,100,0.00625
0,299,116,3.134984050996113,EXECUTE,SUCCESS,20738110,0,0.0
0,300,117,3.113880216064838,EXECUTE,SUCCESS,20738112,0,0.0
0,301,120,3.0926194398923386,EXECUTE,SUCCESS,20738114,0,0.0
0,302,121,3.0712114873450185,EXECUTE,SUCCESS,20738116,0,0.0
0,303,122,3.0496532589787977,EXECUTE,SUCCESS,20738118,0,0.0
0,304,123,3.0279415450104055,EXECUTE,SUCCESS,20738120,0,0.0
0,305,124,3.0060730197385426,EXECUTE,SUCCESS,20738122,0,0.0
0,306,127,3.0027483244521176,EXECUTE,SUCCESS,20738123,0,0.0
0,307,129,2.9994199439224913,EXECUTE,SUCCESS,20738124,0,0.0
0,308,130,2.996087865867755,EXECUTE,SUCCESS,20738125,0,0.0
0,309,131,2.965570771369316,EXECUTE,SUCCESS,20738128,0,0.0
0,310,132,2.9347363595389617,EXECUTE,SUCCESS,20738131,0,0.0
0,311,133,2.903574521172136,EXECUTE,SUCCESS,20738134,0,0.0
0,312,134,2.8720745986133434,EXECUTE,SUCCESS,20738137,0,0.0
0,313,135,2.840225343172615,EXECUTE,SUCCESS,20738140,0,0.0
0,314,136,2.808036235521187,EXECUTE,SUCCESS,20738143,0,0.0
0,315,138,2.7754522154056267,EXECUTE,SUCCESS,20738146,0,0.0
0,316,139,2.7424810847114336,EXECUTE,SUCCESS,20738149,0,0.0
0,317,140,2.7091087095205317,EXECUTE,SUCCESS,20738152,0,0.0
0,318,141,2.6753200743088668,EXECUTE,SUCCESS,20738155,0,0.0
0,319,145,2.6715837999209384,EXECUTE,SUCCESS,20738156,0,0.0
0,320,147,2.6467725629528505,EXECUTE,SUCCESS,20738158,0,0.0
0,321,149,2.642995932649159,EXECUTE,SUCCESS,20738159,0,0.0
0,322,151,2.608351011654681,EXECUTE,SUCCESS,20738162,0,0.0
0,323,152,2.6045186695433764,EXECUTE,SUCCESS,20738163,0,0.0
0,324,153,2.6006806801297233,EXECUTE,SUCCESS,20738164,0,0.0
0,325,154,2.5968370183744685,EXECUTE,SUCCESS,20738165,0,0.0
0,326,155,2.5929876590527767,EXECUTE,SUCCESS,20738166,0,0.0
0,327,158,2.589132576752299,EXECUTE,SUCCESS,20738167,0,0.0
0,328,159,2.5852717458712147,EXECUTE,SUCCESS,20738168,0,0.0
0,329,160,2.5814051406162495,EXECUTE,SUCCESS,20738169,0,0.0
0,330,163,2.577532735000663,EXECUTE,SUCCESS,20738170,0,0.0
0,331,165,2.573654502842213,EXECUTE,SUCCESS,20738171,0,0.0
0,332,167,2.53808687794567,EXECUTE,SUCCESS,20738174,0,0.0
0,333,168,2.5019897082122458,EXECUTE,SUCCESS,20738177,0,0.0
0,334,169,2.4653884075333847,EXECUTE,SUCCESS,20738180,0,0.0
0,335,171,2.461341605710186,EXECUTE,SUCCESS,20738181,0,0.0
0,336,174,2.4572881393926918,EXECUTE,SUCCESS,20738182,0,0.0
0,337,176,2.4532279755456883,EXECUTE,SUCCESS,20738183,0,0.0
0,338,182,2.4158880354850876,EXECUTE,SUCCESS,20738186,0,0.0
0,339,183,2.0,EXECUTE,CRASH,20738266,79,0.0049375
0,299,116,2.9779397240374097,EXECUTE,SUCCESS,20818268,0,0.0
0,300,117,2.955714803562753,EXECUTE,SUCCESS,20818270,0,0.0
0,301,120,2.9333214961882383,EXECUTE,SUCCESS,20818272,0,0.0
0,302,121,2.910755915565578,EXECUTE,SUCCESS,20818274,0,0.0
0,303,122,2.88800017313019,EXECUTE,SUCCESS,20818276,0,0.0
0,304,123,2.8650636991173526,EXECUTE,SUCCESS,20818278,0,0.0
0,305,124,2.841942117637164,EXECUTE,SUCCESS,20818280,0,0.0
0,306,127,2.838425179567009,EXECUTE,SUCCESS,20818281,0,0.0
0,307,129,2.8349038784410325,EXECUTE,SUCCESS,20818282,0,0.0
0,308,130,2.8313781979806247,EXECUTE,SUCCESS,20818283,0,0.0
0,309,131,2.799065915622569,EXECUTE,SUCCESS,20818286,0,0.0
0,310,132,2.766397928715247,EXECUTE,SUCCESS,20818289,0,0.0
0,311,133,2.733339532513297,EXECUTE,SUCCESS,20818292,0,0.0
0,312,134,2.6998763860591852,EXECUTE,SUCCESS,20818295,0,0.0
0,313,135,2.665970742525132,EXECUTE,SUCCESS,20818298,0,0.0
0,314,136,2.631628298221465,EXECUTE,SUCCESS,20818301,0,0.0
0,315,138,2.596831723466117,EXECUTE,SUCCESS,20818304,0,0.0
0,316,139,2.5615625114371117,EXECUTE,SUCCESS,20818307,0,0.0
0,317,140,2.525800863092735,EXECUTE,SUCCESS,20818310,0,0.0
0,318,141,2.489549658070713,EXECUTE,SUCCESS,20818313,0,0.0
0,319,145,2.485542194371281,EXECUTE,SUCCESS,20818314,0,0.0
0,320,147,2.4588706757371366,EXECUTE,SUCCESS,20818316,0,0.0
0,321,149,2.4548131293440654,EXECUTE,SUCCESS,20818317,0,0.0
0,322,151,2.4174976732150135,EXECUTE,SUCCESS,20818320,0,0.0
0,323,152,2.4133622811339377,EXECUTE,SUCCESS,20818321,0,0.0
0,324,153,2.40921979072064,EXECUTE,SUCCESS,20818322,0,0.0
0,325,154,2.405070165296639,EXECUTE,SUCCESS,20818323,0,0.0
0,326,155,2.400913367866488,EXECUTE,SUCCESS,20818324,0,0.0
0,327,158,2.3967493611139234,EXECUTE,SUCCESS,20818325,0,0.0
0,328,159,2.392578107397959,EXECUTE,SUCCESS,20818326,0,0.0
0,329,160,2.3883995687489143,EXECUTE,SUCCESS,20818327,0,0.0
0,330,163,2.3842137068643825,EXECUTE,SUCCESS,20818328,0,0.0
0,331,165,2.380020483105135,EXECUTE,SUCCESS,20818329,0,0.0
0,332,167,2.341487774898686,EXECUTE,SUCCESS,20818332,0,0.0
0,333,168,2.302310252767858,EXECUTE,SUCCESS,20818335,0,0.0
0,334,169,2.262454419430367,EXECUTE,SUCCESS,20818338,0,0.0
0,335,171,2.2580350971585887,EXECUTE,SUCCESS,20818339,0,0.0
0,336,174,2.253607108614986,EXECUTE,SUCCESS,20818340,0,0.0
0,337,176,2.24917040261515,EXECUTE,SUCCESS,20818341,0,0.0
0,338,182,2.208382892525659,EXECUTE,SUCCESS,20818344,0,0.0
0,339,183,2.2038551449675627,EXECUTE,SUCCESS,20818345,0,0.0
0,340,186,2.1993180761317803,EXECUTE,SUCCESS,20818346,0,0.0
0,341,189,2.194771628211007,EXECUTE,SUCCESS,20818347,0,0.0
0,342,191,2.1902157427979545,EXECUTE,SUCCESS,20818348,0,0.0
0,343,192,2.1856503608765965,EXECUTE,SUCCESS,20818349,0,0.0
0,344,193,2.18107542281325,EXECUTE,SUCCESS,20818350,0,0.0
0,345,7,2.176490868347487,EXECUTE,SUCCESS,20818351,0,0.0
0,346,15,2.061170783802254,EXECUTE,SUCCESS,20818356,0,0.0
0,347,16,2.056328645912418,EXECUTE,SUCCESS,20818357,0,0.0
0,348,17,2.0514750790589678,EXECUTE,SUCCESS,20818358,0,0.0
0,349,18,2.0466100019300204,EXECUTE,SUCCESS,20818359,0,0.0
0,350,19,2.041733332244933,EXECUTE,SUCCESS,20818360,0,0.0
0,351,20,2.0368449867380676,EXECUTE,SUCCESS,20818361,0,0.0
0,352,21,2.031944881142202,EXECUTE,SUCCESS,20818362,0,0.0
0,353,22,2.027032930171584,EXECUTE,SUCCESS,20818363,0,0.0
0,354,23,2.0220991568169935,EXECUTE,SUCCESS,20818364,0,0.0
0,355,24,2.017153315938081,EXECUTE,SUCCESS,20818365,0,0.0
0,356,25,2.0121953185513566,EXECUTE,SUCCESS,20818366,0,0.0
0,357,26,2.0072250745743476,EXECUTE,SUCCESS,20818367,0,0.0
0,358,27,2.00225248158168,EXECUTE,SUCCESS,20818368,0,0.0
0,359,28,2.0000156249389653,EXECUTE,SUCCESS,20818369,0,0.0
0,360,29,2.0000156249389653,EXECUTE,SUCCESS,20818370,0,0.0
0,361,30,2.00000562499209,EXECUTE,SUCCESS,20818371,0,0.0
0,362,31,2.00000562499209,EXECUTE,SUCCESS,20818372,0,0.0
0,363,35,2.000028124802249,EXECUTE,SUCCESS,20818377,0,0.0
0,364,36,2.00000562499209,EXECUTE,SUCCESS,20818378,0,0.0
0,365,40,2.0000156249389653,EXECUTE,SUCCESS,20818379,0,0.0
0,366,41,2.0000156249389653,EXECUTE,SUCCESS,20818380,0,0.0
0,367,42,2.0000468744506965,EXECUTE,SUCCESS,20818383,0,0.0
0,368,44,2.0000156249389653,EXECUTE,SUCCESS,20818384,0,0.0
0,369,46,2.000031249755863,EXECUTE,SUCCESS,20818386,0,0.0
0,370,49,2.0000156249389653,EXECUTE,SUCCESS,20818387,0,0.0
0,371,51,2.00000562499209,EXECUTE,SUCCESS,20818388,0,0.0
0,372,52,2.0000168749288094,EXECUTE,SUCCESS,20818391,0,0.0
0,373,54,2.0000468744506965,EXECUTE,SUCCESS,20818394,0,0.0
0,374,55,2.0000937478028376,EXECUTE,SUCCESS,20818400,0,0.0
0,375,56,2.0000937478028376,EXECUTE,SUCCESS,20818406,0,0.0
0,376,57,2.0000937478028376,EXECUTE,SUCCESS,20818412,0,0.0
0,377,58,2.0000937478028376,EXECUTE,SUCCESS,20818418,0,0.0
0,378,61,2.0000468744506965,EXECUTE,SUCCESS,20818421,0,0.0
0,379,62,2.0000468744506965,EXECUTE,SUCCESS,20818424,0,0.0
0,380,63,2.0000937478028376,EXECUTE,SUCCESS,20818430,0,0.0
0,381,64,2.0000937478028376,EXECUTE,SUCCESS,20818436,0,0.0
0,382,65,2.0000937478028376,EXECUTE,SUCCESS,20818442,0,0.0
0,383,66,2.0000937478028376,EXECUTE,SUCCESS,20818448,0,0.0
0,384,68,2.000031249755863,EXECUTE,SUCCESS,20818450,0,0.0
0,385,69,2.0000781234741805,EXECUTE,SUCCESS,20818455,0,0.0
0,386,70,2.0000937478028376,EXECUTE,SUCCESS,20818461,0,0.0
0,387,71,2.0000781234741805,EXECUTE,SUCCESS,20818466,0,0.0
0,388,72,2.000028124802249,EXECUTE,SUCCESS,20818471,0,0.0
0,389,73,2.000028124802249,EXECUTE,SUCCESS,20818476,0,0.0
0,390,76,2.0000168749288094,EXECUTE,SUCCESS,20818479,0,0.0
0,391,77,2.0000337497152394,EXECUTE,SUCCESS,20818485,0,0.0
0,392,78,2.0000337497152394,EXECUTE,SUCCESS,20818491,0,0.0
0,393,79,2.0000337497152394,EXECUTE,SUCCESS,20818497,0,0.0
0,394,80,2.0000337497152394,EXECUTE,SUCCESS,20818503,0,0.0
0,395,84,2.00000562499209,EXECUTE,SUCCESS,20818504,0,0.0
0,396,86,2.00000562499209,EXECUTE,SUCCESS,20818505,0,0.0
0,397,87,2.0000168749288094,EXECUTE,SUCCESS,20818508,0,0.0
0,398,88,2.0000937478028376,EXECUTE,SUCCESS,20818514,0,0.0
0,399,92,2.0000156249389653,EXECUTE,SUCCESS,20818515,0,0.0
0,400,94,2.0000156249389653,EXECUTE,SUCCESS,20818516,0,0.0
0,401,95,2.0000468744506965,EXECUTE,SUCCESS,20818519,0,0.0
0,402,96,2.0000781234741805,EXECUTE,SUCCESS,20818524,0,0.0
0,403,100,2.0000156249389653,EXECUTE,SUCCESS,20818525,0,0.0
0,404,102,2.0000156249389653,EXECUTE,SUCCESS,20818526,0,0.0
0,405,105,2.000031249755863,EXECUTE,SUCCESS,20818528,0,0.0
0,406,106,2.000031249755863,EXECUTE,SUCCESS,20818530,0,0.0
0,407,107,2.000031249755863,EXECUTE,SUCCESS,20818532,0,0.0
0,408,108,2.000031249755863,EXECUTE,SUCCESS,20818534,0,0.0
0,409,109,2.0000112499683596,EXECUTE,SUCCESS,20818536,0,0.0
0,410,112,2.0000112499683596,EXECUTE,SUCCESS,20818538,0,0.0
0,411,113,2.0000112499683596,EXECUTE,SUCCESS,20818540,0,0.0
0,412,114,2.0000112499683596,EXECUTE,SUCCESS,20818542,0,0.0
0,413,115,2.0000112499683596,EXECUTE,SUCCESS,20818544,0,0.0
0,414,116,2.0,EXECUTE,CRASH,20818826,280,0.0175
0,299,116,3.0640047323723247,EXECUTE,SUCCESS,21074828,0,0.0
0,300,117,3.04240858531526,EXECUTE,SUCCESS,21074830,0,0.0
0,301,120,3.0206580408910906,EXECUTE,SUCCESS,21074832,0,0.0
0,302,121,2.99874973947477,EXECUTE,SUCCESS,21074834,0,0.0
0,303,122,2.976680197804259,EXECUTE,SUCCESS,21074836,0,0.0
0,304,123,2.9544458025152545,EXECUTE,SUCCESS,21074838,0,0.0
0,305,124,2.932042803234633,EXECUTE,SUCCESS,21074840,0,0.0
0,306,127,2.9286408963886315,EXECUTE,SUCCESS,21074841,0,0.0
0,307,129,2.9252350332921977,EXECUTE,SUCCESS,21074842,0,0.0
0,308,130,2.9218183550659007,EXECUTE,SUCCESS,21074843,0,0.0
0,309,131,2.8905172547487075,EXECUTE,SUCCESS,21074846,0,0.0
0,310,132,2.858873466944629,EXECUTE,SUCCESS,21074849,0,0.0
0,311,133,2.0,EXECUTE,CRASH,21074878,26,0.001625
0,299,116,3.004670531023327,EXECUTE,SUCCESS,21218880,0,0.0
0,300,117,2.9826313885560856,EXECUTE,SUCCESS,21218882,0,0.0
0,301,120,2.9604281784904027,EXECUTE,SUCCESS,21218884,0,0.0
0,302,121,2.938057181199849,EXECUTE,SUCCESS,21218886,0,0.0
0,303,122,2.9155282540219023,EXECUTE,SUCCESS,21218888,0,0.0
0,304,123,2.8928238798793133,EXECUTE,SUCCESS,21218890,0,0.0
0,305,124,2.869939894841006,EXECUTE,SUCCESS,21218892,0,0.0
0,306,127,2.8664642854917983,EXECUTE,SUCCESS,21218893,0,0.0
0,307,129,2.862984456821239,EXECUTE,SUCCESS,21218894,0,0.0
0,308,130,2.8595003934253973,EXECUTE,SUCCESS,21218895,0,0.0
0,309,131,2.8275307248551695,EXECUTE,SUCCESS,21218898,0,0.0
0,310,132,2.7951954314501877,EXECUTE,SUCCESS,21218901,0,0.0
0,311,133,2.0039960079800556,CHECKPOINT,SUCCESS,21219157,0,0.0
0,311,133,2.0000468744506965,EXECUTE,SUCCESS,21219160,0,0.0
0,312,134,2.0000468744506965,EXECUTE,SUCCESS,21219163,0,0.0
0,313,135,2.0000468744506965,EXECUTE,SUCCESS,21219166,0,0.0
0,314,136,2.0000468744506965,EXECUTE,SUCCESS,21219169,0,0.0
0,315,138,2.0000468744506965,EXECUTE,SUCCESS,21219172,0,0.0
0,316,139,2.0000468744506965,EXECUTE,SUCCESS,21219175,0,0.0
0,317,140,2.0000168749288094,EXECUTE,SUCCESS,21219178,0,0.0
0,318,141,2.0000168749288094,EXECUTE,SUCCESS,21219181,0,0.0
0,319,145,2.00000562499209,EXECUTE,SUCCESS,21219182,0,0.0
0,320,147,2.0000112499683596,EXECUTE,SUCCESS,21219184,0,0.0
0,321,149,2.00000562499209,EXECUTE,SUCCESS,21219185,0,0.0
0,322,151,2.0000168749288094,EXECUTE,SUCCESS,21219188,0,0.0
0,323,152,2.00000562499209,EXECUTE,SUCCESS,21219189,0,0.0
0,324,153,2.00000562499209,EXECUTE,SUCCESS,21219190,0,0.0
0,325,154,2.00000562499209,EXECUTE,SUCCESS,21219191,0,0.0
0,326,155,2.00000562499209,EXECUTE,SUCCESS,21219192,0,0.0
0,327,158,2.00000562499209,EXECUTE,SUCCESS,21219193,0,0.0
0,328,159,2.00000562499209,EXECUTE,SUCCESS,21219194,0,0.0
0,329,160,2.00000562499209,EXECUTE,SUCCESS,21219195,0,0.0
0,330,163,2.00000562499209,EXECUTE,SUCCESS,21219196,0,0.0
0,331,165,2.0000156249389653,EXECUTE,SUCCESS,21219197,0,0.0
0,332,167,2.0000468744506965,EXECUTE,SUCCESS,21219200,0,0.0
0,333,168,2.0000468744506965,EXECUTE,SUCCESS,21219203,0,0.0
0,334,169,2.0000468744506965,EXECUTE,SUCCESS,21219206,0,0.0
0,335,171,2.0000156249389653,EXECUTE,SUCCESS,21219207,0,0.0
0,336,174,2.0000156249389653,EXECUTE,SUCCESS,21219208,0,0.0
0,337,176,2.0000156249389653,EXECUTE,SUCCESS,21219209,0,0.0
0,338,182,2.0000168749288094,EXECUTE,SUCCESS,21219212,0,0.0
0,339,183,2.00000562499209,EXECUTE,SUCCESS,21219213,0,0.0
0,340,186,2.00000562499209,EXECUTE,SUCCESS,21219214,0,0.0
0,341,189,2.00000562499209,EXECUTE,SUCCESS,21219215,0,0.0
0,342,191,2.00000562499209,EXECUTE,SUCCESS,21219216,0,0.0
0,343,192,2.00000562499209,EXECUTE,SUCCESS,21219217,0,0.0
0,344,193,2.00000562499209,EXECUTE,SUCCESS,21219218,0,0.0
0,345,7,2.00000562499209,EXECUTE,SUCCESS,21219219,0,0.0
0,346,15,2.000028124802249,EXECUTE,SUCCESS,21219224,0,0.0
0,347,16,2.00000562499209,EXECUTE,SUCCESS,21219225,0,0.0
0,348,17,2.00000562499209,EXECUTE,SUCCESS,21219226,0,0.0
0,349,18,2.00000562499209,EXECUTE,SUCCESS,21219227,0,0.0
0,350,19,2.00000562499209,EXECUTE,SUCCESS,21219228,0,0.0
0,351,20,2.00000562499209,EXECUTE,SUCCESS,21219229,0,0.0
0,352,21,2.00000562499209,EXECUTE,SUCCESS,21219230,0,0.0
0,353,22,2.00000562499209,EXECUTE,SUCCESS,21219231,0,0.0
0,354,23,2.0000156249389653,EXECUTE,SUCCESS,21219232,0,0.0
0,355,24,2.0000156249389653,EXECUTE,SUCCESS,21219233,0,0.0
0,356,25,2.0000156249389653,EXECUTE,SUCCESS,21219234,0,0.0
0,357,26,2.0000156249389653,EXECUTE,SUCCESS,21219235,0,0.0
0,358,27,2.00000562499209,EXECUTE,SUCCESS,21219236,0,0.0
0,359,28,2.00000562499209,EXECUTE,SUCCESS,21219237,0,0.0
0,360,29,2.00000562499209,EXECUTE,SUCCESS,21219238,0,0.0
0,361,30,2.00000562499209,EXECUTE,SUCCESS,21219239,0,0.0
0,362,31,2.00000562499209,EXECUTE,SUCCESS,21219240,0,0.0
0,363,35,2.0000781234741805,EXECUTE,SUCCESS,21219245,0,0.0
0,364,36,2.0000156249389653,EXECUTE,SUCCESS,21219246,0,0.0
0,365,40,2.0000156249389653,EXECUTE,SUCCESS,21219247,0,0.0
0,366,41,2.0000156249389653,EXECUTE,SUCCESS,21219248,0,0.0
0,367,42,2.0000468744506965,EXECUTE,SUCCESS,21219251,0,0.0
0,368,44,2.0000156249389653,EXECUTE,SUCCESS,21219252,0,0.0
0,369,46,2.000031249755863,EXECUTE,SUCCESS,21219254,0,0.0
0,370,49,2.0000156249389653,EXECUTE,SUCCESS,21219255,0,0.0
0,371,51,2.0000156249389653,EXECUTE,SUCCESS,21219256,0,0.0
0,372,52,2.0000168749288094,EXECUTE,SUCCESS,21219259,0,0.0
0,373,54,2.0000468744506965,EXECUTE,SUCCESS,21219262,0,0.0
0,374,55,2.0000337497152394,EXECUTE,SUCCESS,21219268,0,0.0
0,375,56,2.0000337497152394,EXECUTE,SUCCESS,21219274,0,0.0
0,376,57,2.0000337497152394,EXECUTE,SUCCESS,21219280,0,0.0
0,377,58,2.0000337497152394,EXECUTE,SUCCESS,21219286,0,0.0
0,378,61,2.0000168749288094,EXECUTE,SUCCESS,21219289,0,0.0
0,379,62,2.0000168749288094,EXECUTE,SUCCESS,21219292,0,0.0
0,380,63,2.0000937478028376,EXECUTE,SUCCESS,21219298,0,0.0
0,381,64,2.0000337497152394,EXECUTE,SUCCESS,21219304,0,0.0
0,382,65,2.0000337497152394,EXECUTE,SUCCESS,21219310,0,0.0
0,383,66,2.0000337497152394,EXECUTE,SUCCESS,21219316,0,0.0
0,384,68,2.0000112499683596,EXECUTE,SUCCESS,21219318,0,0.0
0,385,69,2.000028124802249,EXECUTE,SUCCESS,21219323,0,0.0
0,386,70,2.0000937478028376,EXECUTE,SUCCESS,21219329,0,0.0
0,387,71,2.0000781234741805,EXECUTE,SUCCESS,21219334,0,0.0
0,388,72,2.000028124802249,EXECUTE,SUCCESS,21219339,0,0.0
0,389,73,2.000028124802249,EXECUTE,SUCCESS,21219344,0,0.0
0,390,76,2.0000168749288094,EXECUTE,SUCCESS,21219347,0,0.0
0,391,77,2.0000337497152394,EXECUTE,SUCCESS,21219353,0,0.0
0,392,78,2.0000337497152394,EXECUTE,SUCCESS,21219359,0,0.0
0,393,79,2.0000937478028376,EXECUTE,SUCCESS,21219365,0,0.0
0,394,80,2.0000937478028376,EXECUTE,SUCCESS,21219371,0,0.0
0,395,84,2.0000156249389653,EXECUTE,SUCCESS,21219372,0,0.0
0,396,86,2.0000156249389653,EXECUTE,SUCCESS,21219373,0,0.0
0,397,87,2.0000468744506965,EXECUTE,SUCCESS,21219376,0,0.0
0,398,88,2.0000937478028376,EXECUTE,SUCCESS,21219382,0,0.0
0,399,92,2.0000156249389653,EXECUTE,SUCCESS,21219383,0,0.0
0,400,94,2.0000156249389653,EXECUTE,SUCCESS,21219384,0,0.0
0,401,95,2.0000468744506965,EXECUTE,SUCCESS,21219387,0,0.0
0,402,96,2.0000781234741805,EXECUTE,SUCCESS,21219392,0,0.0
0,403,100,2.0000156249389653,EXECUTE,SUCCESS,21219393,0,0.0
0,404,102,2.0000156249389653,EXECUTE,SUCCESS,21219394,0,0.0
0,405,105,2.000031249755863,EXECUTE,SUCCESS,21219396,0,0.0
0,406,106,2.000031249755863,EXECUTE,SUCCESS,21219398,0,0.0
0,407,107,2.0000112499683596,EXECUTE,SUCCESS,21219400,0,0.0
0,408,108,2.0000112499683596,EXECUTE,SUCCESS,21219402,0,0.0
0,409,109,2.000031249755863,EXECUTE,SUCCESS,21219404,0,0.0
0,410,112,2.000031249755863,EXECUTE,SUCCESS,21219406,0,0.0
0,411,113,2.000031249755863,EXECUTE,SUCCESS,21219408,0,0.0
0,412,114,2.0000112499683596,EXECUTE,SUCCESS,21219410,0,0.0
0,413,115,2.0000112499683596,EXECUTE,SUCCESS,21219412,0,0.0
0,414,116,2.0,EXECUTE,CRASH,21219671,257,0.0160625
0,311,133,2.0,EXECUTE,CRASH,21331677,3,0.0001875
0,311,133,3.02955235967296,EXECUTE,SUCCESS,21427680,0,0.0
0,312,134,2.9993957724848515,EXECUTE,SUCCESS,21427683,0,0.0
0,313,135,2.9689328891034235,EXECUTE,SUCCESS,21427686,0,0.0
0,314,136,2.938154182475794,EXECUTE,SUCCESS,21427689,0,0.0
0,315,138,2.907049621179522,EXECUTE,SUCCESS,21427692,0,0.0
0,316,139,2.8756086312292224,EXECUTE,SUCCESS,21427695,0,0.0
0,317,140,2.843820054082185,EXECUTE,SUCCESS,21427698,0,0.0
0,318,141,2.8116721003701697,EXECUTE,SUCCESS,21427701,0,0.0
0,319,145,2.8081243740261934,EXECUTE,SUCCESS,21427702,0,0.0
0,320,147,2.7845300321598256,EXECUTE,SUCCESS,21427704,0,0.0
0,321,149,2.780940488395967,EXECUTE,SUCCESS,21427705,0,0.0
0,322,151,2.7480352071980443,EXECUTE,SUCCESS,21427708,0,0.0
0,323,152,2.744397930330075,EXECUTE,SUCCESS,21427709,0,0.0
0,324,153,2.740755826409934,EXECUTE,SUCCESS,21427710,0,0.0
0,325,154,2.737108876168429,EXECUTE,SUCCESS,21427711,0,0.0
0,326,155,2.733457060207824,EXECUTE,SUCCESS,21427712,0,0.0
0,327,158,2.7298003590006354,EXECUTE,SUCCESS,21427713,0,0.0
0,328,159,2.7261460892622753,EXECUTE,SUCCESS,21427714,0,0.0
0,329,160,2.722479568334719,EXECUTE,SUCCESS,21427715,0,0.0
0,330,163,2.7188081028274134,EXECUTE,SUCCESS,21427716,0,0.0
0,331,165,2.715131672681824,EXECUTE,SUCCESS,21427717,0,0.0
0,332,167,2.6814189340720334,EXECUTE,SUCCESS,21427720,0,0.0
0,333,168,2.6472769027814222,EXECUTE,SUCCESS,21427723,0,0.0
0,334,169,2.6126887491624413,EXECUTE,SUCCESS,21427726,0,0.0
0,335,171,2.608862779066772,EXECUTE,SUCCESS,21427727,0,0.0
0,336,174,2.6050311898324754,EXECUTE,SUCCESS,21427728,0,0.0
0,337,176,2.601193956628379,EXECUTE,SUCCESS,21427729,0,0.0
0,338,182,2.565984703773583,EXECUTE,SUCCESS,21427732,0,0.0
0,339,183,2.5620889914286744,EXECUTE,SUCCESS,21427733,0,0.0
0,340,186,2.558187346540515,EXECUTE,SUCCESS,21427734,0,0.0
0,341,189,2.554279741923347,EXECUTE,SUCCESS,21427735,0,0.0
0,342,191,2.5503661501831454,EXECUTE,SUCCESS,21427736,0,0.0
0,343,192,2.5464465437153785,EXECUTE,SUCCESS,21427737,0,0.0
0,344,193,2.5425208947027347,EXECUTE,SUCCESS,21427738,0,0.0
0,345,7,2.5385970534923405,EXECUTE,SUCCESS,21427739,0,0.0
0,346,15,2.440448217028994,EXECUTE,SUCCESS,21427744,0,0.0
0,347,16,2.436359989820879,EXECUTE,SUCCESS,21427745,0,0.0
0,348,17,2.432264891001799,EXECUTE,SUCCESS,21427746,0,0.0
0,349,18,2.42816288580482,EXECUTE,SUCCESS,21427747,0,0.0
0,350,19,2.4240539391688447,EXECUTE,SUCCESS,21427748,0,0.0
0,351,20,2.4199297510465034,EXECUTE,SUCCESS,21427749,0,0.0
0,352,21,2.4157985222282075,EXECUTE,SUCCESS,21427750,0,0.0
0,353,22,2.4116602165313403,EXECUTE,SUCCESS,21427751,0,0.0
0,354,23,2.407514797462311,EXECUTE,SUCCESS,21427752,0,0.0
0,355,24,2.403362228212799,EXECUTE,SUCCESS,21427753,0,0.0
0,356,25,2.399210807744911,EXECUTE,SUCCESS,21427754,0,0.0
0,357,26,2.3950521914981286,EXECUTE,SUCCESS,21427755,0,0.0
0,358,27,2.3908863419242636,EXECUTE,SUCCESS,21427756,0,0.0
0,359,28,2.386713221147439,EXECUTE,SUCCESS,21427757,0,0.0
0,360,29,2.38252439651727,EXECUTE,SUCCESS,21427758,0,0.0
0,361,30,2.3783366035950384,EXECUTE,SUCCESS,21427759,0,0.0
0,362,31,2.3741414237572247,EXECUTE,SUCCESS,21427760,0,0.0
0,363,35,2.2688895962562787,EXECUTE,SUCCESS,21427765,0,0.0
0,364,36,2.264491664811328,EXECUTE,SUCCESS,21427766,0,0.0
0,365,40,2.2600851753860915,EXECUTE,SUCCESS,21427767,0,0.0
0,366,41,2.255661211263779,EXECUTE,SUCCESS,21427768,0,0.0
0,367,42,2.2048979568224865,EXECUTE,SUCCESS,21427771,0,0.0
0,368,44,2.2003630382280046,EXECUTE,SUCCESS,21427772,0,0.0
0,369,46,2.184408958963494,EXECUTE,SUCCESS,21427774,0,0.0
0,370,49,2.1798314154998257,EXECUTE,SUCCESS,21427775,0,0.0
0,371,51,2.1752534335106737,EXECUTE,SUCCESS,21427776,0,0.0
0,372,52,2.1225680201114816,EXECUTE,SUCCESS,21427779,0,0.0
0,373,54,2.0792697035257297,EXECUTE,SUCCESS,21427782,0,0.0
0,374,55,2.0000337497152394,EXECUTE,SUCCESS,21427788,0,0.0
0,375,56,2.0000337497152394,EXECUTE,SUCCESS,21427794,0,0.0
0,376,57,2.0,EXECUTE,CRASH,21427923,123,0.0076875
0,311,133,2.9762505774883947,EXECUTE,SUCCESS,21651926,0,0.0
0,312,134,2.9455279662566443,EXECUTE,SUCCESS,21651929,0,0.0
0,313,135,2.0,EXECUTE,CRASH,21651941,9,0.0005625
0,311,133,2.9762505774883947,EXECUTE,SUCCESS,21875944,0,0.0
0,312,134,2.9455279662566443,EXECUTE,SUCCESS,21875947,0,0.0
0,313,135,2.914481514780974,EXECUTE,SUCCESS,21875950,0,0.0
0,314,136,2.883100761333187,EXECUTE,SUCCESS,21875953,0,0.0
0,315,138,2.8513746684713324,EXECUTE,SUCCESS,21875956,0,0.0
0,316,139,2.819291577684011,EXECUTE,SUCCESS,21875959,0,0.0
0,317,140,2.7868391593344604,EXECUTE,SUCCESS,21875962,0,0.0
0,318,141,2.754004357295028,EXECUTE,SUCCESS,21875965,0,0.0
0,319,145,2.750382246161431,EXECUTE,SUCCESS,21875966,0,0.0
0,320,147,2.726302899532625,EXECUTE,SUCCESS,21875968,0,0.0
0,321,149,2.72264393558908,EXECUTE,SUCCESS,21875969,0,0.0
0,322,151,2.689025381062811,EXECUTE,SUCCESS,21875972,0,0.0
0,323,152,2.685308175982786,EXECUTE,SUCCESS,21875973,0,0.0
0,324,153,2.681585818130756,EXECUTE,SUCCESS,21875974,0,0.0
0,325,154,2.677858286018884,EXECUTE,SUCCESS,21875975,0,0.0
0,326,155,2.6741255580095706,EXECUTE,SUCCESS,21875976,0,0.0
0,327,158,2.670387612313987,EXECUTE,SUCCESS,21875977,0,0.0
0,328,159,2.666651927042597,EXECUTE,SUCCESS,21875978,0,0.0
0,329,160,2.6629110011414188,EXECUTE,SUCCESS,21875979,0,0.0
0,330,163,2.6591648124928233,EXECUTE,SUCCESS,21875980,0,0.0
0,331,165,2.655413338823165,EXECUTE,SUCCESS,21875981,0,0.0
0,332,167,2.6209325630393447,EXECUTE,SUCCESS,21875984,0,0.0
0,333,168,2.5859920726869965,EXECUTE,SUCCESS,21875987,0,0.0
0,334,169,2.550572974843101,EXECUTE,SUCCESS,21875990,0,0.0
0,335,171,2.5466536867033938,EXECUTE,SUCCESS,21875991,0,0.0
0,336,174,2.5427283574931843,EXECUTE,SUCCESS,21875992,0,0.0
0,337,176,2.538796959191496,EXECUTE,SUCCESS,21875993,0,0.0
0,338,182,2.502710031146235,EXECUTE,SUCCESS,21875996,0,0.0
0,339,183,2.498715670099339,EXECUTE,SUCCESS,21875997,0,0.0
0,340,186,2.494714913572288,EXECUTE,SUCCESS,21875998,0,0.0
0,341,189,2.4907077307464216,EXECUTE,SUCCESS,21875999,0,0.0
0,342,191,2.486694090554765,EXECUTE,SUCCESS,21876000,0,0.0
0,343,192,2.482673961679219,EXECUTE,SUCCESS,21876001,0,0.0
0,344,193,2.0,EXECUTE,CRASH,21876063,61,0.0038125
0,311,133,2.9762707370130164,EXECUTE,SUCCESS,22100066,0,0.0
0,312,134,2.9455687057001407,EXECUTE,SUCCESS,22100069,0,0.0
0,313,135,2.9145432746830164,EXECUTE,SUCCESS,22100072,0,0.0
0,314,136,2.883163193438762,EXECUTE,SUCCESS,22100075,0,0.0
0,315,138,2.851437795218405,EXECUTE,SUCCESS,22100078,0,0.0
0,316,139,2.8193554227872726,EXECUTE,SUCCESS,22100081,0,0.0
0,317,140,2.7869037478894025,EXECUTE,SUCCESS,22100084,0,0.0
0,318,141,2.7540697158931904,EXECUTE,SUCCESS,22100087,0,0.0
0,319,145,2.7504404192783376,EXECUTE,SUCCESS,22100088,0,0.0
0,320,147,2.7263469148294384,EXECUTE,SUCCESS,22100090,0,0.0
0,321,149,2.7226806643453427,EXECUTE,SUCCESS,22100091,0,0.0
0,322,151,2.6890625690005794,EXECUTE,SUCCESS,22100094,0,0.0
0,323,152,2.685345415398175,EXECUTE,SUCCESS,22100095,0,0.0
0,324,153,2.6816231092381337,EXECUTE,SUCCESS,22100096,0,0.0
0,325,154,2.677895629034111,EXECUTE,SUCCESS,22100097,0,0.0
0,326,155,2.6741629531500126,EXECUTE,SUCCESS,22100098,0,0.0
0,327,158,2.6704250597985326,EXECUTE,SUCCESS,22100099,0,0.0
0,328,159,2.6666819270396678,EXECUTE,SUCCESS,22100100,0,0.0
0,329,160,2.662933532779216,EXECUTE,SUCCESS,22100101,0,0.0
0,330,163,2.6591798547672547,EXECUTE,SUCCESS,22100102,0,0.0
0,331,165,2.655428402348668,EXECUTE,SUCCESS,22100103,0,0.0
0,332,167,2.620970717119899,EXECUTE,SUCCESS,22100106,0,0.0
0,333,168,2.5860539437529133,EXECUTE,SUCCESS,22100109,0,0.0
0,334,169,2.550659228513287,EXECUTE,SUCCESS,22100112,0,0.0
0,335,171,2.5467479262777455,EXECUTE,SUCCESS,22100113,0,0.0
0,336,174,2.5428306078069762,EXECUTE,SUCCESS,22100114,0,0.0
0,337,176,2.538899367836385,EXECUTE,SUCCESS,22100115,0,0.0
0,338,182,2.502813916374926,EXECUTE,SUCCESS,22100118,0,0.0
0,339,183,2.4988277251543365,EXECUTE,SUCCESS,22100119,0,0.0
0,340,186,2.494835164895668,EXECUTE,SUCCESS,22100120,0,0.0
0,341,189,2.4908281755271666,EXECUTE,SUCCESS,22100121,0,0.0
0,342,191,2.486814729729578,EXECUTE,SUCCESS,22100122,0,0.0
0,343,192,2.482802851617501,EXECUTE,SUCCESS,22100123,0,0.0
0,344,193,2.4787764118613023,EXECUTE,SUCCESS,22100124,0,0.0
0,345,7,2.474743421043885,EXECUTE,SUCCESS,22100125,0,0.0
0,346,15,2.3739139622151413,EXECUTE,SUCCESS,22100130,0,0.0
0,347,16,2.369702512974992,EXECUTE,SUCCESS,22100131,0,0.0
0,348,17,2.365483565785227,EXECUTE,SUCCESS,22100132,0,0.0
0,349,18,2.3612570804552373,EXECUTE,SUCCESS,22100133,0,0.0
0,350,19,2.357023016434076,EXECUTE,SUCCESS,22100134,0,0.0
0,351,20,2.3527813328059177,EXECUTE,SUCCESS,22100135,0,0.0
0,352,21,2.348531988285446,EXECUTE,SUCCESS,22100136,0,0.0
0,353,22,2.344274941213165,EXECUTE,SUCCESS,22100137,0,0.0
0,354,23,2.3400186965065015,EXECUTE,SUCCESS,22100138,0,0.0
0,355,24,2.335754696024389,EXECUTE,SUCCESS,22100139,0,0.0
0,356,25,2.331482897213699,EXECUTE,SUCCESS,22100140,0,0.0
0,357,26,2.3272032571307526,EXECUTE,SUCCESS,22100141,0,0.0
0,358,27,2.3229157324362806,EXECUTE,SUCCESS,22100142,0,0.0
0,359,28,2.3186116535547696,EXECUTE,SUCCESS,22100143,0,0.0
0,360,29,2.314299570064339,EXECUTE,SUCCESS,22100144,0,0.0
0,361,30,2.309988095207416,EXECUTE,SUCCESS,22100145,0,0.0
0,362,31,2.305668558140997,EXECUTE,SUCCESS,22100146,0,0.0
0,363,35,2.197093534649807,EXECUTE,SUCCESS,22100151,0,0.0
0,364,36,2.1925424739329413,EXECUTE,SUCCESS,22100152,0,0.0
0,365,40,2.187981946909065,EXECUTE,SUCCESS,22100153,0,0.0
0,366,41,2.183421054217437,EXECUTE,SUCCESS,22100154,0,0.0
0,367,42,2.1309657435069163,EXECUTE,SUCCESS,22100157,0,0.0
0,368,44,2.126282554130562,EXECUTE,SUCCESS,22100158,0,0.0
0,369,46,2.1097873115553583,EXECUTE,SUCCESS,22100160,0,0.0
0,370,49,2.1050570063539813,EXECUTE,SUCCESS,22100161,0,0.0
0,371,51,2.1003160476461598,EXECUTE,SUCCESS,22100162,0,0.0
0,372,52,2.045730920722465,EXECUTE,SUCCESS,22100165,0,0.0
0,373,54,2.0007704765914514,EXECUTE,SUCCESS,22100168,0,0.0
0,374,55,2.0000937478028376,EXECUTE,SUCCESS,22100174,0,0.0
0,375,56,2.0000937478028376,EXECUTE,SUCCESS,22100180,0,0.0
0,376,57,2.0000937478028376,EXECUTE,SUCCESS,22100186,0,0.0
0,377,58,2.0000337497152394,EXECUTE,SUCCESS,22100192,0,0.0
0,378,61,2.0000168749288094,EXECUTE,SUCCESS,22100195,0,0.0
0,379,62,2.0000168749288094,EXECUTE,SUCCESS,22100198,0,0.0
0,380,63,2.0,EXECUTE,CRASH,22100345,141,0.0088125
0,311,133,3.0096623564778833,EXECUTE,SUCCESS,22276348,0,0.0
0,312,134,2.9793044490283305,EXECUTE,SUCCESS,22276351,0,0.0
0,313,135,2.9486340057728433,EXECUTE,SUCCESS,22276354,0,0.0
0,314,136,2.9176411705348553,EXECUTE,SUCCESS,22276357,0,0.0
0,315,138,2.886294770116178,EXECUTE,SUCCESS,22276360,0,0.0
0,316,139,2.8546041757133334,EXECUTE,SUCCESS,22276363,0,0.0
0,317,140,2.822557793916716,EXECUTE,SUCCESS,22276366,0,0.0
0,318,141,2.790143365492175,EXECUTE,SUCCESS,22276369,0,0.0
0,319,145,2.786561052623825,EXECUTE,SUCCESS,22276370,0,0.0
0,320,147,2.7627825647343296,EXECUTE,SUCCESS,22276372,0,0.0
0,321,149,2.75916472868149,EXECUTE,SUCCESS,22276373,0,0.0
0,322,151,2.7259966067477044,EXECUTE,SUCCESS,22276376,0,0.0
0,323,152,2.722329884492326,EXECUTE,SUCCESS,22276377,0,0.0
0,324,153,2.718658216841536,EXECUTE,SUCCESS,22276378,0,0.0
0,325,154,2.7149815837312783,EXECUTE,SUCCESS,22276379,0,0.0
0,326,155,2.7113073414867594,EXECUTE,SUCCESS,22276380,0,0.0
0,327,158,2.7076281133124613,EXECUTE,SUCCESS,22276381,0,0.0
0,328,159,2.703943878855476,EXECUTE,SUCCESS,22276382,0,0.0
0,329,160,2.700254617624049,EXECUTE,SUCCESS,22276383,0,0.0
0,330,163,2.6965603089862458,EXECUTE,SUCCESS,22276384,0,0.0
0,331,165,2.69286093216861,EXECUTE,SUCCESS,22276385,0,0.0
0,332,167,2.6588883955517946,EXECUTE,SUCCESS,22276388,0,0.0
0,333,168,2.6244761382035837,EXECUTE,SUCCESS,22276391,0,0.0
0,334,169,2.5896066303591354,EXECUTE,SUCCESS,22276394,0,0.0
0,335,171,2.585746507297263,EXECUTE,SUCCESS,22276395,0,0.0
0,336,174,2.581880613041586,EXECUTE,SUCCESS,22276396,0,0.0
0,337,176,2.578008921629247,EXECUTE,SUCCESS,22276397,0,0.0
0,338,182,2.5424786134793727,EXECUTE,SUCCESS,22276400,0,0.0
0,339,183,2.538546828403997,EXECUTE,SUCCESS,22276401,0,0.0
0,340,186,2.5346089441963215,EXECUTE,SUCCESS,22276402,0,0.0
0,341,189,2.530664932384371,EXECUTE,SUCCESS,22276403,0,0.0
0,342,191,2.526722679678162,EXECUTE,SUCCESS,22276404,0,0.0
0,343,192,2.5227742665565605,EXECUTE,SUCCESS,22276405,0,0.0
0,344,193,2.5188196640490146,EXECUTE,SUCCESS,22276406,0,0.0
0,345,7,2.5148588429571923,EXECUTE,SUCCESS,22276407,0,0.0
0,346,15,2.4157457440715877,EXECUTE,SUCCESS,22276412,0,0.0
0,347,16,2.411615641017446,EXECUTE,SUCCESS,22276413,0,0.0
0,348,17,2.4074701451939102,EXECUTE,SUCCESS,22276414,0,0.0
0,349,18,2.403317498792032,EXECUTE,SUCCESS,22276415,0,0.0
0,350,19,2.3991576646815,EXECUTE,SUCCESS,22276416,0,0.0
0,351,20,2.3949906054095464,EXECUTE,SUCCESS,22276417,0,0.0
0,352,21,2.390816283197014,EXECUTE,SUCCESS,22276418,0,0.0
0,353,22,2.386634659934357,EXECUTE,SUCCESS,22276419,0,0.0
0,354,23,2.382445697177584,EXECUTE,SUCCESS,22276420,0,0.0
0,355,24,2.378257765676375,EXECUTE,SUCCESS,22276421,0,0.0
0,356,25,2.374062446524939,EXECUTE,SUCCESS,22276422,0,0.0
0,357,26,2.369859700488613,EXECUTE,SUCCESS,22276423,0,0.0
0,358,27,2.36564103363126,EXECUTE,SUCCESS,22276424,0,0.0
0,359,28,2.3614232996224915,EXECUTE,SUCCESS,22276425,0,0.0
0,360,29,2.3571980188350694,EXECUTE,SUCCESS,22276426,0,0.0
0,361,30,2.3529566506844053,EXECUTE,SUCCESS,22276427,0,0.0
0,362,31,2.3487076233537403,EXECUTE,SUCCESS,22276428,0,0.0
0,363,35,2.242262250496131,EXECUTE,SUCCESS,22276433,0,0.0
0,364,36,2.2378119894218043,EXECUTE,SUCCESS,22276434,0,0.0
0,365,40,2.2333528606111424,EXECUTE,SUCCESS,22276435,0,0.0
0,366,41,2.228875837726268,EXECUTE,SUCCESS,22276436,0,0.0
0,367,42,2.1774882318855306,EXECUTE,SUCCESS,22276439,0,0.0
0,368,44,2.172905313169438,EXECUTE,SUCCESS,22276440,0,0.0
0,369,46,2.0,EXECUTE,CRASH,22276539,97,0.0060625
0,311,133,3.0096623564778833,EXECUTE,SUCCESS,22452542,0,0.0
0,312,134,2.979284310031522,EXECUTE,SUCCESS,22452545,0,0.0
0,313,135,2.9485933086812772,EXECUTE,SUCCESS,22452548,0,0.0
0,314,136,2.917579476209689,EXECUTE,SUCCESS,22452551,0,0.0
0,315,138,2.886232405749752,EXECUTE,SUCCESS,22452554,0,0.0
0,316,139,2.8545411189891805,EXECUTE,SUCCESS,22452557,0,0.0
0,317,140,2.8224940212514182,EXECUTE,SUCCESS,22452560,0,0.0
0,318,141,2.7901003566180194,EXECUTE,SUCCESS,22452563,0,0.0
0,319,145,2.7865251658651853,EXECUTE,SUCCESS,22452564,0,0.0
0,320,147,2.7627608474133263,EXECUTE,SUCCESS,22452566,0,0.0
0,321,149,2.7591502315024456,EXECUTE,SUCCESS,22452567,0,0.0
0,322,151,2.7260039435041175,EXECUTE,SUCCESS,22452570,0,0.0
0,323,152,2.722337231130633,EXECUTE,SUCCESS,22452571,0,0.0
0,324,153,2.7186655734017746,EXECUTE,SUCCESS,22452572,0,0.0
0,325,154,2.7149889502537574,EXECUTE,SUCCESS,22452573,0,0.0
0,326,155,2.7113073414867594,EXECUTE,SUCCESS,22452574,0,0.0
0,327,158,2.7076207267636283,EXECUTE,SUCCESS,22452575,0,0.0
0,328,159,2.7039290856085705,EXECUTE,SUCCESS,22452576,0,0.0
0,329,160,2.700239804165548,EXECUTE,SUCCESS,22452577,0,0.0
0,330,163,2.69654547523308,EXECUTE,SUCCESS,22452578,0,0.0
0,331,165,2.6928460780371384,EXECUTE,SUCCESS,22452579,0,0.0
0,332,167,2.658873351628467,EXECUTE,SUCCESS,22452582,0,0.0
0,333,168,2.624460897022472,EXECUTE,SUCCESS,22452585,0,0.0
0,334,169,2.5895911839516286,EXECUTE,SUCCESS,22452588,0,0.0
0,335,171,2.5857387725754504,EXECUTE,SUCCESS,22452589,0,0.0
0,336,174,2.581880613041586,EXECUTE,SUCCESS,22452590,0,0.0
0,337,176,2.578008921629247,EXECUTE,SUCCESS,22452591,0,0.0
0,338,182,2.5424786134793727,EXECUTE,SUCCESS,22452594,0,0.0
0,339,183,2.538546828403997,EXECUTE,SUCCESS,22452595,0,0.0
0,340,186,2.5346089441963215,EXECUTE,SUCCESS,22452596,0,0.0
0,341,189,2.530664932384371,EXECUTE,SUCCESS,22452597,0,0.0
0,342,191,2.5267147642739562,EXECUTE,SUCCESS,22452598,0,0.0
0,343,192,2.5227584109462393,EXECUTE,SUCCESS,22452599,0,0.0
0,344,193,2.5187958432552633,EXECUTE,SUCCESS,22452600,0,0.0
0,345,7,2.514827031825448,EXECUTE,SUCCESS,22452601,0,0.0
0,346,15,2.415671231769752,EXECUTE,SUCCESS,22452606,0,0.0
0,347,16,2.4115327076363675,EXECUTE,SUCCESS,22452607,0,0.0
0,348,17,2.4073870690024046,EXECUTE,SUCCESS,22452608,0,0.0
0,349,18,2.403234279049795,EXECUTE,SUCCESS,22452609,0,0.0
0,350,19,2.39907430064181,EXECUTE,SUCCESS,22452610,0,0.0
0,351,20,2.3949070963191845,EXECUTE,SUCCESS,22452611,0,0.0
0,352,21,2.3907409939179916,EXECUTE,SUCCESS,22452612,0,0.0
0,353,22,2.386567618987567,EXECUTE,SUCCESS,22452613,0,0.0
0,354,23,2.38238693330869,EXECUTE,SUCCESS,22452614,0,0.0
0,355,24,2.378198898326207,EXECUTE,SUCCESS,22452615,0,0.0
0,356,25,2.3740034751448835,EXECUTE,SUCCESS,22452616,0,0.0
0,357,26,2.369792184981625,EXECUTE,SUCCESS,22452617,0,0.0
0,358,27,2.365573397719881,EXECUTE,SUCCESS,22452618,0,0.0
0,359,28,2.3613470731766606,EXECUTE,SUCCESS,22452619,0,0.0
0,360,29,2.3571216557488035,EXECUTE,SUCCESS,22452620,0,0.0
0,361,30,2.352888650148999,EXECUTE,SUCCESS,22452621,0,0.0
0,362,31,2.3486480153484006,EXECUTE,SUCCESS,22452622,0,0.0
0,363,35,2.242199812683959,EXECUTE,SUCCESS,22452627,0,0.0
0,364,36,2.2377404898691853,EXECUTE,SUCCESS,22452628,0,0.0
0,365,40,2.2332722628466017,EXECUTE,SUCCESS,22452629,0,0.0
0,366,41,2.228795078063477,EXECUTE,SUCCESS,22452630,0,0.0
0,367,42,2.177433121820273,EXECUTE,SUCCESS,22452633,0,0.0
0,368,44,2.172850086867472,EXECUTE,SUCCESS,22452634,0,0.0
0,369,46,2.1567110376682317,EXECUTE,SUCCESS,22452636,0,0.0
0,370,49,2.1520838738301955,EXECUTE,SUCCESS,22452637,0,0.0
0,371,51,2.1474467397353494,EXECUTE,SUCCESS,22452638,0,0.0
0,372,52,2.0940904947016934,EXECUTE,SUCCESS,22452641,0,0.0
0,373,54,2.050220110134515,EXECUTE,SUCCESS,22452644,0,0.0
0,374,55,2.0000337497152394,EXECUTE,SUCCESS,22452650,0,0.0
0,375,56,2.0000337497152394,EXECUTE,SUCCESS,22452656,0,0.0
0,376,57,2.0000937478028376,EXECUTE,SUCCESS,22452662,0,0.0
0,377,58,2.0000337497152394,EXECUTE,SUCCESS,22452668,0,0.0
0,378,61,2.0,EXECUTE,CRASH,22452803,132,0.00825
0,311,133,2.9762505774883947,EXECUTE,SUCCESS,22676806,0,0.0
0,312,134,2.9455279662566443,EXECUTE,SUCCESS,22676809,0,0.0
0,313,135,2.914481514780974,EXECUTE,SUCCESS,22676812,0,0.0
0,314,136,2.883100761333187,EXECUTE,SUCCESS,22676815,0,0.0
0,315,138,2.8513957108756407,EXECUTE,SUCCESS,22676818,0,0.0
0,316,139,2.8193341412468302,EXECUTE,SUCCESS,22676821,0,0.0
0,317,140,2.786903747889403,EXECUTE,SUCCESS,22676824,0,0.0
0,318,141,2.754069715893191,EXECUTE,SUCCESS,22676827,0,0.0
0,319,145,2.7504404192783385,EXECUTE,SUCCESS,22676828,0,0.0
0,320,147,2.7263469148294397,EXECUTE,SUCCESS,22676830,0,0.0
0,321,149,2.722680664345344,EXECUTE,SUCCESS,22676831,0,0.0
0,322,151,2.689062569000581,EXECUTE,SUCCESS,22676834,0,0.0
0,323,152,2.6853454153981766,EXECUTE,SUCCESS,22676835,0,0.0
0,324,153,2.681630567397382,EXECUTE,SUCCESS,22676836,0,0.0
0,325,154,2.6779030975746685,EXECUTE,SUCCESS,22676837,0,0.0
0,326,155,2.674170432115351,EXECUTE,SUCCESS,22676838,0,0.0
0,327,158,2.6704325492324283,EXECUTE,SUCCESS,22676839,0,0.0
0,328,159,2.666689426986203,EXECUTE,SUCCESS,22676840,0,0.0
0,329,160,2.6629410432827845,EXECUTE,SUCCESS,22676841,0,0.0
0,330,163,2.659187375872562,EXECUTE,SUCCESS,22676842,0,0.0
0,331,165,2.6554284023486687,EXECUTE,SUCCESS,22676843,0,0.0
0,332,167,2.620947824738219,EXECUTE,SUCCESS,22676846,0,0.0
0,333,168,2.586007540592255,EXECUTE,SUCCESS,22676849,0,0.0
0,334,169,2.550588657545548,EXECUTE,SUCCESS,22676852,0,0.0
0,335,171,2.546669393541298,EXECUTE,SUCCESS,22676853,0,0.0
0,336,174,2.542744088578322,EXECUTE,SUCCESS,22676854,0,0.0
0,337,176,2.538812714636509,EXECUTE,SUCCESS,22676855,0,0.0
0,338,182,2.5027499875137353,EXECUTE,SUCCESS,22676858,0,0.0
0,339,183,2.4987636943096483,EXECUTE,SUCCESS,22676859,0,0.0
0,340,186,2.494771031577848,EXECUTE,SUCCESS,22676860,0,0.0
0,341,189,2.490771968687619,EXECUTE,SUCCESS,22676861,0,0.0
0,342,191,2.486766474761954,EXECUTE,SUCCESS,22676862,0,0.0
0,343,192,2.4827545186747715,EXECUTE,SUCCESS,22676863,0,0.0
0,344,193,2.4787360690480935,EXECUTE,SUCCESS,22676864,0,0.0
0,345,7,2.474711094249184,EXECUTE,SUCCESS,22676865,0,0.0
0,346,15,2.373922387105356,EXECUTE,SUCCESS,22676870,0,0.0
0,347,16,2.3697193926707842,EXECUTE,SUCCESS,22676871,0,0.0
0,348,17,2.365508930441817,EXECUTE,SUCCESS,22676872,0,0.0
0,349,18,2.3612824905123038,EXECUTE,SUCCESS,22676873,0,0.0
0,350,19,2.357048472136283,EXECUTE,SUCCESS,22676874,0,0.0
0,351,20,2.352806834400136,EXECUTE,SUCCESS,22676875,0,0.0
0,352,21,2.3485575360207775,EXECUTE,SUCCESS,22676876,0,0.0
0,353,22,2.3443005353409756,EXECUTE,SUCCESS,22676877,0,0.0
0,354,23,2.3400357903245808,EXECUTE,SUCCESS,22676878,0,0.0
0,355,24,2.3357632585516845,EXECUTE,SUCCESS,22676879,0,0.0
0,356,25,2.331482897213699,EXECUTE,SUCCESS,22676880,0,0.0
0,357,26,2.3271946631083495,EXECUTE,SUCCESS,22676881,0,0.0
0,358,27,2.322898512634589,EXECUTE,SUCCESS,22676882,0,0.0
0,359,28,2.3185944017874243,EXECUTE,SUCCESS,22676883,0,0.0
0,360,29,2.31428228615266,EXECUTE,SUCCESS,22676884,0,0.0
0,361,30,2.3099621209015493,EXECUTE,SUCCESS,22676885,0,0.0
0,362,31,2.3056338607853553,EXECUTE,SUCCESS,22676886,0,0.0
0,363,35,2.197057122607417,EXECUTE,SUCCESS,22676891,0,0.0
0,364,36,2.192505986308814,EXECUTE,SUCCESS,22676892,0,0.0
0,365,40,2.1879453832305744,EXECUTE,SUCCESS,22676893,0,0.0
0,366,41,2.183375254050477,EXECUTE,SUCCESS,22676894,0,0.0
0,367,42,2.130890658856053,EXECUTE,SUCCESS,22676897,0,0.0
0,368,44,2.12619789765675,EXECUTE,SUCCESS,22676898,0,0.0
0,369,46,2.109683033064442,EXECUTE,SUCCESS,22676900,0,0.0
0,370,49,2.1049429921021576,EXECUTE,SUCCESS,22676901,0,0.0
0,371,51,2.100192253104459,EXECUTE,SUCCESS,22676902,0,0.0
0,372,52,2.0455744914326597,EXECUTE,SUCCESS,22676905,0,0.0
0,373,54,2.0006105318127227,EXECUTE,SUCCESS,22676908,0,0.0
0,374,55,2.0000337497152394,EXECUTE,SUCCESS,22676914,0,0.0
0,375,56,2.0000337497152394,EXECUTE,SUCCESS,22676920,0,0.0
0,376,57,2.0000337497152394,EXECUTE,SUCCESS,22676926,0,0.0
0,377,58,2.0000337497152394,EXECUTE,SUCCESS,22676932,0,0.0
0,378,61,2.0000168749288094,EXECUTE,SUCCESS,22676935,0,0.0
0,379,62,2.0000168749288094,EXECUTE,SUCCESS,22676938,0,0.0
0,380,63,2.0000337497152394,EXECUTE,SUCCESS,22676944,0,0.0
0,381,64,2.0000337497152394,EXECUTE,SUCCESS,22676950,0,0.0
0,382,65,2.0000337497152394,EXECUTE,SUCCESS,22676956,0,0.0
0,383,66,2.0000337497152394,EXECUTE,SUCCESS,22676962,0,0.0
0,384,68,2.0000112499683596,EXECUTE,SUCCESS,22676964,0,0.0
0,385,69,2.000028124802249,EXECUTE,SUCCESS,22676969,0,0.0
0,386,70,2.0000337497152394,EXECUTE,SUCCESS,22676975,0,0.0
0,387,71,2.000028124802249,EXECUTE,SUCCESS,22676980,0,0.0
0,388,72,2.000028124802249,EXECUTE,SUCCESS,22676985,0,0.0
0,389,73,2.000028124802249,EXECUTE,SUCCESS,22676990,0,0.0
0,390,76,2.0000168749288094,EXECUTE,SUCCESS,22676993,0,0.0
0,391,77,2.0000337497152394,EXECUTE,SUCCESS,22676999,0,0.0
0,392,78,2.0000337497152394,EXECUTE,SUCCESS,22677005,0,0.0
0,393,79,2.0000337497152394,EXECUTE,SUCCESS,22677011,0,0.0
0,394,80,2.0000937478028376,EXECUTE,SUCCESS,22677017,0,0.0
0,395,84,2.0000156249389653,EXECUTE,SUCCESS,22677018,0,0.0
0,396,86,2.0000156249389653,EXECUTE,SUCCESS,22677019,0,0.0
0,397,87,2.0000468744506965,EXECUTE,SUCCESS,22677022,0,0.0
0,398,88,2.0000937478028376,EXECUTE,SUCCESS,22677028,0,0.0
0,399,92,2.0000156249389653,EXECUTE,SUCCESS,22677029,0,0.0
0,400,94,2.0000156249389653,EXECUTE,SUCCESS,22677030,0,0.0
0,401,95,2.0000468744506965,EXECUTE,SUCCESS,22677033,0,0.0
0,402,96,2.000028124802249,EXECUTE,SUCCESS,22677038,0,0.0
0,403,100,2.0000156249389653,EXECUTE,SUCCESS,22677039,0,0.0
0,404,102,2.0000156249389653,EXECUTE,SUCCESS,22677040,0,0.0
0,405,105,2.000031249755863,EXECUTE,SUCCESS,22677042,0,0.0
0,406,106,2.000031249755863,EXECUTE,SUCCESS,22677044,0,0.0
0,407,107,2.000031249755863,EXECUTE,SUCCESS,22677046,0,0.0
0,408,108,2.000031249755863,EXECUTE,SUCCESS,22677048,0,0.0
0,409,109,2.0000112499683596,EXECUTE,SUCCESS,22677050,0,0.0
0,410,112,2.000031249755863,EXECUTE,SUCCESS,22677052,0,0.0
0,411,113,2.0000112499683596,EXECUTE,SUCCESS,22677054,0,0.0
0,412,114,2.0000112499683596,EXECUTE,SUCCESS,22677056,0,0.0
0,413,115,2.000031249755863,EXECUTE,SUCCESS,22677058,0,0.0
0,414,116,2.0039960079800556,CHECKPOINT,SUCCESS,22677314,0,0.0
0,414,116,2.000031249755863,EXECUTE,SUCCESS,22677316,0,0.0
0,415,117,2.000031249755863,EXECUTE,SUCCESS,22677318,0,0.0
0,416,120,2.0000112499683596,EXECUTE,SUCCESS,22677320,0,0.0
0,417,121,2.0000112499683596,EXECUTE,SUCCESS,22677322,0,0.0
0,418,122,2.0000112499683596,EXECUTE,SUCCESS,22677324,0,0.0
0,419,123,2.0000112499683596,EXECUTE,SUCCESS,22677326,0,0.0
0,420,124,2.0000112499683596,EXECUTE,SUCCESS,22677328,0,0.0
0,421,127,2.00000562499209,EXECUTE,SUCCESS,22677329,0,0.0
0,422,129,2.0000156249389653,EXECUTE,SUCCESS,22677330,0,0.0
0,423,130,2.0000156249389653,EXECUTE,SUCCESS,22677331,0,0.0
0,424,131,2.0000168749288094,EXECUTE,SUCCESS,22677334,0,0.0
0,425,132,2.0000168749288094,EXECUTE,SUCCESS,22677337,0,0.0
0,426,133,2.0000168749288094,EXECUTE,SUCCESS,22677340,0,0.0
0,427,134,2.0000168749288094,EXECUTE,SUCCESS,22677343,0,0.0
0,428,135,2.0000168749288094,EXECUTE,SUCCESS,22677346,0,0.0
0,429,136,2.0000168749288094,EXECUTE,SUCCESS,22677349,0,0.0
0,430,138,2.0000168749288094,EXECUTE,SUCCESS,22677352,0,0.0
0,431,139,2.0000468744506965,EXECUTE,SUCCESS,22677355,0,0.0
0,432,140,2.0000468744506965,EXECUTE,SUCCESS,22677358,0,0.0
0,433,141,2.0000468744506965,EXECUTE,SUCCESS,22677361,0,0.0
0,434,145,2.00000562499209,EXECUTE,SUCCESS,22677362,0,0.0
0,435,147,2.0000112499683596,EXECUTE,SUCCESS,22677364,0,0.0
0,436,149,2.0000156249389653,EXECUTE,SUCCESS,22677365,0,0.0
0,437,151,2.0000468744506965,EXECUTE,SUCCESS,22677368,0,0.0
0,438,152,2.0000156249389653,EXECUTE,SUCCESS,22677369,0,0.0
0,439,153,2.0000156249389653,EXECUTE,SUCCESS,22677370,0,0.0
0,440,154,2.0000156249389653,EXECUTE,SUCCESS,22677371,0,0.0
0,441,155,2.0000156249389653,EXECUTE,SUCCESS,22677372,0,0.0
0,442,158,2.0000156249389653,EXECUTE,SUCCESS,22677373,0,0.0
0,443,159,2.0000156249389653,EXECUTE,SUCCESS,22677374,0,0.0
0,444,160,2.00000562499209,EXECUTE,SUCCESS,22677375,0,0.0
0,445,163,2.00000562499209,EXECUTE,SUCCESS,22677376,0,0.0
0,446,165,2.00000562499209,EXECUTE,SUCCESS,22677377,0,0.0
0,447,167,2.0000168749288094,EXECUTE,SUCCESS,22677380,0,0.0
0,448,168,2.0000168749288094,EXECUTE,SUCCESS,22677383,0,0.0
0,449,169,2.0000168749288094,EXECUTE,SUCCESS,22677386,0,0.0
0,450,171,2.00000562499209,EXECUTE,SUCCESS,22677387,0,0.0
0,451,174,2.0,EXECUTE,CRASH,22677462,74,0.004625
0,414,116,2.9779262919017997,EXECUTE,SUCCESS,22757464,0,0.0
0,415,117,2.9556877372280046,EXECUTE,SUCCESS,22757466,0,0.0
0,416,120,2.9332805866469718,EXECUTE,SUCCESS,22757468,0,0.0
0,417,121,2.9107009465075597,EXECUTE,SUCCESS,22757470,0,0.0
0,418,122,2.8879447709400545,EXECUTE,SUCCESS,22757472,0,0.0
0,419,123,2.8650078533923784,EXECUTE,SUCCESS,22757474,0,0.0
0,420,124,2.841885817551438,EXECUTE,SUCCESS,22757476,0,0.0
0,421,127,2.0,EXECUTE,CRASH,22757492,15,0.0009375
0,414,116,2.9779397240374097,EXECUTE,SUCCESS,22837494,0,0.0
0,415,117,2.955714803562753,EXECUTE,SUCCESS,22837496,0,0.0
0,416,120,2.9333214961882383,EXECUTE,SUCCESS,22837498,0,0.0
0,417,121,2.910742173398394,EXECUTE,SUCCESS,22837500,0,0.0
0,418,122,2.8879863226822953,EXECUTE,SUCCESS,22837502,0,0.0
0,419,123,2.8650636991173526,EXECUTE,SUCCESS,22837504,0,0.0
0,420,124,2.8419561924843264,EXECUTE,SUCCESS,22837506,0,0.0
0,421,127,2.8384392718534617,EXECUTE,SUCCESS,22837507,0,0.0
0,422,129,2.8349250431007884,EXECUTE,SUCCESS,22837508,0,0.0
0,423,130,2.8314064526309193,EXECUTE,SUCCESS,22837509,0,0.0
0,424,131,2.7990944964398765,EXECUTE,SUCCESS,22837512,0,0.0
0,425,132,2.7664268470357216,EXECUTE,SUCCESS,22837515,0,0.0
0,426,133,2.733346849560078,EXECUTE,SUCCESS,22837518,0,0.0
0,427,134,2.699861570525423,EXECUTE,SUCCESS,22837521,0,0.0
0,428,135,2.665955738567316,EXECUTE,SUCCESS,22837524,0,0.0
0,429,136,2.6316130984626147,EXECUTE,SUCCESS,22837527,0,0.0
0,430,138,2.5968163200349776,EXECUTE,SUCCESS,22837530,0,0.0
0,431,139,2.561546895920511,EXECUTE,SUCCESS,22837533,0,0.0
0,432,140,2.525785026481867,EXECUTE,SUCCESS,22837536,0,0.0
0,433,141,2.489533590855927,EXECUTE,SUCCESS,22837539,0,0.0
0,434,145,2.485526101251002,EXECUTE,SUCCESS,22837540,0,0.0
0,435,147,2.458854408052662,EXECUTE,SUCCESS,22837542,0,0.0
0,436,149,2.454796834770651,EXECUTE,SUCCESS,22837543,0,0.0
0,437,151,2.417481127123851,EXECUTE,SUCCESS,22837546,0,0.0
0,438,152,2.4133539939262962,EXECUTE,SUCCESS,22837547,0,0.0
0,439,153,2.4092197907206403,EXECUTE,SUCCESS,22837548,0,0.0
0,440,154,2.405078481047969,EXECUTE,SUCCESS,22837549,0,0.0
0,441,155,2.4009300281349315,EXECUTE,SUCCESS,22837550,0,0.0
0,442,158,2.3967743948899325,EXECUTE,SUCCESS,22837551,0,0.0
0,443,159,2.392603184817742,EXECUTE,SUCCESS,22837552,0,0.0
0,444,160,2.3884246900415347,EXECUTE,SUCCESS,22837553,0,0.0
0,445,163,2.384238872260915,EXECUTE,SUCCESS,22837554,0,0.0
0,446,165,2.38004569283869,EXECUTE,SUCCESS,22837555,0,0.0
0,447,167,2.3415133994918755,EXECUTE,SUCCESS,22837558,0,0.0
0,448,168,2.302336313399934,EXECUTE,SUCCESS,22837561,0,0.0
0,449,169,2.2624809391462284,EXECUTE,SUCCESS,22837564,0,0.0
0,450,171,2.2580616687770063,EXECUTE,SUCCESS,22837565,0,0.0
0,451,174,2.2536337324418976,EXECUTE,SUCCESS,22837566,0,0.0
0,452,176,2.249197078959511,EXECUTE,SUCCESS,22837567,0,0.0
0,453,182,2.208410061560125,EXECUTE,SUCCESS,22837570,0,0.0
0,454,183,2.2038823698192234,EXECUTE,SUCCESS,22837571,0,0.0
0,455,186,2.1993453571460746,EXECUTE,SUCCESS,22837572,0,0.0
0,456,189,2.1947989657369518,EXECUTE,SUCCESS,22837573,0,0.0
0,457,191,2.1902522685754704,EXECUTE,SUCCESS,22837574,0,0.0
0,458,192,2.1856961133698327,EXECUTE,SUCCESS,22837575,0,0.0
0,459,193,2.181121271273102,EXECUTE,SUCCESS,22837576,0,0.0
0,460,7,2.1765368133803737,EXECUTE,SUCCESS,22837577,0,0.0
0,461,15,2.061170783802252,EXECUTE,SUCCESS,22837582,0,0.0
0,462,16,2.0563189198176413,EXECUTE,SUCCESS,22837583,0,0.0
0,463,17,2.051455580801103,EXECUTE,SUCCESS,22837584,0,0.0
0,464,18,2.0465806849474544,EXECUTE,SUCCESS,22837585,0,0.0
0,465,19,2.041694149474889,EXECUTE,SUCCESS,22837586,0,0.0
0,466,20,2.036795890608578,EXECUTE,SUCCESS,22837587,0,0.0
0,467,21,2.0318858235639103,EXECUTE,SUCCESS,22837588,0,0.0
0,468,22,2.0269638625293718,EXECUTE,SUCCESS,22837589,0,0.0
0,469,23,2.0220299206490466,EXECUTE,SUCCESS,22837590,0,0.0
0,470,24,2.0170839100047346,EXECUTE,SUCCESS,22837591,0,0.0
0,471,25,2.012135681309784,EXECUTE,SUCCESS,22837592,0,0.0
0,472,26,2.0071752539327474,EXECUTE,SUCCESS,22837593,0,0.0
0,473,27,2.00220253720746,EXECUTE,SUCCESS,22837594,0,0.0
0,474,28,2.0000156249389653,EXECUTE,SUCCESS,22837595,0,0.0
0,475,29,2.00000562499209,EXECUTE,SUCCESS,22837596,0,0.0
0,476,30,2.00000562499209,EXECUTE,SUCCESS,22837597,0,0.0
0,477,31,2.00000562499209,EXECUTE,SUCCESS,22837598,0,0.0
0,478,35,2.000028124802249,EXECUTE,SUCCESS,22837603,0,0.0
0,479,36,2.0000156249389653,EXECUTE,SUCCESS,22837604,0,0.0
0,480,40,2.0000156249389653,EXECUTE,SUCCESS,22837605,0,0.0
0,481,41,2.0000156249389653,EXECUTE,SUCCESS,22837606,0,0.0
0,482,42,2.0000468744506965,EXECUTE,SUCCESS,22837609,0,0.0
0,483,44,2.0000156249389653,EXECUTE,SUCCESS,22837610,0,0.0
0,484,46,2.000031249755863,EXECUTE,SUCCESS,22837612,0,0.0
0,485,49,2.0000156249389653,EXECUTE,SUCCESS,22837613,0,0.0
0,486,51,2.0000156249389653,EXECUTE,SUCCESS,22837614,0,0.0
0,487,52,2.0000468744506965,EXECUTE,SUCCESS,22837617,0,0.0
0,488,54,2.0000468744506965,EXECUTE,SUCCESS,22837620,0,0.0
0,489,55,2.0000937478028376,EXECUTE,SUCCESS,22837626,0,0.0
0,490,56,2.0000937478028376,EXECUTE,SUCCESS,22837632,0,0.0
0,491,57,2.0000937478028376,EXECUTE,SUCCESS,22837638,0,0.0
0,492,58,2.0000937478028376,EXECUTE,SUCCESS,22837644,0,0.0
0,493,61,2.0000468744506965,EXECUTE,SUCCESS,22837647,0,0.0
0,494,62,2.0000468744506965,EXECUTE,SUCCESS,22837650,0,0.0
0,495,63,2.0000937478028376,EXECUTE,SUCCESS,22837656,0,0.0
0,496,64,2.0000937478028376,EXECUTE,SUCCESS,22837662,0,0.0
0,497,65,2.0000937478028376,EXECUTE,SUCCESS,22837668,0,0.0
0,498,66,2.0000937478028376,EXECUTE,SUCCESS,22837674,0,0.0
0,499,68,2.000031249755863,EXECUTE,SUCCESS,22837676,0,0.0
0,500,69,2.0000781234741805,EXECUTE,SUCCESS,22837681,0,0.0
0,501,70,2.0000337497152394,EXECUTE,SUCCESS,22837687,0,0.0
0,502,71,2.000028124802249,EXECUTE,SUCCESS,22837692,0,0.0
0,503,72,2.000028124802249,EXECUTE,SUCCESS,22837697,0,0.0
0,504,73,2.0000781234741805,EXECUTE,SUCCESS,22837702,0,0.0
0,505,76,2.0000468744506965,EXECUTE,SUCCESS,22837705,0,0.0
0,506,77,2.0000937478028376,EXECUTE,SUCCESS,22837711,0,0.0
0,507,78,2.0000937478028376,EXECUTE,SUCCESS,22837717,0,0.0
0,508,79,2.0000937478028376,EXECUTE,SUCCESS,22837723,0,0.0
0,509,80,2.0000937478028376,EXECUTE,SUCCESS,22837729,0,0.0
0,510,84,2.0000156249389653,EXECUTE,SUCCESS,22837730,0,0.0
0,511,86,2.0000156249389653,EXECUTE,SUCCESS,22837731,0,0.0
0,512,87,2.0000468744506965,EXECUTE,SUCCESS,22837734,0,0.0
0,513,88,2.0000937478028376,EXECUTE,SUCCESS,22837740,0,0.0
0,514,92,2.00000562499209,EXECUTE,SUCCESS,22837741,0,0.0
0,515,94,2.0,EXECUTE,CRASH,22837992,250,0.015625
0,414,116,2.991328300270634,EXECUTE,SUCCESS,22949994,0,0.0
0,415,117,2.969190125269852,EXECUTE,SUCCESS,22949996,0,0.0
0,416,120,2.946885644201349,EXECUTE,SUCCESS,22949998,0,0.0
0,417,121,2.9244110518188102,EXECUTE,SUCCESS,22950000,0,0.0
0,418,122,2.0,EXECUTE,CRASH,22950012,10,0.000625
0,414,116,3.0377829086358368,EXECUTE,SUCCESS,23046014,0,0.0
0,415,117,3.0159990053048764,EXECUTE,SUCCESS,23046016,0,0.0
0,416,120,2.994056612691217,EXECUTE,SUCCESS,23046018,0,0.0
0,417,121,2.971938761145661,EXECUTE,SUCCESS,23046020,0,0.0
0,418,122,2.949655064579587,EXECUTE,SUCCESS,23046022,0,0.0
0,419,123,2.92720173544633,EXECUTE,SUCCESS,23046024,0,0.0
0,420,124,2.90457483980014,EXECUTE,SUCCESS,23046026,0,0.0
0,421,127,2.9011338300740293,EXECUTE,SUCCESS,23046027,0,0.0
0,422,129,2.897688734146579,EXECUTE,SUCCESS,23046028,0,0.0
0,423,130,2.894239537426024,EXECUTE,SUCCESS,23046029,0,0.0
0,424,131,2.8626368962898536,EXECUTE,SUCCESS,23046032,0,0.0
0,425,132,2.8306814550563626,EXECUTE,SUCCESS,23046035,0,0.0
0,426,133,2.798382568556345,EXECUTE,SUCCESS,23046038,0,0.0
0,427,134,2.76570651009828,EXECUTE,SUCCESS,23046041,0,0.0
0,428,135,2.7326397493998376,EXECUTE,SUCCESS,23046044,0,0.0
0,429,136,2.6991456981793345,EXECUTE,SUCCESS,23046047,0,0.0
0,430,138,2.665230759240184,EXECUTE,SUCCESS,23046050,0,0.0
0,431,139,2.6308786555065606,EXECUTE,SUCCESS,23046053,0,0.0
0,432,140,2.596072032898935,EXECUTE,SUCCESS,23046056,0,0.0
0,433,141,2.5607923578455183,EXECUTE,SUCCESS,23046059,0,0.0
0,434,145,2.5568887343801276,EXECUTE,SUCCESS,23046060,0,0.0
0,435,147,2.5309533776820174,EXECUTE,SUCCESS,23046062,0,0.0
0,436,149,2.5270036604643082,EXECUTE,SUCCESS,23046063,0,0.0
0,437,151,2.4907458722238234,EXECUTE,SUCCESS,23046066,0,0.0
0,438,152,2.4867403362635216,EXECUTE,SUCCESS,23046067,0,0.0
0,439,153,2.482728337937925,EXECUTE,SUCCESS,23046068,0,0.0
0,440,154,2.4787098458674044,EXECUTE,SUCCESS,23046069,0,0.0
0,441,155,2.474684828417552,EXECUTE,SUCCESS,23046070,0,0.0
0,442,158,2.470645158657959,EXECUTE,SUCCESS,23046071,0,0.0
0,443,159,2.4666069812598863,EXECUTE,SUCCESS,23046072,0,0.0
0,444,160,2.462562181956023,EXECUTE,SUCCESS,23046073,0,0.0
0,445,163,2.4585025930431734,EXECUTE,SUCCESS,23046074,0,0.0
0,446,165,2.4544362896600123,EXECUTE,SUCCESS,23046075,0,0.0
0,447,167,2.4170901927731223,EXECUTE,SUCCESS,23046078,0,0.0
0,448,168,2.3791579392717943,EXECUTE,SUCCESS,23046081,0,0.0
0,449,169,2.3406110313334874,EXECUTE,SUCCESS,23046084,0,0.0
0,450,171,2.336339551520714,EXECUTE,SUCCESS,23046085,0,0.0
0,451,174,2.332060247935291,EXECUTE,SUCCESS,23046086,0,0.0
0,452,176,2.3277730774282985,EXECUTE,SUCCESS,23046087,0,0.0
0,453,182,2.2883607670120574,EXECUTE,SUCCESS,23046090,0,0.0
0,454,183,2.284000328371257,EXECUTE,SUCCESS,23046091,0,0.0
0,455,186,2.2796315491763153,EXECUTE,SUCCESS,23046092,0,0.0
0,456,189,2.27524559113956,EXECUTE,SUCCESS,23046093,0,0.0
0,457,191,2.270851162009524,EXECUTE,SUCCESS,23046094,0,0.0
0,458,192,2.266448212512257,EXECUTE,SUCCESS,23046095,0,0.0
0,459,193,2.2620366928942612,EXECUTE,SUCCESS,23046096,0,0.0
0,460,7,2.25761655291593,EXECUTE,SUCCESS,23046097,0,0.0
0,461,15,2.1466590320775225,EXECUTE,SUCCESS,23046102,0,0.0
0,462,16,2.142010154037559,EXECUTE,SUCCESS,23046103,0,0.0
0,463,17,2.1373511644088827,EXECUTE,SUCCESS,23046104,0,0.0
0,464,18,2.132681996923125,EXECUTE,SUCCESS,23046105,0,0.0
0,465,19,2.1280025845848987,EXECUTE,SUCCESS,23046106,0,0.0
0,466,20,2.1233128596605844,EXECUTE,SUCCESS,23046107,0,0.0
0,467,21,2.1186127536668917,EXECUTE,SUCCESS,23046108,0,0.0
0,468,22,2.1139021973591894,EXECUTE,SUCCESS,23046109,0,0.0
0,469,23,2.109181120719605,EXECUTE,SUCCESS,23046110,0,0.0
0,470,24,2.104439949250158,EXECUTE,SUCCESS,23046111,0,0.0
0,471,25,2.0996880720716606,EXECUTE,SUCCESS,23046112,0,0.0
0,472,26,2.094925416333481,EXECUTE,SUCCESS,23046113,0,0.0
0,473,27,2.0901519083549904,EXECUTE,SUCCESS,23046114,0,0.0
0,474,28,2.085367473612267,EXECUTE,SUCCESS,23046115,0,0.0
0,475,29,2.0805720367245177,EXECUTE,SUCCESS,23046116,0,0.0
0,476,30,2.0757751564174782,EXECUTE,SUCCESS,23046117,0,0.0
0,477,31,2.070957508014108,EXECUTE,SUCCESS,23046118,0,0.0
0,478,35,2.000028124802249,EXECUTE,SUCCESS,23046123,0,0.0
0,479,36,2.00000562499209,EXECUTE,SUCCESS,23046124,0,0.0
0,480,40,2.00000562499209,EXECUTE,SUCCESS,23046125,0,0.0
0,481,41,2.00000562499209,EXECUTE,SUCCESS,23046126,0,0.0
0,482,42,2.0000168749288094,EXECUTE,SUCCESS,23046129,0,0.0
0,483,44,2.00000562499209,EXECUTE,SUCCESS,23046130,0,0.0
0,484,46,2.000031249755863,EXECUTE,SUCCESS,23046132,0,0.0
0,485,49,2.0000156249389653,EXECUTE,SUCCESS,23046133,0,0.0
0,486,51,2.0000156249389653,EXECUTE,SUCCESS,23046134,0,0.0
0,487,52,2.0000468744506965,EXECUTE,SUCCESS,23046137,0,0.0
0,488,54,2.0000468744506965,EXECUTE,SUCCESS,23046140,0,0.0
0,489,55,2.0000337497152394,EXECUTE,SUCCESS,23046146,0,0.0
0,490,56,2.0000937478028376,EXECUTE,SUCCESS,23046152,0,0.0
0,491,57,2.0000937478028376,EXECUTE,SUCCESS,23046158,0,0.0
0,492,58,2.0000937478028376,EXECUTE,SUCCESS,23046164,0,0.0
0,493,61,2.0000468744506965,EXECUTE,SUCCESS,23046167,0,0.0
0,494,62,2.0000468744506965,EXECUTE,SUCCESS,23046170,0,0.0
0,495,63,2.0000937478028376,EXECUTE,SUCCESS,23046176,0,0.0
0,496,64,2.0000937478028376,EXECUTE,SUCCESS,23046182,0,0.0
0,497,65,2.0000937478028376,EXECUTE,SUCCESS,23046188,0,0.0
0,498,66,2.0000937478028376,EXECUTE,SUCCESS,23046194,0,0.0
0,499,68,2.000031249755863,EXECUTE,SUCCESS,23046196,0,0.0
0,500,69,2.0000781234741805,EXECUTE,SUCCESS,23046201,0,0.0
0,501,70,2.0000337497152394,EXECUTE,SUCCESS,23046207,0,0.0
0,502,71,2.000028124802249,EXECUTE,SUCCESS,23046212,0,0.0
0,503,72,2.000028124802249,EXECUTE,SUCCESS,23046217,0,0.0
0,504,73,2.0000781234741805,EXECUTE,SUCCESS,23046222,0,0.0
0,505,76,2.0000468744506965,EXECUTE,SUCCESS,23046225,0,0.0
0,506,77,2.0000937478028376,EXECUTE,SUCCESS,23046231,0,0.0
0,507,78,2.0000937478028376,EXECUTE,SUCCESS,23046237,0,0.0
0,508,79,2.0000937478028376,EXECUTE,SUCCESS,23046243,0,0.0
0,509,80,2.0000337497152394,EXECUTE,SUCCESS,23046249,0,0.0
0,510,84,2.00000562499209,EXECUTE,SUCCESS,23046250,0,0.0
0,511,86,2.00000562499209,EXECUTE,SUCCESS,23046251,0,0.0
0,512,87,2.0000168749288094,EXECUTE,SUCCESS,23046254,0,0.0
0,513,88,2.0000337497152394,EXECUTE,SUCCESS,23046260,0,0.0
0,514,92,2.00000562499209,EXECUTE,SUCCESS,23046261,0,0.0
0,515,94,2.0000156249389653,EXECUTE,SUCCESS,23046262,0,0.0
0,516,95,2.0000468744506965,EXECUTE,SUCCESS,23046265,0,0.0
0,517,96,2.0000781234741805,EXECUTE,SUCCESS,23046270,0,0.0
0,518,100,2.0000156249389653,EXECUTE,SUCCESS,23046271,0,0.0
0,519,102,2.0000156249389653,EXECUTE,SUCCESS,23046272,0,0.0
0,520,105,2.000031249755863,EXECUTE,SUCCESS,23046274,0,0.0
0,521,106,2.000031249755863,EXECUTE,SUCCESS,23046276,0,0.0
0,522,107,2.000031249755863,EXECUTE,SUCCESS,23046278,0,0.0
0,523,108,2.000031249755863,EXECUTE,SUCCESS,23046280,0,0.0
0,524,109,2.000031249755863,EXECUTE,SUCCESS,23046282,0,0.0
0,525,112,2.000031249755863,EXECUTE,SUCCESS,23046284,0,0.0
0,526,113,2.000031249755863,EXECUTE,SUCCESS,23046286,0,0.0
0,527,114,2.000031249755863,EXECUTE,SUCCESS,23046288,0,0.0
0,528,115,2.0000112499683596,EXECUTE,SUCCESS,23046290,0,0.0
0,529,116,2.0000112499683596,EXECUTE,SUCCESS,23046292,0,0.0
0,530,117,2.0000112499683596,EXECUTE,SUCCESS,23046294,0,0.0
0,531,120,2.0000112499683596,EXECUTE,SUCCESS,23046296,0,0.0
0,532,121,2.0000112499683596,EXECUTE,SUCCESS,23046298,0,0.0
0,533,122,2.000031249755863,EXECUTE,SUCCESS,23046300,0,0.0
0,534,123,2.000031249755863,EXECUTE,SUCCESS,23046302,0,0.0
0,535,124,2.000031249755863,EXECUTE,SUCCESS,23046304,0,0.0
0,536,127,2.0000156249389653,EXECUTE,SUCCESS,23046305,0,0.0
0,537,129,2.0000156249389653,EXECUTE,SUCCESS,23046306,0,0.0
0,538,130,2.0000156249389653,EXECUTE,SUCCESS,23046307,0,0.0
0,539,131,2.0000468744506965,EXECUTE,SUCCESS,23046310,0,0.0
0,540,132,2.0000168749288094,EXECUTE,SUCCESS,23046313,0,0.0
0,541,133,2.0000168749288094,EXECUTE,SUCCESS,23046316,0,0.0
0,542,134,2.0000168749288094,EXECUTE,SUCCESS,23046319,0,0.0
0,543,135,2.0000168749288094,EXECUTE,SUCCESS,23046322,0,0.0
0,544,136,2.0000468744506965,EXECUTE,SUCCESS,23046325,0,0.0
0,545,138,2.0000468744506965,EXECUTE,SUCCESS,23046328,0,0.0
0,546,139,2.0000468744506965,EXECUTE,SUCCESS,23046331,0,0.0
0,547,140,2.0000468744506965,EXECUTE,SUCCESS,23046334,0,0.0
0,548,141,2.0000468744506965,EXECUTE,SUCCESS,23046337,0,0.0
0,549,145,2.0000156249389653,EXECUTE,SUCCESS,23046338,0,0.0
0,550,147,2.000031249755863,EXECUTE,SUCCESS,23046340,0,0.0
0,551,149,2.0000156249389653,EXECUTE,SUCCESS,23046341,0,0.0
0,552,151,2.0000168749288094,EXECUTE,SUCCESS,23046344,0,0.0
0,553,152,2.00000562499209,EXECUTE,SUCCESS,23046345,0,0.0
0,554,153,2.0000156249389653,EXECUTE,SUCCESS,23046346,0,0.0
0,555,154,2.0000156249389653,EXECUTE,SUCCESS,23046347,0,0.0
0,556,155,2.0000156249389653,EXECUTE,SUCCESS,23046348,0,0.0
0,557,158,2.0000156249389653,EXECUTE,SUCCESS,23046349,0,0.0
0,558,159,2.0000156249389653,EXECUTE,SUCCESS,23046350,0,0.0
0,559,160,2.0000156249389653,EXECUTE,SUCCESS,23046351,0,0.0
0,560,163,2.0000156249389653,EXECUTE,SUCCESS,23046352,0,0.0
0,561,165,2.0000156249389653,EXECUTE,SUCCESS,23046353,0,0.0
0,562,167,2.0,EXECUTE,CRASH,23046700,344,0.0215
0,414,116,3.004670531023328,EXECUTE,SUCCESS,23190702,0,0.0
0,415,117,2.9826447995026175,EXECUTE,SUCCESS,23190704,0,0.0
0,416,120,2.960455201485071,EXECUTE,SUCCESS,23190706,0,0.0
0,417,121,2.9380980242326857,EXECUTE,SUCCESS,23190708,0,0.0
0,418,122,2.9155694126533866,EXECUTE,SUCCESS,23190710,0,0.0
0,419,123,2.8928653615403563,EXECUTE,SUCCESS,23190712,0,0.0
0,420,124,2.869981707258779,EXECUTE,SUCCESS,23190714,0,0.0
0,421,127,2.8665061486066996,EXECUTE,SUCCESS,23190715,0,0.0
0,422,129,2.863026370818126,EXECUTE,SUCCESS,23190716,0,0.0
0,423,130,2.859535364355547,EXECUTE,SUCCESS,23190717,0,0.0
0,424,131,2.8275448714388265,EXECUTE,SUCCESS,23190720,0,0.0
0,425,132,2.795188276306269,EXECUTE,SUCCESS,23190723,0,0.0
0,426,133,2.0,EXECUTE,CRASH,23190752,26,0.001625
0,414,116,3.017953776982014,EXECUTE,SUCCESS,23366754,0,0.0
0,415,117,2.99601234977428,EXECUTE,SUCCESS,23366756,0,0.0
0,416,120,2.9739224939463376,EXECUTE,SUCCESS,23366758,0,0.0
0,417,121,2.9516673254281227,EXECUTE,SUCCESS,23366760,0,0.0
0,418,122,2.9292430762912125,EXECUTE,SUCCESS,23366762,0,0.0
0,419,123,2.9066320716595704,EXECUTE,SUCCESS,23366764,0,0.0
0,420,124,2.8838437891120257,EXECUTE,SUCCESS,23366766,0,0.0
0,421,127,2.8803780133864385,EXECUTE,SUCCESS,23366767,0,0.0
0,422,129,2.876915014386071,EXECUTE,SUCCESS,23366768,0,0.0
0,423,130,2.8734478418791607,EXECUTE,SUCCESS,23366769,0,0.0
0,424,131,2.8416350926887155,EXECUTE,SUCCESS,23366772,0,0.0
0,425,132,2.8094621371358617,EXECUTE,SUCCESS,23366775,0,0.0
0,426,133,2.7769164553511514,EXECUTE,SUCCESS,23366778,0,0.0
0,427,134,2.743984784943241,EXECUTE,SUCCESS,23366781,0,0.0
0,428,135,2.71065305784418,EXECUTE,SUCCESS,23366784,0,0.0
0,429,136,2.6769063300758216,EXECUTE,SUCCESS,23366787,0,0.0
0,430,138,2.6427287034427134,EXECUTE,SUCCESS,23366790,0,0.0
0,431,139,2.608103237987332,EXECUTE,SUCCESS,23366793,0,0.0
0,432,140,2.5729885347587547,EXECUTE,SUCCESS,23366796,0,0.0
0,433,141,2.5373879285596055,EXECUTE,SUCCESS,23366799,0,0.0
0,434,145,2.533456137374398,EXECUTE,SUCCESS,23366800,0,0.0
0,435,147,2.507294358466912,EXECUTE,SUCCESS,23366802,0,0.0
0,436,149,2.5033153017548555,EXECUTE,SUCCESS,23366803,0,0.0
0,437,151,2.4667093464776113,EXECUTE,SUCCESS,23366806,0,0.0
0,438,152,2.4626565940057503,EXECUTE,SUCCESS,23366807,0,0.0
0,439,153,2.4585971609842883,EXECUTE,SUCCESS,23366808,0,0.0
0,440,154,2.454531014267288,EXECUTE,SUCCESS,23366809,0,0.0
0,441,155,2.45045812043381,EXECUTE,SUCCESS,23366810,0,0.0
0,442,158,2.446378445784707,EXECUTE,SUCCESS,23366811,0,0.0
0,443,159,2.4422919563393726,EXECUTE,SUCCESS,23366812,0,0.0
0,444,160,2.4381986178324357,EXECUTE,SUCCESS,23366813,0,0.0
0,445,163,2.4340983957104116,EXECUTE,SUCCESS,23366814,0,0.0
0,446,165,2.4299912551282974,EXECUTE,SUCCESS,23366815,0,0.0
0,447,167,2.3922635724351102,EXECUTE,SUCCESS,23366818,0,0.0
0,448,168,2.3539312861678856,EXECUTE,SUCCESS,23366821,0,0.0
0,449,169,2.3149643625766676,EXECUTE,SUCCESS,23366824,0,0.0
0,450,171,2.3106454725898558,EXECUTE,SUCCESS,23366825,0,0.0
0,451,174,2.30631849491782,EXECUTE,SUCCESS,23366826,0,0.0
0,452,176,2.301983383953933,EXECUTE,SUCCESS,23366827,0,0.0
0,453,182,2.2621217915930174,EXECUTE,SUCCESS,23366830,0,0.0
0,454,183,2.257701818221353,EXECUTE,SUCCESS,23366831,0,0.0
0,455,186,2.253273174739362,EXECUTE,SUCCESS,23366832,0,0.0
0,456,189,2.248844703397725,EXECUTE,SUCCESS,23366833,0,0.0
0,457,191,2.244398583139813,EXECUTE,SUCCESS,23366834,0,0.0
0,458,192,2.239952566462067,EXECUTE,SUCCESS,23366835,0,0.0
0,459,193,2.2354977074468225,EXECUTE,SUCCESS,23366836,0,0.0
0,460,7,2.2310249886543176,EXECUTE,SUCCESS,23366837,0,0.0
0,461,15,2.118628093838085,EXECUTE,SUCCESS,23366842,0,0.0
0,462,16,2.1139081105856987,EXECUTE,SUCCESS,23366843,0,0.0
0,463,17,2.1091870471819227,EXECUTE,SUCCESS,23366844,0,0.0
0,464,18,2.1044553927322855,EXECUTE,SUCCESS,23366845,0,0.0
0,465,19,2.099713075636764,EXECUTE,SUCCESS,23366846,0,0.0
0,466,20,2.0949600234849353,EXECUTE,SUCCESS,23366847,0,0.0
0,467,21,2.090196163043077,EXECUTE,SUCCESS,23366848,0,0.0
0,468,22,2.0854214202410026,EXECUTE,SUCCESS,23366849,0,0.0
0,469,23,2.0806261076897026,EXECUTE,SUCCESS,23366850,0,0.0
0,470,24,2.075819717605554,EXECUTE,SUCCESS,23366851,0,0.0
0,471,25,2.071002172862212,EXECUTE,SUCCESS,23366852,0,0.0
0,472,26,2.066173395434179,EXECUTE,SUCCESS,23366853,0,0.0
0,473,27,2.0613333063820622,EXECUTE,SUCCESS,23366854,0,0.0
0,474,28,2.0564818258375164,EXECUTE,SUCCESS,23366855,0,0.0
0,475,29,2.0516286213640145,EXECUTE,SUCCESS,23366856,0,0.0
0,476,30,2.046763909199106,EXECUTE,SUCCESS,23366857,0,0.0
0,477,31,2.041887607093007,EXECUTE,SUCCESS,23366858,0,0.0
0,478,35,2.0000781234741805,EXECUTE,SUCCESS,23366863,0,0.0
0,479,36,2.0000156249389653,EXECUTE,SUCCESS,23366864,0,0.0
0,480,40,2.0000156249389653,EXECUTE,SUCCESS,23366865,0,0.0
0,481,41,2.0000156249389653,EXECUTE,SUCCESS,23366866,0,0.0
0,482,42,2.0000468744506965,EXECUTE,SUCCESS,23366869,0,0.0
0,483,44,2.00000562499209,EXECUTE,SUCCESS,23366870,0,0.0
0,484,46,2.0000112499683596,EXECUTE,SUCCESS,23366872,0,0.0
0,485,49,2.00000562499209,EXECUTE,SUCCESS,23366873,0,0.0
0,486,51,2.00000562499209,EXECUTE,SUCCESS,23366874,0,0.0
0,487,52,2.0000168749288094,EXECUTE,SUCCESS,23366877,0,0.0
0,488,54,2.0000168749288094,EXECUTE,SUCCESS,23366880,0,0.0
0,489,55,2.0000337497152394,EXECUTE,SUCCESS,23366886,0,0.0
0,490,56,2.0000337497152394,EXECUTE,SUCCESS,23366892,0,0.0
0,491,57,2.0000937478028376,EXECUTE,SUCCESS,23366898,0,0.0
0,492,58,2.0000337497152394,EXECUTE,SUCCESS,23366904,0,0.0
0,493,61,2.0000168749288094,EXECUTE,SUCCESS,23366907,0,0.0
0,494,62,2.0000468744506965,EXECUTE,SUCCESS,23366910,0,0.0
0,495,63,2.0000937478028376,EXECUTE,SUCCESS,23366916,0,0.0
0,496,64,2.0000937478028376,EXECUTE,SUCCESS,23366922,0,0.0
0,497,65,2.0000337497152394,EXECUTE,SUCCESS,23366928,0,0.0
0,498,66,2.0000337497152394,EXECUTE,SUCCESS,23366934,0,0.0
0,499,68,2.0000112499683596,EXECUTE,SUCCESS,23366936,0,0.0
0,500,69,2.0000781234741805,EXECUTE,SUCCESS,23366941,0,0.0
0,501,70,2.0000937478028376,EXECUTE,SUCCESS,23366947,0,0.0
0,502,71,2.0000781234741805,EXECUTE,SUCCESS,23366952,0,0.0
0,503,72,2.0000781234741805,EXECUTE,SUCCESS,23366957,0,0.0
0,504,73,2.0000781234741805,EXECUTE,SUCCESS,23366962,0,0.0
0,505,76,2.0000468744506965,EXECUTE,SUCCESS,23366965,0,0.0
0,506,77,2.0000937478028376,EXECUTE,SUCCESS,23366971,0,0.0
0,507,78,2.0000337497152394,EXECUTE,SUCCESS,23366977,0,0.0
0,508,79,2.0000337497152394,EXECUTE,SUCCESS,23366983,0,0.0
0,509,80,2.0000337497152394,EXECUTE,SUCCESS,23366989,0,0.0
0,510,84,2.00000562499209,EXECUTE,SUCCESS,23366990,0,0.0
0,511,86,2.00000562499209,EXECUTE,SUCCESS,23366991,0,0.0
0,512,87,2.0000468744506965,EXECUTE,SUCCESS,23366994,0,0.0
0,513,88,2.0000937478028376,EXECUTE,SUCCESS,23367000,0,0.0
0,514,92,2.0000156249389653,EXECUTE,SUCCESS,23367001,0,0.0
0,515,94,2.0000156249389653,EXECUTE,SUCCESS,23367002,0,0.0
0,516,95,2.0000468744506965,EXECUTE,SUCCESS,23367005,0,0.0
0,517,96,2.0000781234741805,EXECUTE,SUCCESS,23367010,0,0.0
0,518,100,2.0000156249389653,EXECUTE,SUCCESS,23367011,0,0.0
0,519,102,2.00000562499209,EXECUTE,SUCCESS,23367012,0,0.0
0,520,105,2.000031249755863,EXECUTE,SUCCESS,23367014,0,0.0
0,521,106,2.0000112499683596,EXECUTE,SUCCESS,23367016,0,0.0
0,522,107,2.0000112499683596,EXECUTE,SUCCESS,23367018,0,0.0
0,523,108,2.0000112499683596,EXECUTE,SUCCESS,23367020,0,0.0
0,524,109,2.0000112499683596,EXECUTE,SUCCESS,23367022,0,0.0
0,525,112,2.0000112499683596,EXECUTE,SUCCESS,23367024,0,0.0
0,526,113,2.0000112499683596,EXECUTE,SUCCESS,23367026,0,0.0
0,527,114,2.000031249755863,EXECUTE,SUCCESS,23367028,0,0.0
0,528,115,2.000031249755863,EXECUTE,SUCCESS,23367030,0,0.0
0,529,116,2.000031249755863,EXECUTE,SUCCESS,23367032,0,0.0
0,530,117,2.0000112499683596,EXECUTE,SUCCESS,23367034,0,0.0
0,531,120,2.0000112499683596,EXECUTE,SUCCESS,23367036,0,0.0
0,532,121,2.0000112499683596,EXECUTE,SUCCESS,23367038,0,0.0
0,533,122,2.0000112499683596,EXECUTE,SUCCESS,23367040,0,0.0
0,534,123,2.0000112499683596,EXECUTE,SUCCESS,23367042,0,0.0
0,535,124,2.0000112499683596,EXECUTE,SUCCESS,23367044,0,0.0
0,536,127,2.00000562499209,EXECUTE,SUCCESS,23367045,0,0.0
0,537,129,2.00000562499209,EXECUTE,SUCCESS,23367046,0,0.0
0,538,130,2.00000562499209,EXECUTE,SUCCESS,23367047,0,0.0
0,539,131,2.0000468744506965,EXECUTE,SUCCESS,23367050,0,0.0
0,540,132,2.0000168749288094,EXECUTE,SUCCESS,23367053,0,0.0
0,541,133,2.0000168749288094,EXECUTE,SUCCESS,23367056,0,0.0
0,542,134,2.0000168749288094,EXECUTE,SUCCESS,23367059,0,0.0
0,543,135,2.0000168749288094,EXECUTE,SUCCESS,23367062,0,0.0
0,544,136,2.0000168749288094,EXECUTE,SUCCESS,23367065,0,0.0
0,545,138,2.0000168749288094,EXECUTE,SUCCESS,23367068,0,0.0
0,546,139,2.0000168749288094,EXECUTE,SUCCESS,23367071,0,0.0
0,547,140,2.0000168749288094,EXECUTE,SUCCESS,23367074,0,0.0
0,548,141,2.0000168749288094,EXECUTE,SUCCESS,23367077,0,0.0
0,549,145,2.00000562499209,EXECUTE,SUCCESS,23367078,0,0.0
0,550,147,2.0000112499683596,EXECUTE,SUCCESS,23367080,0,0.0
0,551,149,2.0000156249389653,EXECUTE,SUCCESS,23367081,0,0.0
0,552,151,2.0000468744506965,EXECUTE,SUCCESS,23367084,0,0.0
0,553,152,2.00000562499209,EXECUTE,SUCCESS,23367085,0,0.0
0,554,153,2.00000562499209,EXECUTE,SUCCESS,23367086,0,0.0
0,555,154,2.00000562499209,EXECUTE,SUCCESS,23367087,0,0.0
0,556,155,2.00000562499209,EXECUTE,SUCCESS,23367088,0,0.0
0,557,158,2.0000156249389653,EXECUTE,SUCCESS,23367089,0,0.0
0,558,159,2.0000156249389653,EXECUTE,SUCCESS,23367090,0,0.0
0,559,160,2.0000156249389653,EXECUTE,SUCCESS,23367091,0,0.0
0,560,163,2.0000156249389653,EXECUTE,SUCCESS,23367092,0,0.0
0,561,165,2.0000156249389653,EXECUTE,SUCCESS,23367093,0,0.0
0,562,167,2.0000468744506965,EXECUTE,SUCCESS,23367096,0,0.0
0,563,168,2.0000468744506965,EXECUTE,SUCCESS,23367099,0,0.0
0,564,169,2.0000468744506965,EXECUTE,SUCCESS,23367102,0,0.0
0,565,171,2.0000156249389653,EXECUTE,SUCCESS,23367103,0,0.0
0,566,174,2.0000156249389653,EXECUTE,SUCCESS,23367104,0,0.0
0,567,176,2.0000156249389653,EXECUTE,SUCCESS,23367105,0,0.0
0,568,182,2.0000468744506965,EXECUTE,SUCCESS,23367108,0,0.0
0,569,183,2.0000156249389653,EXECUTE,SUCCESS,23367109,0,0.0
0,570,186,2.0000156249389653,EXECUTE,SUCCESS,23367110,0,0.0
0,571,189,2.00000562499209,EXECUTE,SUCCESS,23367111,0,0.0
0,572,191,2.00000562499209,EXECUTE,SUCCESS,23367112,0,0.0
0,573,192,2.00000562499209,EXECUTE,SUCCESS,23367113,0,0.0
0,574,193,2.00000562499209,EXECUTE,SUCCESS,23367114,0,0.0
