Epoch,PC_Index,Source_Line,Voltage,Action,Status,Total_Cycles,Wasted_Cycles,Wasted_Time_ms
0,0,7,3.296977782758021,EXECUTE,SUCCESS,1,0,0.0
0,1,15,3.222014121632616,EXECUTE,SUCCESS,6,0,0.0
0,2,16,3.2189186849002565,EXECUTE,SUCCESS,7,0,0.0
0,3,17,3.2158202686095496,EXECUTE,SUCCESS,8,0,0.0
0,4,18,3.2127188641398416,EXECUTE,SUCCESS,9,0,0.0
0,5,19,3.209614462828829,EXECUTE,SUCCESS,10,0,0.0
0,6,20,3.2065070559722755,EXECUTE,SUCCESS,11,0,0.0
0,7,21,3.2033966348237284,EXECUTE,SUCCESS,12,0,0.0
0,8,22,3.2002831905942304,EXECUTE,SUCCESS,13,0,0.0
0,9,23,3.1971667144520297,EXECUTE,SUCCESS,14,0,0.0
0,10,24,3.194047197522289,EXECUTE,SUCCESS,15,0,0.0
0,11,25,3.190924630886789,EXECUTE,SUCCESS,16,0,0.0
0,12,26,3.1877990055836314,EXECUTE,SUCCESS,17,0,0.0
0,13,27,3.1846703126069404,EXECUTE,SUCCESS,18,0,0.0
0,14,28,3.1815385429065586,EXECUTE,SUCCESS,19,0,0.0
0,15,29,3.178403687387741,EXECUTE,SUCCESS,20,0,0.0
0,16,30,3.175265736910848,EXECUTE,SUCCESS,21,0,0.0
0,17,31,3.172124682291033,EXECUTE,SUCCESS,22,0,0.0
0,18,35,3.0941376019821725,EXECUTE,SUCCESS,27,0,0.0
0,19,36,3.090914104274007,EXECUTE,SUCCESS,28,0,0.0
0,20,40,3.0876872412859413,EXECUTE,SUCCESS,29,0,0.0
0,21,41,3.084457002456022,EXECUTE,SUCCESS,30,0,0.0
0,22,42,3.047550245689148,EXECUTE,SUCCESS,33,0,0.0
0,23,44,3.044277418370406,EXECUTE,SUCCESS,34,0,0.0
0,24,46,3.0327792534241564,EXECUTE,SUCCESS,36,0,0.0
0,25,49,3.029490468709215,EXECUTE,SUCCESS,37,0,0.0
0,26,51,3.0261981098401307,EXECUTE,SUCCESS,38,0,0.0
0,27,52,2.9885719834061186,EXECUTE,SUCCESS,41,0,0.0
0,28,54,2.957997633535223,EXECUTE,SUCCESS,44,0,0.0
0,29,55,2.8655060635078025,EXECUTE,SUCCESS,50,0,0.0
0,30,56,2.769927796892905,EXECUTE,SUCCESS,56,0,0.0
0,31,57,2.6709314854559603,EXECUTE,SUCCESS,62,0,0.0
0,32,58,2.568121881842835,EXECUTE,SUCCESS,68,0,0.0
0,33,61,2.5324765546792305,EXECUTE,SUCCESS,71,0,0.0
0,34,62,2.496322294897032,EXECUTE,SUCCESS,74,0,0.0
0,35,63,2.3860008382228166,EXECUTE,SUCCESS,80,0,0.0
0,36,64,2.270324866621511,EXECUTE,SUCCESS,86,0,0.0
0,37,65,2.1484296590765966,EXECUTE,SUCCESS,92,0,0.0
0,38,66,2.019189193711174,EXECUTE,SUCCESS,98,0,0.0
0,39,68,2.001811679454384,EXECUTE,SUCCESS,100,0,0.0
0,40,69,2.0000781234741805,EXECUTE,SUCCESS,105,0,0.0
0,41,70,2.0000937478028376,EXECUTE,SUCCESS,111,0,0.0
0,42,71,2.0000781234741805,EXECUTE,SUCCESS,116,0,0.0
0,43,72,2.0000781234741805,EXECUTE,SUCCESS,121,0,0.0
0,44,73,2.0000781234741805,EXECUTE,SUCCESS,126,0,0.0
0,45,76,2.0000468744506965,EXECUTE,SUCCESS,129,0,0.0
0,46,77,2.0000937478028376,EXECUTE,SUCCESS,135,0,0.0
0,47,78,2.0000937478028376,EXECUTE,SUCCESS,141,0,0.0
0,48,79,2.0000937478028376,EXECUTE,SUCCESS,147,0,0.0
0,49,80,2.0000937478028376,EXECUTE,SUCCESS,153,0,0.0
0,50,84,2.0000156249389653,EXECUTE,SUCCESS,154,0,0.0
0,51,86,2.0000156249389653,EXECUTE,SUCCESS,155,0,0.0
0,52,87,2.0000468744506965,EXECUTE,SUCCESS,158,0,0.0
0,53,88,2.0000937478028376,EXECUTE,SUCCESS,164,0,0.0
0,54,92,2.0000156249389653,EXECUTE,SUCCESS,165,0,0.0
0,55,94,2.0000156249389653,EXECUTE,SUCCESS,166,0,0.0
0,56,95,2.0000468744506965,EXECUTE,SUCCESS,169,0,0.0
0,57,96,2.0000781234741805,EXECUTE,SUCCESS,174,0,0.0
0,58,100,2.0000156249389653,EXECUTE,SUCCESS,175,0,0.0
0,59,102,2.0000156249389653,EXECUTE,SUCCESS,176,0,0.0
0,60,105,2.000031249755863,EXECUTE,SUCCESS,178,0,0.0
0,61,106,2.000031249755863,EXECUTE,SUCCESS,180,0,0.0
0,62,107,2.000031249755863,EXECUTE,SUCCESS,182,0,0.0
0,63,108,2.000031249755863,EXECUTE,SUCCESS,184,0,0.0
0,64,109,2.000031249755863,EXECUTE,SUCCESS,186,0,0.0
0,65,112,2.000031249755863,EXECUTE,SUCCESS,188,0,0.0
0,66,113,2.000031249755863,EXECUTE,SUCCESS,190,0,0.0
0,67,114,2.000031249755863,EXECUTE,SUCCESS,192,0,0.0
0,68,115,2.000031249755863,EXECUTE,SUCCESS,194,0,0.0
0,69,116,2.000031249755863,EXECUTE,SUCCESS,196,0,0.0
0,70,117,2.000031249755863,EXECUTE,SUCCESS,198,0,0.0
0,71,120,2.000031249755863,EXECUTE,SUCCESS,200,0,0.0
0,72,121,2.000031249755863,EXECUTE,SUCCESS,202,0,0.0
0,73,122,2.000031249755863,EXECUTE,SUCCESS,204,0,0.0
0,74,123,2.000031249755863,EXECUTE,SUCCESS,206,0,0.0
0,75,124,2.000031249755863,EXECUTE,SUCCESS,208,0,0.0
0,76,127,2.0000156249389653,EXECUTE,SUCCESS,209,0,0.0
0,77,129,2.0000156249389653,EXECUTE,SUCCESS,210,0,0.0
0,78,130,2.0000156249389653,EXECUTE,SUCCESS,211,0,0.0
0,79,131,2.0000468744506965,EXECUTE,SUCCESS,214,0,0.0
0,80,132,2.0000468744506965,EXECUTE,SUCCESS,217,0,0.0
0,81,133,2.0000468744506965,EXECUTE,SUCCESS,220,0,0.0
0,82,134,2.0000468744506965,EXECUTE,SUCCESS,223,0,0.0
0,83,135,2.0000468744506965,EXECUTE,SUCCESS,226,0,0.0
0,84,136,2.0000468744506965,EXECUTE,SUCCESS,229,0,0.0
0,85,138,2.0000468744506965,EXECUTE,SUCCESS,232,0,0.0
0,86,139,2.0000468744506965,EXECUTE,SUCCESS,235,0,0.0
0,87,140,2.0000468744506965,EXECUTE,SUCCESS,238,0,0.0
0,88,141,2.0000468744506965,EXECUTE,SUCCESS,241,0,0.0
0,89,145,2.0000156249389653,EXECUTE,SUCCESS,242,0,0.0
0,90,147,2.000031249755863,EXECUTE,SUCCESS,244,0,0.0
0,91,149,2.0000156249389653,EXECUTE,SUCCESS,245,0,0.0
0,92,151,2.0000468744506965,EXECUTE,SUCCESS,248,0,0.0
0,93,152,2.0000156249389653,EXECUTE,SUCCESS,249,0,0.0
0,94,153,2.0000156249389653,EXECUTE,SUCCESS,250,0,0.0
0,95,154,2.0000156249389653,EXECUTE,SUCCESS,251,0,0.0
0,96,155,2.0000156249389653,EXECUTE,SUCCESS,252,0,0.0
0,97,158,2.0000156249389653,EXECUTE,SUCCESS,253,0,0.0
0,98,159,2.0000156249389653,EXECUTE,SUCCESS,254,0,0.0
0,99,160,2.0000156249389653,EXECUTE,SUCCESS,255,0,0.0
0,100,163,2.0000156249389653,EXECUTE,SUCCESS,256,0,0.0
0,101,165,2.0000156249389653,EXECUTE,SUCCESS,257,0,0.0
0,102,167,2.0000468744506965,EXECUTE,SUCCESS,260,0,0.0
0,103,168,2.0000468744506965,EXECUTE,SUCCESS,263,0,0.0
0,104,169,2.0000468744506965,EXECUTE,SUCCESS,266,0,0.0
0,105,171,2.0000156249389653,EXECUTE,SUCCESS,267,0,0.0
0,106,174,2.0000156249389653,EXECUTE,SUCCESS,268,0,0.0
0,107,176,2.0,EXECUTE,CRASH,538,269,0.0168125
0,0,7,2.996675240996262,EXECUTE,SUCCESS,80539,0,0.0
0,1,15,2.913996396703332,EXECUTE,SUCCESS,80544,0,0.0
0,2,16,2.9105733971161083,EXECUTE,SUCCESS,80545,0,0.0
0,3,17,2.907146367144248,EXECUTE,SUCCESS,80546,0,0.0
0,4,18,2.9037152925175014,EXECUTE,SUCCESS,80547,0,0.0
0,5,19,2.900280158881207,EXECUTE,SUCCESS,80548,0,0.0
0,6,20,2.8968409517955935,EXECUTE,SUCCESS,80549,0,0.0
0,7,21,2.893397656735071,EXECUTE,SUCCESS,80550,0,0.0
0,8,22,2.889950259087516,EXECUTE,SUCCESS,80551,0,0.0
0,9,23,2.886498744153547,EXECUTE,SUCCESS,80552,0,0.0
0,10,24,2.883043097145792,EXECUTE,SUCCESS,80553,0,0.0
0,11,25,2.879583303188154,EXECUTE,SUCCESS,80554,0,0.0
0,12,26,2.876119347315058,EXECUTE,SUCCESS,80555,0,0.0
0,13,27,2.0,EXECUTE,CRASH,80574,18,0.001125
0,0,7,2.996675240996262,EXECUTE,SUCCESS,160575,0,0.0
0,1,15,2.913996396703332,EXECUTE,SUCCESS,160580,0,0.0
0,2,16,2.9105733971161083,EXECUTE,SUCCESS,160581,0,0.0
0,3,17,2.907146367144248,EXECUTE,SUCCESS,160582,0,0.0
0,4,18,2.9037152925175014,EXECUTE,SUCCESS,160583,0,0.0
0,5,19,2.900280158881207,EXECUTE,SUCCESS,160584,0,0.0
0,6,20,2.8968409517955935,EXECUTE,SUCCESS,160585,0,0.0
0,7,21,2.893397656735071,EXECUTE,SUCCESS,160586,0,0.0
0,8,22,2.889950259087516,EXECUTE,SUCCESS,160587,0,0.0
0,9,23,2.886498744153547,EXECUTE,SUCCESS,160588,0,0.0
0,10,24,2.883043097145792,EXECUTE,SUCCESS,160589,0,0.0
0,11,25,2.879583303188154,EXECUTE,SUCCESS,160590,0,0.0
0,12,26,2.876119347315058,EXECUTE,SUCCESS,160591,0,0.0
0,13,27,2.8726512144707015,EXECUTE,SUCCESS,160592,0,0.0
0,14,28,2.8691788895082846,EXECUTE,SUCCESS,160593,0,0.0
0,15,29,2.865702357189244,EXECUTE,SUCCESS,160594,0,0.0
0,16,30,2.8622216021824705,EXECUTE,SUCCESS,160595,0,0.0
0,17,31,2.0,EXECUTE,CRASH,160618,22,0.001375
0,0,7,2.996675240996262,EXECUTE,SUCCESS,240619,0,0.0
0,1,15,2.913996396703332,EXECUTE,SUCCESS,240624,0,0.0
0,2,16,2.9105733971161083,EXECUTE,SUCCESS,240625,0,0.0
0,3,17,2.907146367144248,EXECUTE,SUCCESS,240626,0,0.0
0,4,18,2.9037152925175014,EXECUTE,SUCCESS,240627,0,0.0
0,5,19,2.900280158881207,EXECUTE,SUCCESS,240628,0,0.0
0,6,20,2.8968409517955935,EXECUTE,SUCCESS,240629,0,0.0
0,7,21,2.893397656735071,EXECUTE,SUCCESS,240630,0,0.0
0,8,22,2.889950259087516,EXECUTE,SUCCESS,240631,0,0.0
0,9,23,2.886498744153547,EXECUTE,SUCCESS,240632,0,0.0
0,10,24,2.883043097145792,EXECUTE,SUCCESS,240633,0,0.0
0,11,25,2.879583303188154,EXECUTE,SUCCESS,240634,0,0.0
0,12,26,2.876119347315058,EXECUTE,SUCCESS,240635,0,0.0
0,13,27,2.8726512144707015,EXECUTE,SUCCESS,240636,0,0.0
0,14,28,2.8691788895082846,EXECUTE,SUCCESS,240637,0,0.0
0,15,29,2.865702357189244,EXECUTE,SUCCESS,240638,0,0.0
0,16,30,2.8622216021824705,EXECUTE,SUCCESS,240639,0,0.0
0,17,31,2.858736609063519,EXECUTE,SUCCESS,240640,0,0.0
0,18,35,2.7719465182430896,EXECUTE,SUCCESS,240645,0,0.0
0,19,36,2.7683478827632895,EXECUTE,SUCCESS,240646,0,0.0
0,20,40,2.7647445632463024,EXECUTE,SUCCESS,240647,0,0.0
0,21,41,2.761136541353938,EXECUTE,SUCCESS,240648,0,0.0
0,22,42,2.7198460434370153,EXECUTE,SUCCESS,240651,0,0.0
0,23,44,2.716178381476442,EXECUTE,SUCCESS,240652,0,0.0
0,24,46,2.703285038615052,EXECUTE,SUCCESS,240654,0,0.0
0,25,49,2.6995948770139533,EXECUTE,SUCCESS,240655,0,0.0
0,26,51,2.6958996643050317,EXECUTE,SUCCESS,240656,0,0.0
0,27,52,2.0,EXECUTE,CRASH,240700,41,0.0025625
0,0,7,2.996675240996262,EXECUTE,SUCCESS,320701,0,0.0
0,1,15,2.913996396703332,EXECUTE,SUCCESS,320706,0,0.0
0,2,16,2.9105733971161083,EXECUTE,SUCCESS,320707,0,0.0
0,3,17,2.907146367144248,EXECUTE,SUCCESS,320708,0,0.0
0,4,18,2.9037152925175014,EXECUTE,SUCCESS,320709,0,0.0
0,5,19,2.900280158881207,EXECUTE,SUCCESS,320710,0,0.0
0,6,20,2.8968409517955935,EXECUTE,SUCCESS,320711,0,0.0
0,7,21,2.893397656735071,EXECUTE,SUCCESS,320712,0,0.0
0,8,22,2.889950259087516,EXECUTE,SUCCESS,320713,0,0.0
0,9,23,2.886498744153547,EXECUTE,SUCCESS,320714,0,0.0
0,10,24,2.883043097145792,EXECUTE,SUCCESS,320715,0,0.0
0,11,25,2.879583303188154,EXECUTE,SUCCESS,320716,0,0.0
0,12,26,2.876119347315058,EXECUTE,SUCCESS,320717,0,0.0
0,13,27,2.0,EXECUTE,CRASH,320736,18,0.001125
0,0,7,2.996675240996262,EXECUTE,SUCCESS,400737,0,0.0
0,1,15,2.913996396703332,EXECUTE,SUCCESS,400742,0,0.0
0,2,16,2.9105733971161083,EXECUTE,SUCCESS,400743,0,0.0
0,3,17,2.907146367144248,EXECUTE,SUCCESS,400744,0,0.0
0,4,18,2.9037152925175014,EXECUTE,SUCCESS,400745,0,0.0
0,5,19,2.900280158881207,EXECUTE,SUCCESS,400746,0,0.0
0,6,20,2.8968409517955935,EXECUTE,SUCCESS,400747,0,0.0
0,7,21,2.893397656735071,EXECUTE,SUCCESS,400748,0,0.0
0,8,22,2.889950259087516,EXECUTE,SUCCESS,400749,0,0.0
0,9,23,2.886498744153547,EXECUTE,SUCCESS,400750,0,0.0
0,10,24,2.883043097145792,EXECUTE,SUCCESS,400751,0,0.0
0,11,25,2.879583303188154,EXECUTE,SUCCESS,400752,0,0.0
0,12,26,2.876119347315058,EXECUTE,SUCCESS,400753,0,0.0
0,13,27,2.021895768826869,CHECKPOINT,SUCCESS,401009,0,0.0
0,13,27,2.016959345152994,EXECUTE,SUCCESS,401010,0,0.0
0,14,28,2.0120108101101235,EXECUTE,SUCCESS,401011,0,0.0
0,15,29,2.007050074113747,EXECUTE,SUCCESS,401012,0,0.0
0,16,30,2.002077046469491,EXECUTE,SUCCESS,401013,0,0.0
0,17,31,2.0000156249389653,EXECUTE,SUCCESS,401014,0,0.0
0,18,35,2.0000781234741805,EXECUTE,SUCCESS,401019,0,0.0
0,19,36,2.0000156249389653,EXECUTE,SUCCESS,401020,0,0.0
0,20,40,2.0000156249389653,EXECUTE,SUCCESS,401021,0,0.0
0,21,41,2.0000156249389653,EXECUTE,SUCCESS,401022,0,0.0
0,22,42,2.0000468744506965,EXECUTE,SUCCESS,401025,0,0.0
0,23,44,2.0000156249389653,EXECUTE,SUCCESS,401026,0,0.0
0,24,46,2.000031249755863,EXECUTE,SUCCESS,401028,0,0.0
0,25,49,2.0000156249389653,EXECUTE,SUCCESS,401029,0,0.0
0,26,51,2.0000156249389653,EXECUTE,SUCCESS,401030,0,0.0
0,27,52,2.0000468744506965,EXECUTE,SUCCESS,401033,0,0.0
0,28,54,2.0000468744506965,EXECUTE,SUCCESS,401036,0,0.0
0,29,55,2.0000937478028376,EXECUTE,SUCCESS,401042,0,0.0
0,30,56,2.0000937478028376,EXECUTE,SUCCESS,401048,0,0.0
0,31,57,2.0000937478028376,EXECUTE,SUCCESS,401054,0,0.0
0,32,58,2.0000937478028376,EXECUTE,SUCCESS,401060,0,0.0
0,33,61,2.0000468744506965,EXECUTE,SUCCESS,401063,0,0.0
0,34,62,2.0000468744506965,EXECUTE,SUCCESS,401066,0,0.0
0,35,63,2.0000937478028376,EXECUTE,SUCCESS,401072,0,0.0
0,36,64,2.0000937478028376,EXECUTE,SUCCESS,401078,0,0.0
0,37,65,2.0000937478028376,EXECUTE,SUCCESS,401084,0,0.0
0,38,66,2.0000937478028376,EXECUTE,SUCCESS,401090,0,0.0
0,39,68,2.000031249755863,EXECUTE,SUCCESS,401092,0,0.0
0,40,69,2.0000781234741805,EXECUTE,SUCCESS,401097,0,0.0
0,41,70,2.0000937478028376,EXECUTE,SUCCESS,401103,0,0.0
0,42,71,2.0000781234741805,EXECUTE,SUCCESS,401108,0,0.0
0,43,72,2.0000781234741805,EXECUTE,SUCCESS,401113,0,0.0
0,44,73,2.0000781234741805,EXECUTE,SUCCESS,401118,0,0.0
0,45,76,2.0000468744506965,EXECUTE,SUCCESS,401121,0,0.0
0,46,77,2.0000937478028376,EXECUTE,SUCCESS,401127,0,0.0
0,47,78,2.0000937478028376,EXECUTE,SUCCESS,401133,0,0.0
0,48,79,2.0000937478028376,EXECUTE,SUCCESS,401139,0,0.0
0,49,80,2.0000937478028376,EXECUTE,SUCCESS,401145,0,0.0
0,50,84,2.0000156249389653,EXECUTE,SUCCESS,401146,0,0.0
0,51,86,2.0000156249389653,EXECUTE,SUCCESS,401147,0,0.0
0,52,87,2.0000468744506965,EXECUTE,SUCCESS,401150,0,0.0
0,53,88,2.0000937478028376,EXECUTE,SUCCESS,401156,0,0.0
0,54,92,2.0000156249389653,EXECUTE,SUCCESS,401157,0,0.0
0,55,94,2.0000156249389653,EXECUTE,SUCCESS,401158,0,0.0
0,56,95,2.0000468744506965,EXECUTE,SUCCESS,401161,0,0.0
0,57,96,2.0000781234741805,EXECUTE,SUCCESS,401166,0,0.0
0,58,100,2.0000156249389653,EXECUTE,SUCCESS,401167,0,0.0
0,59,102,2.0000156249389653,EXECUTE,SUCCESS,401168,0,0.0
0,60,105,2.000031249755863,EXECUTE,SUCCESS,401170,0,0.0
0,61,106,2.000031249755863,EXECUTE,SUCCESS,401172,0,0.0
0,62,107,2.000031249755863,EXECUTE,SUCCESS,401174,0,0.0
0,63,108,2.000031249755863,EXECUTE,SUCCESS,401176,0,0.0
0,64,109,2.000031249755863,EXECUTE,SUCCESS,401178,0,0.0
0,65,112,2.000031249755863,EXECUTE,SUCCESS,401180,0,0.0
0,66,113,2.000031249755863,EXECUTE,SUCCESS,401182,0,0.0
0,67,114,2.000031249755863,EXECUTE,SUCCESS,401184,0,0.0
0,68,115,2.000031249755863,EXECUTE,SUCCESS,401186,0,0.0
0,69,116,2.000031249755863,EXECUTE,SUCCESS,401188,0,0.0
0,70,117,2.000031249755863,EXECUTE,SUCCESS,401190,0,0.0
0,71,120,2.000031249755863,EXECUTE,SUCCESS,401192,0,0.0
0,72,121,2.000031249755863,EXECUTE,SUCCESS,401194,0,0.0
0,73,122,2.000031249755863,EXECUTE,SUCCESS,401196,0,0.0
0,74,123,2.000031249755863,EXECUTE,SUCCESS,401198,0,0.0
0,75,124,2.000031249755863,EXECUTE,SUCCESS,401200,0,0.0
0,76,127,2.0000156249389653,EXECUTE,SUCCESS,401201,0,0.0
0,77,129,2.0000156249389653,EXECUTE,SUCCESS,401202,0,0.0
0,78,130,2.0000156249389653,EXECUTE,SUCCESS,401203,0,0.0
0,79,131,2.0000468744506965,EXECUTE,SUCCESS,401206,0,0.0
0,80,132,2.0000468744506965,EXECUTE,SUCCESS,401209,0,0.0
0,81,133,2.0000468744506965,EXECUTE,SUCCESS,401212,0,0.0
0,82,134,2.0000468744506965,EXECUTE,SUCCESS,401215,0,0.0
0,83,135,2.0000468744506965,EXECUTE,SUCCESS,401218,0,0.0
0,84,136,2.0000468744506965,EXECUTE,SUCCESS,401221,0,0.0
0,85,138,2.0000468744506965,EXECUTE,SUCCESS,401224,0,0.0
0,86,139,2.0000468744506965,EXECUTE,SUCCESS,401227,0,0.0
0,87,140,2.0000468744506965,EXECUTE,SUCCESS,401230,0,0.0
0,88,141,2.0000468744506965,EXECUTE,SUCCESS,401233,0,0.0
0,89,145,2.0000156249389653,EXECUTE,SUCCESS,401234,0,0.0
0,90,147,2.000031249755863,EXECUTE,SUCCESS,401236,0,0.0
0,91,149,2.0000156249389653,EXECUTE,SUCCESS,401237,0,0.0
0,92,151,2.0000468744506965,EXECUTE,SUCCESS,401240,0,0.0
0,93,152,2.0000156249389653,EXECUTE,SUCCESS,401241,0,0.0
0,94,153,2.0000156249389653,EXECUTE,SUCCESS,401242,0,0.0
0,95,154,2.0000156249389653,EXECUTE,SUCCESS,401243,0,0.0
0,96,155,2.0000156249389653,EXECUTE,SUCCESS,401244,0,0.0
0,97,158,2.0000156249389653,EXECUTE,SUCCESS,401245,0,0.0
0,98,159,2.0000156249389653,EXECUTE,SUCCESS,401246,0,0.0
0,99,160,2.0000156249389653,EXECUTE,SUCCESS,401247,0,0.0
0,100,163,2.0000156249389653,EXECUTE,SUCCESS,401248,0,0.0
0,101,165,2.0000156249389653,EXECUTE,SUCCESS,401249,0,0.0
0,102,167,2.0000468744506965,EXECUTE,SUCCESS,401252,0,0.0
0,103,168,2.0000468744506965,EXECUTE,SUCCESS,401255,0,0.0
0,104,169,2.0000468744506965,EXECUTE,SUCCESS,401258,0,0.0
0,105,171,2.0000156249389653,EXECUTE,SUCCESS,401259,0,0.0
0,106,174,2.0000156249389653,EXECUTE,SUCCESS,401260,0,0.0
0,107,176,2.0000156249389653,EXECUTE,SUCCESS,401261,0,0.0
0,108,182,2.0000468744506965,EXECUTE,SUCCESS,401264,0,0.0
0,109,183,2.0000156249389653,EXECUTE,SUCCESS,401265,0,0.0
0,110,186,2.0000156249389653,EXECUTE,SUCCESS,401266,0,0.0
0,111,189,2.0000156249389653,EXECUTE,SUCCESS,401267,0,0.0
0,112,191,2.0000156249389653,EXECUTE,SUCCESS,401268,0,0.0
0,113,192,2.0000156249389653,EXECUTE,SUCCESS,401269,0,0.0
0,114,193,2.0000156249389653,EXECUTE,SUCCESS,401270,0,0.0
0,115,7,2.0000156249389653,EXECUTE,SUCCESS,401271,0,0.0
0,116,15,2.0000781234741805,EXECUTE,SUCCESS,401276,0,0.0
0,117,16,2.0000156249389653,EXECUTE,SUCCESS,401277,0,0.0
0,118,17,2.0000156249389653,EXECUTE,SUCCESS,401278,0,0.0
0,119,18,2.0000156249389653,EXECUTE,SUCCESS,401279,0,0.0
0,120,19,2.0000156249389653,EXECUTE,SUCCESS,401280,0,0.0
0,121,20,2.0000156249389653,EXECUTE,SUCCESS,401281,0,0.0
0,122,21,2.0000156249389653,EXECUTE,SUCCESS,401282,0,0.0
0,123,22,2.0000156249389653,EXECUTE,SUCCESS,401283,0,0.0
0,124,23,2.0000156249389653,EXECUTE,SUCCESS,401284,0,0.0
0,125,24,2.0000156249389653,EXECUTE,SUCCESS,401285,0,0.0
0,126,25,2.0000156249389653,EXECUTE,SUCCESS,401286,0,0.0
0,127,26,2.0000156249389653,EXECUTE,SUCCESS,401287,0,0.0
0,128,27,2.0000156249389653,EXECUTE,SUCCESS,401288,0,0.0
0,129,28,2.0000156249389653,EXECUTE,SUCCESS,401289,0,0.0
0,130,29,2.0000156249389653,EXECUTE,SUCCESS,401290,0,0.0
0,131,30,2.0000156249389653,EXECUTE,SUCCESS,401291,0,0.0
0,132,31,2.0000156249389653,EXECUTE,SUCCESS,401292,0,0.0
0,133,35,2.0000781234741805,EXECUTE,SUCCESS,401297,0,0.0
0,134,36,2.0000156249389653,EXECUTE,SUCCESS,401298,0,0.0
0,135,40,2.0000156249389653,EXECUTE,SUCCESS,401299,0,0.0
0,136,41,2.0000156249389653,EXECUTE,SUCCESS,401300,0,0.0
0,137,42,2.0000468744506965,EXECUTE,SUCCESS,401303,0,0.0
0,138,44,2.0000156249389653,EXECUTE,SUCCESS,401304,0,0.0
0,139,46,2.000031249755863,EXECUTE,SUCCESS,401306,0,0.0
0,140,49,2.0000156249389653,EXECUTE,SUCCESS,401307,0,0.0
0,141,51,2.0000156249389653,EXECUTE,SUCCESS,401308,0,0.0
0,142,52,2.0000468744506965,EXECUTE,SUCCESS,401311,0,0.0
0,143,54,2.0000468744506965,EXECUTE,SUCCESS,401314,0,0.0
0,144,55,2.0000937478028376,EXECUTE,SUCCESS,401320,0,0.0
0,145,56,2.0000937478028376,EXECUTE,SUCCESS,401326,0,0.0
0,146,57,2.0000937478028376,EXECUTE,SUCCESS,401332,0,0.0
0,147,58,2.0000937478028376,EXECUTE,SUCCESS,401338,0,0.0
0,148,61,2.0000468744506965,EXECUTE,SUCCESS,401341,0,0.0
0,149,62,2.0000468744506965,EXECUTE,SUCCESS,401344,0,0.0
0,150,63,2.0000937478028376,EXECUTE,SUCCESS,401350,0,0.0
0,151,64,2.0000937478028376,EXECUTE,SUCCESS,401356,0,0.0
0,152,65,2.0000937478028376,EXECUTE,SUCCESS,401362,0,0.0
0,153,66,2.0000937478028376,EXECUTE,SUCCESS,401368,0,0.0
0,154,68,2.000031249755863,EXECUTE,SUCCESS,401370,0,0.0
0,155,69,2.0000781234741805,EXECUTE,SUCCESS,401375,0,0.0
0,156,70,2.0000937478028376,EXECUTE,SUCCESS,401381,0,0.0
0,157,71,2.0000781234741805,EXECUTE,SUCCESS,401386,0,0.0
0,158,72,2.0000781234741805,EXECUTE,SUCCESS,401391,0,0.0
0,159,73,2.0000781234741805,EXECUTE,SUCCESS,401396,0,0.0
0,160,76,2.0000468744506965,EXECUTE,SUCCESS,401399,0,0.0
0,161,77,2.0000937478028376,EXECUTE,SUCCESS,401405,0,0.0
0,162,78,2.0000937478028376,EXECUTE,SUCCESS,401411,0,0.0
0,163,79,2.0000937478028376,EXECUTE,SUCCESS,401417,0,0.0
0,164,80,2.0000937478028376,EXECUTE,SUCCESS,401423,0,0.0
0,165,84,2.0000156249389653,EXECUTE,SUCCESS,401424,0,0.0
0,166,86,2.0,EXECUTE,CRASH,401841,416,0.026
0,13,27,2.996675240996262,EXECUTE,SUCCESS,481842,0,0.0
0,14,28,2.993346789130855,EXECUTE,SUCCESS,481843,0,0.0
0,15,29,2.990014632071221,EXECUTE,SUCCESS,481844,0,0.0
0,16,30,2.9866787574160027,EXECUTE,SUCCESS,481845,0,0.0
0,17,31,2.98333915269451,EXECUTE,SUCCESS,481846,0,0.0
0,18,35,2.9002801588812064,EXECUTE,SUCCESS,481851,0,0.0
0,19,36,2.8968409517955926,EXECUTE,SUCCESS,481852,0,0.0
0,20,40,2.89339765673507,EXECUTE,SUCCESS,481853,0,0.0
0,21,41,2.8899502590875152,EXECUTE,SUCCESS,481854,0,0.0
0,22,42,2.850526267200496,EXECUTE,SUCCESS,481857,0,0.0
0,23,44,2.8470269580739824,EXECUTE,SUCCESS,481858,0,0.0
0,24,46,2.8347288230093537,EXECUTE,SUCCESS,481860,0,0.0
0,25,49,2.8312099886797504,EXECUTE,SUCCESS,481861,0,0.0
0,26,51,2.827686775440305,EXECUTE,SUCCESS,481862,0,0.0
0,27,52,2.7873822845099645,EXECUTE,SUCCESS,481865,0,0.0
0,28,54,2.754575738657405,EXECUTE,SUCCESS,481868,0,0.0
0,29,55,2.655007062137498,EXECUTE,SUCCESS,481874,0,0.0
0,30,56,2.5515558978787802,EXECUTE,SUCCESS,481880,0,0.0
0,31,57,2.4437292198604963,EXECUTE,SUCCESS,481886,0,0.0
0,32,58,2.330919882793055,EXECUTE,SUCCESS,481892,0,0.0
0,33,61,2.2915878774334595,EXECUTE,SUCCESS,481895,0,0.0
0,34,62,2.2515688974579455,EXECUTE,SUCCESS,481898,0,0.0
0,35,63,2.128599891947754,EXECUTE,SUCCESS,481904,0,0.0
0,36,64,2.0000937478028376,EXECUTE,SUCCESS,481910,0,0.0
0,37,65,2.0000937478028376,EXECUTE,SUCCESS,481916,0,0.0
0,38,66,2.0000937478028376,EXECUTE,SUCCESS,481922,0,0.0
0,39,68,2.000031249755863,EXECUTE,SUCCESS,481924,0,0.0
0,40,69,2.0000781234741805,EXECUTE,SUCCESS,481929,0,0.0
0,41,70,2.0000937478028376,EXECUTE,SUCCESS,481935,0,0.0
0,42,71,2.0000781234741805,EXECUTE,SUCCESS,481940,0,0.0
0,43,72,2.0000781234741805,EXECUTE,SUCCESS,481945,0,0.0
0,44,73,2.0000781234741805,EXECUTE,SUCCESS,481950,0,0.0
0,45,76,2.0000468744506965,EXECUTE,SUCCESS,481953,0,0.0
0,46,77,2.0000937478028376,EXECUTE,SUCCESS,481959,0,0.0
0,47,78,2.0000937478028376,EXECUTE,SUCCESS,481965,0,0.0
0,48,79,2.0000937478028376,EXECUTE,SUCCESS,481971,0,0.0
0,49,80,2.0000937478028376,EXECUTE,SUCCESS,481977,0,0.0
0,50,84,2.0000156249389653,EXECUTE,SUCCESS,481978,0,0.0
0,51,86,2.0,EXECUTE,CRASH,482117,138,0.008625
0,13,27,2.996675240996262,EXECUTE,SUCCESS,562118,0,0.0
0,14,28,2.993346789130855,EXECUTE,SUCCESS,562119,0,0.0
0,15,29,2.990014632071221,EXECUTE,SUCCESS,562120,0,0.0
0,16,30,2.9866787574160027,EXECUTE,SUCCESS,562121,0,0.0
0,17,31,2.98333915269451,EXECUTE,SUCCESS,562122,0,0.0
0,18,35,2.9002801588812064,EXECUTE,SUCCESS,562127,0,0.0
0,19,36,2.8968409517955926,EXECUTE,SUCCESS,562128,0,0.0
0,20,40,2.89339765673507,EXECUTE,SUCCESS,562129,0,0.0
0,21,41,2.8899502590875152,EXECUTE,SUCCESS,562130,0,0.0
0,22,42,2.850526267200496,EXECUTE,SUCCESS,562133,0,0.0
0,23,44,2.8470269580739824,EXECUTE,SUCCESS,562134,0,0.0
0,24,46,2.8347288230093537,EXECUTE,SUCCESS,562136,0,0.0
0,25,49,2.8312099886797504,EXECUTE,SUCCESS,562137,0,0.0
0,26,51,2.827686775440305,EXECUTE,SUCCESS,562138,0,0.0
0,27,52,2.7873822845099645,EXECUTE,SUCCESS,562141,0,0.0
0,28,54,2.754575738657405,EXECUTE,SUCCESS,562144,0,0.0
0,29,55,2.655007062137498,EXECUTE,SUCCESS,562150,0,0.0
0,30,56,2.5515558978787802,EXECUTE,SUCCESS,562156,0,0.0
0,31,57,2.4437292198604963,EXECUTE,SUCCESS,562162,0,0.0
0,32,58,2.330919882793055,EXECUTE,SUCCESS,562168,0,0.0
0,33,61,2.2915878774334595,EXECUTE,SUCCESS,562171,0,0.0
0,34,62,2.2515688974579455,EXECUTE,SUCCESS,562174,0,0.0
0,35,63,2.128599891947754,EXECUTE,SUCCESS,562180,0,0.0
0,36,64,2.0000937478028376,EXECUTE,SUCCESS,562186,0,0.0
0,37,65,2.0000937478028376,EXECUTE,SUCCESS,562192,0,0.0
0,38,66,2.0000937478028376,EXECUTE,SUCCESS,562198,0,0.0
0,39,68,2.000031249755863,EXECUTE,SUCCESS,562200,0,0.0
0,40,69,2.0000781234741805,EXECUTE,SUCCESS,562205,0,0.0
0,41,70,2.0000937478028376,EXECUTE,SUCCESS,562211,0,0.0
0,42,71,2.0000781234741805,EXECUTE,SUCCESS,562216,0,0.0
0,43,72,2.0000781234741805,EXECUTE,SUCCESS,562221,0,0.0
0,44,73,2.0000781234741805,EXECUTE,SUCCESS,562226,0,0.0
0,45,76,2.0000468744506965,EXECUTE,SUCCESS,562229,0,0.0
0,46,77,2.0000937478028376,EXECUTE,SUCCESS,562235,0,0.0
0,47,78,2.0000937478028376,EXECUTE,SUCCESS,562241,0,0.0
0,48,79,2.0,EXECUTE,CRASH,562377,130,0.008125
0,13,27,2.996675240996262,EXECUTE,SUCCESS,642378,0,0.0
0,14,28,2.993346789130855,EXECUTE,SUCCESS,642379,0,0.0
0,15,29,2.990014632071221,EXECUTE,SUCCESS,642380,0,0.0
0,16,30,2.9866787574160027,EXECUTE,SUCCESS,642381,0,0.0
0,17,31,2.98333915269451,EXECUTE,SUCCESS,642382,0,0.0
0,18,35,2.9002801588812064,EXECUTE,SUCCESS,642387,0,0.0
0,19,36,2.8968409517955926,EXECUTE,SUCCESS,642388,0,0.0
0,20,40,2.89339765673507,EXECUTE,SUCCESS,642389,0,0.0
0,21,41,2.8899502590875152,EXECUTE,SUCCESS,642390,0,0.0
0,22,42,2.850526267200496,EXECUTE,SUCCESS,642393,0,0.0
0,23,44,2.8470269580739824,EXECUTE,SUCCESS,642394,0,0.0
0,24,46,2.8347288230093537,EXECUTE,SUCCESS,642396,0,0.0
0,25,49,2.8312099886797504,EXECUTE,SUCCESS,642397,0,0.0
0,26,51,2.827686775440305,EXECUTE,SUCCESS,642398,0,0.0
0,27,52,2.7873822845099645,EXECUTE,SUCCESS,642401,0,0.0
0,28,54,2.754575738657405,EXECUTE,SUCCESS,642404,0,0.0
0,29,55,2.655007062137498,EXECUTE,SUCCESS,642410,0,0.0
0,30,56,2.5515558978787802,EXECUTE,SUCCESS,642416,0,0.0
0,31,57,2.4437292198604963,EXECUTE,SUCCESS,642422,0,0.0
0,32,58,2.330919882793055,EXECUTE,SUCCESS,642428,0,0.0
0,33,61,2.2915878774334595,EXECUTE,SUCCESS,642431,0,0.0
0,34,62,2.2515688974579455,EXECUTE,SUCCESS,642434,0,0.0
0,35,63,2.128599891947754,EXECUTE,SUCCESS,642440,0,0.0
0,36,64,2.0,EXECUTE,CRASH,642515,69,0.0043125
0,13,27,2.996675240996262,EXECUTE,SUCCESS,722516,0,0.0
0,14,28,2.993346789130855,EXECUTE,SUCCESS,722517,0,0.0
0,15,29,2.990014632071221,EXECUTE,SUCCESS,722518,0,0.0
0,16,30,2.9866787574160027,EXECUTE,SUCCESS,722519,0,0.0
0,17,31,2.98333915269451,EXECUTE,SUCCESS,722520,0,0.0
0,18,35,2.9002801588812064,EXECUTE,SUCCESS,722525,0,0.0
0,19,36,2.8968409517955926,EXECUTE,SUCCESS,722526,0,0.0
0,20,40,2.89339765673507,EXECUTE,SUCCESS,722527,0,0.0
0,21,41,2.8899502590875152,EXECUTE,SUCCESS,722528,0,0.0
0,22,42,2.850526267200496,EXECUTE,SUCCESS,722531,0,0.0
0,23,44,2.8470269580739824,EXECUTE,SUCCESS,722532,0,0.0
0,24,46,2.8347288230093537,EXECUTE,SUCCESS,722534,0,0.0
0,25,49,2.8312099886797504,EXECUTE,SUCCESS,722535,0,0.0
0,26,51,2.827686775440305,EXECUTE,SUCCESS,722536,0,0.0
0,27,52,2.7873822845099645,EXECUTE,SUCCESS,722539,0,0.0
0,28,54,2.754575738657405,EXECUTE,SUCCESS,722542,0,0.0
0,29,55,2.655007062137498,EXECUTE,SUCCESS,722548,0,0.0
0,30,56,2.5515558978787802,EXECUTE,SUCCESS,722554,0,0.0
0,31,57,2.4437292198604963,EXECUTE,SUCCESS,722560,0,0.0
0,32,58,2.330919882793055,EXECUTE,SUCCESS,722566,0,0.0
0,33,61,2.2915878774334595,EXECUTE,SUCCESS,722569,0,0.0
0,34,62,2.2515688974579455,EXECUTE,SUCCESS,722572,0,0.0
0,35,63,2.128599891947754,EXECUTE,SUCCESS,722578,0,0.0
0,36,64,2.0000937478028376,EXECUTE,SUCCESS,722584,0,0.0
0,37,65,2.0000937478028376,EXECUTE,SUCCESS,722590,0,0.0
0,38,66,2.0000937478028376,EXECUTE,SUCCESS,722596,0,0.0
0,39,68,2.000031249755863,EXECUTE,SUCCESS,722598,0,0.0
0,40,69,2.0000781234741805,EXECUTE,SUCCESS,722603,0,0.0
0,41,70,2.0000937478028376,EXECUTE,SUCCESS,722609,0,0.0
0,42,71,2.0,EXECUTE,CRASH,722713,99,0.0061875
0,13,27,2.996675240996262,EXECUTE,SUCCESS,802714,0,0.0
0,14,28,2.993346789130855,EXECUTE,SUCCESS,802715,0,0.0
0,15,29,2.990014632071221,EXECUTE,SUCCESS,802716,0,0.0
0,16,30,2.9866787574160027,EXECUTE,SUCCESS,802717,0,0.0
0,17,31,2.98333915269451,EXECUTE,SUCCESS,802718,0,0.0
0,18,35,2.9002801588812064,EXECUTE,SUCCESS,802723,0,0.0
0,19,36,2.8968409517955926,EXECUTE,SUCCESS,802724,0,0.0
0,20,40,2.89339765673507,EXECUTE,SUCCESS,802725,0,0.0
0,21,41,2.8899502590875152,EXECUTE,SUCCESS,802726,0,0.0
0,22,42,2.850526267200496,EXECUTE,SUCCESS,802729,0,0.0
0,23,44,2.8470269580739824,EXECUTE,SUCCESS,802730,0,0.0
0,24,46,2.8347288230093537,EXECUTE,SUCCESS,802732,0,0.0
0,25,49,2.8312099886797504,EXECUTE,SUCCESS,802733,0,0.0
0,26,51,2.827686775440305,EXECUTE,SUCCESS,802734,0,0.0
0,27,52,2.7873822845099645,EXECUTE,SUCCESS,802737,0,0.0
0,28,54,2.754575738657405,EXECUTE,SUCCESS,802740,0,0.0
0,29,55,2.655007062137498,EXECUTE,SUCCESS,802746,0,0.0
0,30,56,2.5515558978787802,EXECUTE,SUCCESS,802752,0,0.0
0,31,57,2.4437292198604963,EXECUTE,SUCCESS,802758,0,0.0
0,32,58,2.330919882793055,EXECUTE,SUCCESS,802764,0,0.0
0,33,61,2.2915878774334595,EXECUTE,SUCCESS,802767,0,0.0
0,34,62,2.2515688974579455,EXECUTE,SUCCESS,802770,0,0.0
0,35,63,2.128599891947754,EXECUTE,SUCCESS,802776,0,0.0
0,36,64,2.0000937478028376,EXECUTE,SUCCESS,802782,0,0.0
0,37,65,2.0000937478028376,EXECUTE,SUCCESS,802788,0,0.0
0,38,66,2.0,EXECUTE,CRASH,802875,81,0.0050625
0,13,27,2.996675240996262,EXECUTE,SUCCESS,898876,0,0.0
0,14,28,2.993346789130855,EXECUTE,SUCCESS,898877,0,0.0
0,15,29,2.990014632071221,EXECUTE,SUCCESS,898878,0,0.0
0,16,30,2.9866787574160027,EXECUTE,SUCCESS,898879,0,0.0
0,17,31,2.98333915269451,EXECUTE,SUCCESS,898880,0,0.0
0,18,35,2.9002801588812064,EXECUTE,SUCCESS,898885,0,0.0
0,19,36,2.8968409517955926,EXECUTE,SUCCESS,898886,0,0.0
0,20,40,2.89339765673507,EXECUTE,SUCCESS,898887,0,0.0
0,21,41,2.8899502590875152,EXECUTE,SUCCESS,898888,0,0.0
0,22,42,2.850526267200496,EXECUTE,SUCCESS,898891,0,0.0
0,23,44,2.8470269580739824,EXECUTE,SUCCESS,898892,0,0.0
0,24,46,2.8347288230093537,EXECUTE,SUCCESS,898894,0,0.0
0,25,49,2.8312099886797504,EXECUTE,SUCCESS,898895,0,0.0
0,26,51,2.827686775440305,EXECUTE,SUCCESS,898896,0,0.0
0,27,52,2.7873822845099645,EXECUTE,SUCCESS,898899,0,0.0
0,28,54,2.754575738657405,EXECUTE,SUCCESS,898902,0,0.0
0,29,55,2.655007062137498,EXECUTE,SUCCESS,898908,0,0.0
0,30,56,2.5515558978787802,EXECUTE,SUCCESS,898914,0,0.0
0,31,57,2.4437292198604963,EXECUTE,SUCCESS,898920,0,0.0
0,32,58,2.330919882793055,EXECUTE,SUCCESS,898926,0,0.0
0,33,61,2.2915878774334595,EXECUTE,SUCCESS,898929,0,0.0
0,34,62,2.2515688974579455,EXECUTE,SUCCESS,898932,0,0.0
0,35,63,2.128599891947754,EXECUTE,SUCCESS,898938,0,0.0
0,36,64,2.0000937478028376,EXECUTE,SUCCESS,898944,0,0.0
0,37,65,2.0000937478028376,EXECUTE,SUCCESS,898950,0,0.0
0,38,66,2.0000937478028376,EXECUTE,SUCCESS,898956,0,0.0
0,39,68,2.000031249755863,EXECUTE,SUCCESS,898958,0,0.0
0,40,69,2.0000781234741805,EXECUTE,SUCCESS,898963,0,0.0
0,41,70,2.0000937478028376,EXECUTE,SUCCESS,898969,0,0.0
0,42,71,2.0000781234741805,EXECUTE,SUCCESS,898974,0,0.0
0,43,72,2.0000781234741805,EXECUTE,SUCCESS,898979,0,0.0
0,44,73,2.0000781234741805,EXECUTE,SUCCESS,898984,0,0.0
0,45,76,2.0000468744506965,EXECUTE,SUCCESS,898987,0,0.0
0,46,77,2.0000937478028376,EXECUTE,SUCCESS,898993,0,0.0
0,47,78,2.0000937478028376,EXECUTE,SUCCESS,898999,0,0.0
0,48,79,2.0000937478028376,EXECUTE,SUCCESS,899005,0,0.0
0,49,80,2.0000937478028376,EXECUTE,SUCCESS,899011,0,0.0
0,50,84,2.0000156249389653,EXECUTE,SUCCESS,899012,0,0.0
0,51,86,2.0000156249389653,EXECUTE,SUCCESS,899013,0,0.0
0,52,87,2.0000468744506965,EXECUTE,SUCCESS,899016,0,0.0
0,53,88,2.0000937478028376,EXECUTE,SUCCESS,899022,0,0.0
0,54,92,2.0000156249389653,EXECUTE,SUCCESS,899023,0,0.0
0,55,94,2.0000156249389653,EXECUTE,SUCCESS,899024,0,0.0
0,56,95,2.0000468744506965,EXECUTE,SUCCESS,899027,0,0.0
0,57,96,2.0000781234741805,EXECUTE,SUCCESS,899032,0,0.0
0,58,100,2.0000156249389653,EXECUTE,SUCCESS,899033,0,0.0
0,59,102,2.0000156249389653,EXECUTE,SUCCESS,899034,0,0.0
0,60,105,2.000031249755863,EXECUTE,SUCCESS,899036,0,0.0
0,61,106,2.000031249755863,EXECUTE,SUCCESS,899038,0,0.0
0,62,107,2.000031249755863,EXECUTE,SUCCESS,899040,0,0.0
0,63,108,2.000031249755863,EXECUTE,SUCCESS,899042,0,0.0
0,64,109,2.000031249755863,EXECUTE,SUCCESS,899044,0,0.0
0,65,112,2.000031249755863,EXECUTE,SUCCESS,899046,0,0.0
0,66,113,2.000031249755863,EXECUTE,SUCCESS,899048,0,0.0
0,67,114,2.000031249755863,EXECUTE,SUCCESS,899050,0,0.0
0,68,115,2.000031249755863,EXECUTE,SUCCESS,899052,0,0.0
0,69,116,2.000031249755863,EXECUTE,SUCCESS,899054,0,0.0
0,70,117,2.000031249755863,EXECUTE,SUCCESS,899056,0,0.0
0,71,120,2.000031249755863,EXECUTE,SUCCESS,899058,0,0.0
0,72,121,2.000031249755863,EXECUTE,SUCCESS,899060,0,0.0
0,73,122,2.0,EXECUTE,CRASH,899249,187,0.0116875
0,13,27,2.996675240996262,EXECUTE,SUCCESS,979250,0,0.0
0,14,28,2.993346789130855,EXECUTE,SUCCESS,979251,0,0.0
0,15,29,2.990014632071221,EXECUTE,SUCCESS,979252,0,0.0
0,16,30,2.9866787574160027,EXECUTE,SUCCESS,979253,0,0.0
0,17,31,2.98333915269451,EXECUTE,SUCCESS,979254,0,0.0
0,18,35,2.9002801588812064,EXECUTE,SUCCESS,979259,0,0.0
0,19,36,2.8968409517955926,EXECUTE,SUCCESS,979260,0,0.0
0,20,40,2.89339765673507,EXECUTE,SUCCESS,979261,0,0.0
0,21,41,2.8899502590875152,EXECUTE,SUCCESS,979262,0,0.0
0,22,42,2.850526267200496,EXECUTE,SUCCESS,979265,0,0.0
0,23,44,2.8470269580739824,EXECUTE,SUCCESS,979266,0,0.0
0,24,46,2.8347288230093537,EXECUTE,SUCCESS,979268,0,0.0
0,25,49,2.8312099886797504,EXECUTE,SUCCESS,979269,0,0.0
0,26,51,2.827686775440305,EXECUTE,SUCCESS,979270,0,0.0
0,27,52,2.7873822845099645,EXECUTE,SUCCESS,979273,0,0.0
0,28,54,2.754575738657405,EXECUTE,SUCCESS,979276,0,0.0
0,29,55,2.655007062137498,EXECUTE,SUCCESS,979282,0,0.0
0,30,56,2.5515558978787802,EXECUTE,SUCCESS,979288,0,0.0
0,31,57,2.4437292198604963,EXECUTE,SUCCESS,979294,0,0.0
0,32,58,2.330919882793055,EXECUTE,SUCCESS,979300,0,0.0
0,33,61,2.2915878774334595,EXECUTE,SUCCESS,979303,0,0.0
0,34,62,2.2515688974579455,EXECUTE,SUCCESS,979306,0,0.0
0,35,63,2.128599891947754,EXECUTE,SUCCESS,979312,0,0.0
0,36,64,2.0000937478028376,EXECUTE,SUCCESS,979318,0,0.0
0,37,65,2.0000937478028376,EXECUTE,SUCCESS,979324,0,0.0
0,38,66,2.0000937478028376,EXECUTE,SUCCESS,979330,0,0.0
0,39,68,2.000031249755863,EXECUTE,SUCCESS,979332,0,0.0
0,40,69,2.0000781234741805,EXECUTE,SUCCESS,979337,0,0.0
0,41,70,2.0000937478028376,EXECUTE,SUCCESS,979343,0,0.0
0,42,71,2.0000781234741805,EXECUTE,SUCCESS,979348,0,0.0
0,43,72,2.0000781234741805,EXECUTE,SUCCESS,979353,0,0.0
0,44,73,2.0000781234741805,EXECUTE,SUCCESS,979358,0,0.0
0,45,76,2.0000468744506965,EXECUTE,SUCCESS,979361,0,0.0
0,46,77,2.0000937478028376,EXECUTE,SUCCESS,979367,0,0.0
0,47,78,2.0000937478028376,EXECUTE,SUCCESS,979373,0,0.0
0,48,79,2.0,EXECUTE,CRASH,979509,130,0.008125
0,13,27,2.996675240996262,EXECUTE,SUCCESS,1059510,0,0.0
0,14,28,2.993346789130855,EXECUTE,SUCCESS,1059511,0,0.0
0,15,29,2.990014632071221,EXECUTE,SUCCESS,1059512,0,0.0
0,16,30,2.9866787574160027,EXECUTE,SUCCESS,1059513,0,0.0
0,17,31,2.98333915269451,EXECUTE,SUCCESS,1059514,0,0.0
0,18,35,2.9002801588812064,EXECUTE,SUCCESS,1059519,0,0.0
0,19,36,2.8968409517955926,EXECUTE,SUCCESS,1059520,0,0.0
0,20,40,2.89339765673507,EXECUTE,SUCCESS,1059521,0,0.0
0,21,41,2.8899502590875152,EXECUTE,SUCCESS,1059522,0,0.0
0,22,42,2.850526267200496,EXECUTE,SUCCESS,1059525,0,0.0
0,23,44,2.8470269580739824,EXECUTE,SUCCESS,1059526,0,0.0
0,24,46,2.8347288230093537,EXECUTE,SUCCESS,1059528,0,0.0
0,25,49,2.8312099886797504,EXECUTE,SUCCESS,1059529,0,0.0
0,26,51,2.827686775440305,EXECUTE,SUCCESS,1059530,0,0.0
0,27,52,2.7873822845099645,EXECUTE,SUCCESS,1059533,0,0.0
0,28,54,2.754575738657405,EXECUTE,SUCCESS,1059536,0,0.0
0,29,55,2.655007062137498,EXECUTE,SUCCESS,1059542,0,0.0
0,30,56,2.5515558978787802,EXECUTE,SUCCESS,1059548,0,0.0
0,31,57,2.4437292198604963,EXECUTE,SUCCESS,1059554,0,0.0
0,32,58,2.330919882793055,EXECUTE,SUCCESS,1059560,0,0.0
0,33,61,2.2915878774334595,EXECUTE,SUCCESS,1059563,0,0.0
0,34,62,2.2515688974579455,EXECUTE,SUCCESS,1059566,0,0.0
0,35,63,2.128599891947754,EXECUTE,SUCCESS,1059572,0,0.0
0,36,64,2.0000937478028376,EXECUTE,SUCCESS,1059578,0,0.0
0,37,65,2.0000937478028376,EXECUTE,SUCCESS,1059584,0,0.0
0,38,66,2.0000937478028376,EXECUTE,SUCCESS,1059590,0,0.0
0,39,68,2.000031249755863,EXECUTE,SUCCESS,1059592,0,0.0
0,40,69,2.0000781234741805,EXECUTE,SUCCESS,1059597,0,0.0
0,41,70,2.0000937478028376,EXECUTE,SUCCESS,1059603,0,0.0
0,42,71,2.0000781234741805,EXECUTE,SUCCESS,1059608,0,0.0
0,43,72,2.0000781234741805,EXECUTE,SUCCESS,1059613,0,0.0
0,44,73,2.0000781234741805,EXECUTE,SUCCESS,1059618,0,0.0
0,45,76,2.0000468744506965,EXECUTE,SUCCESS,1059621,0,0.0
0,46,77,2.0000937478028376,EXECUTE,SUCCESS,1059627,0,0.0
0,47,78,2.0000937478028376,EXECUTE,SUCCESS,1059633,0,0.0
0,48,79,2.0039960079800556,CHECKPOINT,SUCCESS,1059889,0,0.0
0,48,79,2.0000937478028376,EXECUTE,SUCCESS,1059895,0,0.0
0,49,80,2.0000937478028376,EXECUTE,SUCCESS,1059901,0,0.0
0,50,84,2.0000156249389653,EXECUTE,SUCCESS,1059902,0,0.0
0,51,86,2.0000156249389653,EXECUTE,SUCCESS,1059903,0,0.0
0,52,87,2.0000468744506965,EXECUTE,SUCCESS,1059906,0,0.0
0,53,88,2.0000937478028376,EXECUTE,SUCCESS,1059912,0,0.0
0,54,92,2.0000156249389653,EXECUTE,SUCCESS,1059913,0,0.0
0,55,94,2.0000156249389653,EXECUTE,SUCCESS,1059914,0,0.0
0,56,95,2.0000468744506965,EXECUTE,SUCCESS,1059917,0,0.0
0,57,96,2.0000781234741805,EXECUTE,SUCCESS,1059922,0,0.0
0,58,100,2.0000156249389653,EXECUTE,SUCCESS,1059923,0,0.0
0,59,102,2.0000156249389653,EXECUTE,SUCCESS,1059924,0,0.0
0,60,105,2.000031249755863,EXECUTE,SUCCESS,1059926,0,0.0
0,61,106,2.000031249755863,EXECUTE,SUCCESS,1059928,0,0.0
0,62,107,2.000031249755863,EXECUTE,SUCCESS,1059930,0,0.0
0,63,108,2.000031249755863,EXECUTE,SUCCESS,1059932,0,0.0
0,64,109,2.000031249755863,EXECUTE,SUCCESS,1059934,0,0.0
0,65,112,2.000031249755863,EXECUTE,SUCCESS,1059936,0,0.0
0,66,113,2.000031249755863,EXECUTE,SUCCESS,1059938,0,0.0
0,67,114,2.000031249755863,EXECUTE,SUCCESS,1059940,0,0.0
0,68,115,2.000031249755863,EXECUTE,SUCCESS,1059942,0,0.0
0,69,116,2.000031249755863,EXECUTE,SUCCESS,1059944,0,0.0
0,70,117,2.000031249755863,EXECUTE,SUCCESS,1059946,0,0.0
0,71,120,2.000031249755863,EXECUTE,SUCCESS,1059948,0,0.0
0,72,121,2.000031249755863,EXECUTE,SUCCESS,1059950,0,0.0
0,73,122,2.000031249755863,EXECUTE,SUCCESS,1059952,0,0.0
0,74,123,2.000031249755863,EXECUTE,SUCCESS,1059954,0,0.0
0,75,124,2.000031249755863,EXECUTE,SUCCESS,1059956,0,0.0
0,76,127,2.0000156249389653,EXECUTE,SUCCESS,1059957,0,0.0
0,77,129,2.0000156249389653,EXECUTE,SUCCESS,1059958,0,0.0
0,78,130,2.0000156249389653,EXECUTE,SUCCESS,1059959,0,0.0
0,79,131,2.0000468744506965,EXECUTE,SUCCESS,1059962,0,0.0
0,80,132,2.0000468744506965,EXECUTE,SUCCESS,1059965,0,0.0
0,81,133,2.0000468744506965,EXECUTE,SUCCESS,1059968,0,0.0
0,82,134,2.0000468744506965,EXECUTE,SUCCESS,1059971,0,0.0
0,83,135,2.0000468744506965,EXECUTE,SUCCESS,1059974,0,0.0
0,84,136,2.0000468744506965,EXECUTE,SUCCESS,1059977,0,0.0
0,85,138,2.0000468744506965,EXECUTE,SUCCESS,1059980,0,0.0
0,86,139,2.0000468744506965,EXECUTE,SUCCESS,1059983,0,0.0
0,87,140,2.0000468744506965,EXECUTE,SUCCESS,1059986,0,0.0
0,88,141,2.0000468744506965,EXECUTE,SUCCESS,1059989,0,0.0
0,89,145,2.0000156249389653,EXECUTE,SUCCESS,1059990,0,0.0
0,90,147,2.000031249755863,EXECUTE,SUCCESS,1059992,0,0.0
0,91,149,2.0000156249389653,EXECUTE,SUCCESS,1059993,0,0.0
0,92,151,2.0000468744506965,EXECUTE,SUCCESS,1059996,0,0.0
0,93,152,2.0000156249389653,EXECUTE,SUCCESS,1059997,0,0.0
0,94,153,2.0000156249389653,EXECUTE,SUCCESS,1059998,0,0.0
0,95,154,2.0000156249389653,EXECUTE,SUCCESS,1059999,0,0.0
0,96,155,2.0000156249389653,EXECUTE,SUCCESS,1060000,0,0.0
0,97,158,2.0000156249389653,EXECUTE,SUCCESS,1060001,0,0.0
0,98,159,2.0000156249389653,EXECUTE,SUCCESS,1060002,0,0.0
0,99,160,2.0000156249389653,EXECUTE,SUCCESS,1060003,0,0.0
0,100,163,2.0000156249389653,EXECUTE,SUCCESS,1060004,0,0.0
0,101,165,2.0000156249389653,EXECUTE,SUCCESS,1060005,0,0.0
0,102,167,2.0000468744506965,EXECUTE,SUCCESS,1060008,0,0.0
0,103,168,2.0000468744506965,EXECUTE,SUCCESS,1060011,0,0.0
0,104,169,2.0000468744506965,EXECUTE,SUCCESS,1060014,0,0.0
0,105,171,2.0000156249389653,EXECUTE,SUCCESS,1060015,0,0.0
0,106,174,2.0000156249389653,EXECUTE,SUCCESS,1060016,0,0.0
0,107,176,2.0000156249389653,EXECUTE,SUCCESS,1060017,0,0.0
0,108,182,2.0000468744506965,EXECUTE,SUCCESS,1060020,0,0.0
0,109,183,2.0000156249389653,EXECUTE,SUCCESS,1060021,0,0.0
0,110,186,2.0000156249389653,EXECUTE,SUCCESS,1060022,0,0.0
0,111,189,2.0000156249389653,EXECUTE,SUCCESS,1060023,0,0.0
0,112,191,2.0000156249389653,EXECUTE,SUCCESS,1060024,0,0.0
0,113,192,2.0000156249389653,EXECUTE,SUCCESS,1060025,0,0.0
0,114,193,2.0000156249389653,EXECUTE,SUCCESS,1060026,0,0.0
0,115,7,2.0000156249389653,EXECUTE,SUCCESS,1060027,0,0.0
0,116,15,2.0000781234741805,EXECUTE,SUCCESS,1060032,0,0.0
0,117,16,2.0000156249389653,EXECUTE,SUCCESS,1060033,0,0.0
0,118,17,2.0000156249389653,EXECUTE,SUCCESS,1060034,0,0.0
0,119,18,2.0000156249389653,EXECUTE,SUCCESS,1060035,0,0.0
0,120,19,2.0000156249389653,EXECUTE,SUCCESS,1060036,0,0.0
0,121,20,2.0000156249389653,EXECUTE,SUCCESS,1060037,0,0.0
0,122,21,2.0000156249389653,EXECUTE,SUCCESS,1060038,0,0.0
0,123,22,2.0000156249389653,EXECUTE,SUCCESS,1060039,0,0.0
0,124,23,2.0000156249389653,EXECUTE,SUCCESS,1060040,0,0.0
0,125,24,2.0000156249389653,EXECUTE,SUCCESS,1060041,0,0.0
0,126,25,2.0000156249389653,EXECUTE,SUCCESS,1060042,0,0.0
0,127,26,2.0000156249389653,EXECUTE,SUCCESS,1060043,0,0.0
0,128,27,2.0000156249389653,EXECUTE,SUCCESS,1060044,0,0.0
0,129,28,2.0000156249389653,EXECUTE,SUCCESS,1060045,0,0.0
0,130,29,2.0,EXECUTE,CRASH,1060203,157,0.0098125
0,48,79,2.908844272215342,EXECUTE,SUCCESS,1140209,0,0.0
0,49,80,2.814737998464511,EXECUTE,SUCCESS,1140215,0,0.0
0,50,84,2.81119414128587,EXECUTE,SUCCESS,1140216,0,0.0
0,51,86,2.8076458109953966,EXECUTE,SUCCESS,1140217,0,0.0
0,52,87,2.7750788277092235,EXECUTE,SUCCESS,1140220,0,0.0
0,53,88,2.676273061554071,EXECUTE,SUCCESS,1140226,0,0.0
0,54,92,2.672545602978553,EXECUTE,SUCCESS,1140227,0,0.0
0,55,94,2.668812938367917,EXECUTE,SUCCESS,1140228,0,0.0
0,56,95,2.6345303186716214,EXECUTE,SUCCESS,1140231,0,0.0
0,57,96,2.540091041675474,EXECUTE,SUCCESS,1140236,0,0.0
0,58,100,2.536163441105481,EXECUTE,SUCCESS,1140237,0,0.0
0,59,102,2.532229748660258,EXECUTE,SUCCESS,1140238,0,0.0
0,60,105,2.506055166990542,EXECUTE,SUCCESS,1140240,0,0.0
0,61,106,2.4796043031096704,EXECUTE,SUCCESS,1140242,0,0.0
0,62,107,2.4528682190447966,EXECUTE,SUCCESS,1140244,0,0.0
0,63,108,2.425837484251571,EXECUTE,SUCCESS,1140246,0,0.0
0,64,109,2.398502136751183,EXECUTE,SUCCESS,1140248,0,0.0
0,65,112,2.3708516402339455,EXECUTE,SUCCESS,1140250,0,0.0
0,66,113,2.342874836605658,EXECUTE,SUCCESS,1140252,0,0.0
0,67,114,2.314559893370658,EXECUTE,SUCCESS,1140254,0,0.0
0,68,115,2.2858942451478357,EXECUTE,SUCCESS,1140256,0,0.0
0,69,116,2.2568645284996602,EXECUTE,SUCCESS,1140258,0,0.0
0,70,117,2.2274565091152723,EXECUTE,SUCCESS,1140260,0,0.0
0,71,120,2.197655000221826,EXECUTE,SUCCESS,1140262,0,0.0
0,72,121,2.1674437708969503,EXECUTE,SUCCESS,1140264,0,0.0
0,73,122,2.0,EXECUTE,CRASH,1140329,63,0.0039375
0,48,79,2.908844272215342,EXECUTE,SUCCESS,1220335,0,0.0
0,49,80,2.814737998464511,EXECUTE,SUCCESS,1220341,0,0.0
0,50,84,2.81119414128587,EXECUTE,SUCCESS,1220342,0,0.0
0,51,86,2.8076458109953966,EXECUTE,SUCCESS,1220343,0,0.0
0,52,87,2.7750788277092235,EXECUTE,SUCCESS,1220346,0,0.0
0,53,88,2.676273061554071,EXECUTE,SUCCESS,1220352,0,0.0
0,54,92,2.672545602978553,EXECUTE,SUCCESS,1220353,0,0.0
0,55,94,2.668812938367917,EXECUTE,SUCCESS,1220354,0,0.0
0,56,95,2.6345303186716214,EXECUTE,SUCCESS,1220357,0,0.0
0,57,96,2.540091041675474,EXECUTE,SUCCESS,1220362,0,0.0
0,58,100,2.0,EXECUTE,CRASH,1220397,34,0.002125
0,48,79,2.908844272215342,EXECUTE,SUCCESS,1300403,0,0.0
0,49,80,2.814737998464511,EXECUTE,SUCCESS,1300409,0,0.0
0,50,84,2.81119414128587,EXECUTE,SUCCESS,1300410,0,0.0
0,51,86,2.8076458109953966,EXECUTE,SUCCESS,1300411,0,0.0
0,52,87,2.7750788277092235,EXECUTE,SUCCESS,1300414,0,0.0
0,53,88,2.676273061554071,EXECUTE,SUCCESS,1300420,0,0.0
0,54,92,2.672545602978553,EXECUTE,SUCCESS,1300421,0,0.0
0,55,94,2.0,EXECUTE,CRASH,1300447,25,0.0015625
0,48,79,2.908844272215342,EXECUTE,SUCCESS,1380453,0,0.0
0,49,80,2.814737998464511,EXECUTE,SUCCESS,1380459,0,0.0
0,50,84,2.81119414128587,EXECUTE,SUCCESS,1380460,0,0.0
0,51,86,2.8076458109953966,EXECUTE,SUCCESS,1380461,0,0.0
0,52,87,2.7750788277092235,EXECUTE,SUCCESS,1380464,0,0.0
0,53,88,2.676273061554071,EXECUTE,SUCCESS,1380470,0,0.0
0,54,92,2.672545602978553,EXECUTE,SUCCESS,1380471,0,0.0
0,55,94,2.668812938367917,EXECUTE,SUCCESS,1380472,0,0.0
0,56,95,2.6345303186716214,EXECUTE,SUCCESS,1380475,0,0.0
0,57,96,2.540091041675474,EXECUTE,SUCCESS,1380480,0,0.0
0,58,100,2.536163441105481,EXECUTE,SUCCESS,1380481,0,0.0
0,59,102,2.532229748660258,EXECUTE,SUCCESS,1380482,0,0.0
0,60,105,2.506055166990542,EXECUTE,SUCCESS,1380484,0,0.0
0,61,106,2.4796043031096704,EXECUTE,SUCCESS,1380486,0,0.0
0,62,107,2.4528682190447966,EXECUTE,SUCCESS,1380488,0,0.0
0,63,108,2.425837484251571,EXECUTE,SUCCESS,1380490,0,0.0
0,64,109,2.398502136751183,EXECUTE,SUCCESS,1380492,0,0.0
0,65,112,2.3708516402339455,EXECUTE,SUCCESS,1380494,0,0.0
0,66,113,2.342874836605658,EXECUTE,SUCCESS,1380496,0,0.0
0,67,114,2.314559893370658,EXECUTE,SUCCESS,1380498,0,0.0
0,68,115,2.2858942451478357,EXECUTE,SUCCESS,1380500,0,0.0
0,69,116,2.0,EXECUTE,CRASH,1380557,55,0.0034375
0,48,79,2.908844272215342,EXECUTE,SUCCESS,1476563,0,0.0
0,49,80,2.814737998464511,EXECUTE,SUCCESS,1476569,0,0.0
0,50,84,2.81119414128587,EXECUTE,SUCCESS,1476570,0,0.0
0,51,86,2.8076458109953966,EXECUTE,SUCCESS,1476571,0,0.0
0,52,87,2.7750788277092235,EXECUTE,SUCCESS,1476574,0,0.0
0,53,88,2.676273061554071,EXECUTE,SUCCESS,1476580,0,0.0
0,54,92,2.672545602978553,EXECUTE,SUCCESS,1476581,0,0.0
0,55,94,2.668812938367917,EXECUTE,SUCCESS,1476582,0,0.0
0,56,95,2.6345303186716214,EXECUTE,SUCCESS,1476585,0,0.0
0,57,96,2.540091041675474,EXECUTE,SUCCESS,1476590,0,0.0
0,58,100,2.536163441105481,EXECUTE,SUCCESS,1476591,0,0.0
0,59,102,2.532229748660258,EXECUTE,SUCCESS,1476592,0,0.0
0,60,105,2.506055166990542,EXECUTE,SUCCESS,1476594,0,0.0
0,61,106,2.4796043031096704,EXECUTE,SUCCESS,1476596,0,0.0
0,62,107,2.4528682190447966,EXECUTE,SUCCESS,1476598,0,0.0
0,63,108,2.425837484251571,EXECUTE,SUCCESS,1476600,0,0.0
0,64,109,2.398502136751183,EXECUTE,SUCCESS,1476602,0,0.0
0,65,112,2.3708516402339455,EXECUTE,SUCCESS,1476604,0,0.0
0,66,113,2.342874836605658,EXECUTE,SUCCESS,1476606,0,0.0
0,67,114,2.314559893370658,EXECUTE,SUCCESS,1476608,0,0.0
0,68,115,2.2858942451478357,EXECUTE,SUCCESS,1476610,0,0.0
0,69,116,2.2568645284996602,EXECUTE,SUCCESS,1476612,0,0.0
0,70,117,2.2274565091152723,EXECUTE,SUCCESS,1476614,0,0.0
0,71,120,2.197655000221826,EXECUTE,SUCCESS,1476616,0,0.0
0,72,121,2.1674437708969503,EXECUTE,SUCCESS,1476618,0,0.0
0,73,122,2.0039960079800556,CHECKPOINT,SUCCESS,1476874,0,0.0
0,73,122,2.000031249755863,EXECUTE,SUCCESS,1476876,0,0.0
0,74,123,2.000031249755863,EXECUTE,SUCCESS,1476878,0,0.0
0,75,124,2.000031249755863,EXECUTE,SUCCESS,1476880,0,0.0
0,76,127,2.0000156249389653,EXECUTE,SUCCESS,1476881,0,0.0
0,77,129,2.0000156249389653,EXECUTE,SUCCESS,1476882,0,0.0
0,78,130,2.0000156249389653,EXECUTE,SUCCESS,1476883,0,0.0
0,79,131,2.0000468744506965,EXECUTE,SUCCESS,1476886,0,0.0
0,80,132,2.0000468744506965,EXECUTE,SUCCESS,1476889,0,0.0
0,81,133,2.0000468744506965,EXECUTE,SUCCESS,1476892,0,0.0
0,82,134,2.0000468744506965,EXECUTE,SUCCESS,1476895,0,0.0
0,83,135,2.0000468744506965,EXECUTE,SUCCESS,1476898,0,0.0
0,84,136,2.0000468744506965,EXECUTE,SUCCESS,1476901,0,0.0
0,85,138,2.0000468744506965,EXECUTE,SUCCESS,1476904,0,0.0
0,86,139,2.0000468744506965,EXECUTE,SUCCESS,1476907,0,0.0
0,87,140,2.0000468744506965,EXECUTE,SUCCESS,1476910,0,0.0
0,88,141,2.0000468744506965,EXECUTE,SUCCESS,1476913,0,0.0
0,89,145,2.0000156249389653,EXECUTE,SUCCESS,1476914,0,0.0
0,90,147,2.000031249755863,EXECUTE,SUCCESS,1476916,0,0.0
0,91,149,2.0000156249389653,EXECUTE,SUCCESS,1476917,0,0.0
0,92,151,2.0000468744506965,EXECUTE,SUCCESS,1476920,0,0.0
0,93,152,2.0000156249389653,EXECUTE,SUCCESS,1476921,0,0.0
0,94,153,2.0000156249389653,EXECUTE,SUCCESS,1476922,0,0.0
0,95,154,2.0000156249389653,EXECUTE,SUCCESS,1476923,0,0.0
0,96,155,2.0000156249389653,EXECUTE,SUCCESS,1476924,0,0.0
0,97,158,2.0000156249389653,EXECUTE,SUCCESS,1476925,0,0.0
0,98,159,2.0000156249389653,EXECUTE,SUCCESS,1476926,0,0.0
0,99,160,2.0000156249389653,EXECUTE,SUCCESS,1476927,0,0.0
0,100,163,2.0000156249389653,EXECUTE,SUCCESS,1476928,0,0.0
0,101,165,2.0000156249389653,EXECUTE,SUCCESS,1476929,0,0.0
0,102,167,2.0000468744506965,EXECUTE,SUCCESS,1476932,0,0.0
0,103,168,2.0000468744506965,EXECUTE,SUCCESS,1476935,0,0.0
0,104,169,2.0000468744506965,EXECUTE,SUCCESS,1476938,0,0.0
0,105,171,2.0000156249389653,EXECUTE,SUCCESS,1476939,0,0.0
0,106,174,2.0000156249389653,EXECUTE,SUCCESS,1476940,0,0.0
0,107,176,2.0000156249389653,EXECUTE,SUCCESS,1476941,0,0.0
0,108,182,2.0000468744506965,EXECUTE,SUCCESS,1476944,0,0.0
0,109,183,2.0000156249389653,EXECUTE,SUCCESS,1476945,0,0.0
0,110,186,2.0000156249389653,EXECUTE,SUCCESS,1476946,0,0.0
0,111,189,2.0000156249389653,EXECUTE,SUCCESS,1476947,0,0.0
0,112,191,2.0000156249389653,EXECUTE,SUCCESS,1476948,0,0.0
0,113,192,2.0000156249389653,EXECUTE,SUCCESS,1476949,0,0.0
0,114,193,2.0000156249389653,EXECUTE,SUCCESS,1476950,0,0.0
0,115,7,2.0000156249389653,EXECUTE,SUCCESS,1476951,0,0.0
0,116,15,2.0000781234741805,EXECUTE,SUCCESS,1476956,0,0.0
0,117,16,2.0000156249389653,EXECUTE,SUCCESS,1476957,0,0.0
0,118,17,2.0000156249389653,EXECUTE,SUCCESS,1476958,0,0.0
0,119,18,2.0000156249389653,EXECUTE,SUCCESS,1476959,0,0.0
0,120,19,2.0000156249389653,EXECUTE,SUCCESS,1476960,0,0.0
0,121,20,2.0000156249389653,EXECUTE,SUCCESS,1476961,0,0.0
0,122,21,2.0000156249389653,EXECUTE,SUCCESS,1476962,0,0.0
0,123,22,2.0000156249389653,EXECUTE,SUCCESS,1476963,0,0.0
0,124,23,2.0000156249389653,EXECUTE,SUCCESS,1476964,0,0.0
0,125,24,2.0,EXECUTE,CRASH,1477056,91,0.0056875
0,73,122,2.9779397240374097,EXECUTE,SUCCESS,1605058,0,0.0
0,74,123,2.955714803562753,EXECUTE,SUCCESS,1605060,0,0.0
0,75,124,2.9333214961882383,EXECUTE,SUCCESS,1605062,0,0.0
0,76,127,2.929921074022303,EXECUTE,SUCCESS,1605063,0,0.0
0,77,129,2.9265167007895254,EXECUTE,SUCCESS,1605064,0,0.0
0,78,130,2.9231083626851753,EXECUTE,SUCCESS,1605065,0,0.0
0,79,131,2.891841973552498,EXECUTE,SUCCESS,1605068,0,0.0
0,80,132,2.8602338191133967,EXECUTE,SUCCESS,1605071,0,0.0
0,81,133,2.828272440908055,EXECUTE,SUCCESS,1605074,0,0.0
0,82,134,2.795945725510424,EXECUTE,SUCCESS,1605077,0,0.0
0,83,135,2.7632408508850634,EXECUTE,SUCCESS,1605080,0,0.0
0,84,136,2.7301442269594496,EXECUTE,SUCCESS,1605083,0,0.0
0,85,138,2.696641429630571,EXECUTE,SUCCESS,1605086,0,0.0
0,86,139,2.662717127296854,EXECUTE,SUCCESS,1605089,0,0.0
0,87,140,2.6283549988538484,EXECUTE,SUCCESS,1605092,0,0.0
0,88,141,2.5935376419092155,EXECUTE,SUCCESS,1605095,0,0.0
0,89,145,2.0,EXECUTE,CRASH,1605136,40,0.0025
0,73,122,2.9779397240374097,EXECUTE,SUCCESS,1685138,0,0.0
0,74,123,2.955714803562753,EXECUTE,SUCCESS,1685140,0,0.0
0,75,124,2.9333214961882383,EXECUTE,SUCCESS,1685142,0,0.0
0,76,127,2.929921074022303,EXECUTE,SUCCESS,1685143,0,0.0
0,77,129,2.9265167007895254,EXECUTE,SUCCESS,1685144,0,0.0
0,78,130,2.9231083626851753,EXECUTE,SUCCESS,1685145,0,0.0
0,79,131,2.891841973552498,EXECUTE,SUCCESS,1685148,0,0.0
0,80,132,2.8602338191133967,EXECUTE,SUCCESS,1685151,0,0.0
0,81,133,2.828272440908055,EXECUTE,SUCCESS,1685154,0,0.0
0,82,134,2.795945725510424,EXECUTE,SUCCESS,1685157,0,0.0
0,83,135,2.7632408508850634,EXECUTE,SUCCESS,1685160,0,0.0
0,84,136,2.7301442269594496,EXECUTE,SUCCESS,1685163,0,0.0
0,85,138,2.696641429630571,EXECUTE,SUCCESS,1685166,0,0.0
0,86,139,2.662717127296854,EXECUTE,SUCCESS,1685169,0,0.0
0,87,140,2.6283549988538484,EXECUTE,SUCCESS,1685172,0,0.0
0,88,141,2.5935376419092155,EXECUTE,SUCCESS,1685175,0,0.0
0,89,145,2.5896911012705766,EXECUTE,SUCCESS,1685176,0,0.0
0,90,147,2.564103157051216,EXECUTE,SUCCESS,1685178,0,0.0
0,91,149,2.5602123935330074,EXECUTE,SUCCESS,1685179,0,0.0
0,92,151,2.524455386811185,EXECUTE,SUCCESS,1685182,0,0.0
0,93,152,2.52050342193777,EXECUTE,SUCCESS,1685183,0,0.0
0,94,153,2.5165452509343056,EXECUTE,SUCCESS,1685184,0,0.0
0,95,154,2.512580844470483,EXECUTE,SUCCESS,1685185,0,0.0
0,96,155,2.5086101729842376,EXECUTE,SUCCESS,1685186,0,0.0
0,97,158,2.5046332066791748,EXECUTE,SUCCESS,1685187,0,0.0
0,98,159,2.500649915521964,EXECUTE,SUCCESS,1685188,0,0.0
0,99,160,2.496660269239691,EXECUTE,SUCCESS,1685189,0,0.0
0,100,163,2.4926642373171735,EXECUTE,SUCCESS,1685190,0,0.0
0,101,165,2.488661788994239,EXECUTE,SUCCESS,1685191,0,0.0
0,102,167,2.4518615376892727,EXECUTE,SUCCESS,1685194,0,0.0
0,103,168,2.414500465934932,EXECUTE,SUCCESS,1685197,0,0.0
0,104,169,2.376552124402072,EXECUTE,SUCCESS,1685200,0,0.0
0,105,171,2.372353788961503,EXECUTE,SUCCESS,1685201,0,0.0
0,106,174,2.3681480105770416,EXECUTE,SUCCESS,1685202,0,0.0
0,107,176,2.363934749522499,EXECUTE,SUCCESS,1685203,0,0.0
0,108,182,2.325161284728438,EXECUTE,SUCCESS,1685206,0,0.0
0,109,183,2.320869987741666,EXECUTE,SUCCESS,1685207,0,0.0
0,110,186,2.3165707414193073,EXECUTE,SUCCESS,1685208,0,0.0
0,111,189,2.3122635014201984,EXECUTE,SUCCESS,1685209,0,0.0
0,112,191,2.307948222989414,EXECUTE,SUCCESS,1685210,0,0.0
0,113,192,2.3036248609528402,EXECUTE,SUCCESS,1685211,0,0.0
0,114,193,2.2992933697116578,EXECUTE,SUCCESS,1685212,0,0.0
0,115,7,2.2949537032367315,EXECUTE,SUCCESS,1685213,0,0.0
0,116,15,2.185892266329699,EXECUTE,SUCCESS,1685218,0,0.0
0,117,16,2.181327004371419,EXECUTE,SUCCESS,1685219,0,0.0
0,118,17,2.1767521677949437,EXECUTE,SUCCESS,1685220,0,0.0
0,119,18,2.172167696104513,EXECUTE,SUCCESS,1685221,0,0.0
0,120,19,2.167573528164613,EXECUTE,SUCCESS,1685222,0,0.0
0,121,20,2.1629696021904676,EXECUTE,SUCCESS,1685223,0,0.0
0,122,21,2.1583558557383418,EXECUTE,SUCCESS,1685224,0,0.0
0,123,22,2.153732225695662,EXECUTE,SUCCESS,1685225,0,0.0
0,124,23,2.1490986482709418,EXECUTE,SUCCESS,1685226,0,0.0
0,125,24,2.1444550589835147,EXECUTE,SUCCESS,1685227,0,0.0
0,126,25,2.1398013926530637,EXECUTE,SUCCESS,1685228,0,0.0
0,127,26,2.1351375833889463,EXECUTE,SUCCESS,1685229,0,0.0
0,128,27,2.1304635645793124,EXECUTE,SUCCESS,1685230,0,0.0
0,129,28,2.1257792688800006,EXECUTE,SUCCESS,1685231,0,0.0
0,130,29,2.1210846282032194,EXECUTE,SUCCESS,1685232,0,0.0
0,131,30,2.1163795737060003,EXECUTE,SUCCESS,1685233,0,0.0
0,132,31,2.111664035778417,EXECUTE,SUCCESS,1685234,0,0.0
0,133,35,2.0000781234741805,EXECUTE,SUCCESS,1685239,0,0.0
0,134,36,2.0000156249389653,EXECUTE,SUCCESS,1685240,0,0.0
0,135,40,2.0000156249389653,EXECUTE,SUCCESS,1685241,0,0.0
0,136,41,2.0000156249389653,EXECUTE,SUCCESS,1685242,0,0.0
0,137,42,2.0000468744506965,EXECUTE,SUCCESS,1685245,0,0.0
0,138,44,2.0000156249389653,EXECUTE,SUCCESS,1685246,0,0.0
0,139,46,2.000031249755863,EXECUTE,SUCCESS,1685248,0,0.0
0,140,49,2.0000156249389653,EXECUTE,SUCCESS,1685249,0,0.0
0,141,51,2.0000156249389653,EXECUTE,SUCCESS,1685250,0,0.0
0,142,52,2.0000468744506965,EXECUTE,SUCCESS,1685253,0,0.0
0,143,54,2.0000468744506965,EXECUTE,SUCCESS,1685256,0,0.0
0,144,55,2.0000937478028376,EXECUTE,SUCCESS,1685262,0,0.0
0,145,56,2.0000937478028376,EXECUTE,SUCCESS,1685268,0,0.0
0,146,57,2.0000937478028376,EXECUTE,SUCCESS,1685274,0,0.0
0,147,58,2.0000937478028376,EXECUTE,SUCCESS,1685280,0,0.0
0,148,61,2.0000468744506965,EXECUTE,SUCCESS,1685283,0,0.0
0,149,62,2.0,EXECUTE,CRASH,1685436,150,0.009375
0,73,122,2.9779397240374097,EXECUTE,SUCCESS,1765438,0,0.0
0,74,123,2.955714803562753,EXECUTE,SUCCESS,1765440,0,0.0
0,75,124,2.9333214961882383,EXECUTE,SUCCESS,1765442,0,0.0
0,76,127,2.929921074022303,EXECUTE,SUCCESS,1765443,0,0.0
0,77,129,2.9265167007895254,EXECUTE,SUCCESS,1765444,0,0.0
0,78,130,2.9231083626851753,EXECUTE,SUCCESS,1765445,0,0.0
0,79,131,2.891841973552498,EXECUTE,SUCCESS,1765448,0,0.0
0,80,132,2.8602338191133967,EXECUTE,SUCCESS,1765451,0,0.0
0,81,133,2.828272440908055,EXECUTE,SUCCESS,1765454,0,0.0
0,82,134,2.795945725510424,EXECUTE,SUCCESS,1765457,0,0.0
0,83,135,2.7632408508850634,EXECUTE,SUCCESS,1765460,0,0.0
0,84,136,2.7301442269594496,EXECUTE,SUCCESS,1765463,0,0.0
0,85,138,2.696641429630571,EXECUTE,SUCCESS,1765466,0,0.0
0,86,139,2.662717127296854,EXECUTE,SUCCESS,1765469,0,0.0
0,87,140,2.0,EXECUTE,CRASH,1765508,36,0.00225
0,73,122,2.9779397240374097,EXECUTE,SUCCESS,1845510,0,0.0
0,74,123,2.955714803562753,EXECUTE,SUCCESS,1845512,0,0.0
0,75,124,2.9333214961882383,EXECUTE,SUCCESS,1845514,0,0.0
0,76,127,2.929921074022303,EXECUTE,SUCCESS,1845515,0,0.0
0,77,129,2.9265167007895254,EXECUTE,SUCCESS,1845516,0,0.0
0,78,130,2.9231083626851753,EXECUTE,SUCCESS,1845517,0,0.0
0,79,131,2.891841973552498,EXECUTE,SUCCESS,1845520,0,0.0
0,80,132,2.8602338191133967,EXECUTE,SUCCESS,1845523,0,0.0
0,81,133,2.828272440908055,EXECUTE,SUCCESS,1845526,0,0.0
0,82,134,2.795945725510424,EXECUTE,SUCCESS,1845529,0,0.0
0,83,135,2.7632408508850634,EXECUTE,SUCCESS,1845532,0,0.0
0,84,136,2.7301442269594496,EXECUTE,SUCCESS,1845535,0,0.0
0,85,138,2.696641429630571,EXECUTE,SUCCESS,1845538,0,0.0
0,86,139,2.662717127296854,EXECUTE,SUCCESS,1845541,0,0.0
0,87,140,2.6283549988538484,EXECUTE,SUCCESS,1845544,0,0.0
0,88,141,2.5935376419092155,EXECUTE,SUCCESS,1845547,0,0.0
0,89,145,2.5896911012705766,EXECUTE,SUCCESS,1845548,0,0.0
0,90,147,2.564103157051216,EXECUTE,SUCCESS,1845550,0,0.0
0,91,149,2.5602123935330074,EXECUTE,SUCCESS,1845551,0,0.0
0,92,151,2.524455386811185,EXECUTE,SUCCESS,1845554,0,0.0
0,93,152,2.52050342193777,EXECUTE,SUCCESS,1845555,0,0.0
0,94,153,2.5165452509343056,EXECUTE,SUCCESS,1845556,0,0.0
0,95,154,2.512580844470483,EXECUTE,SUCCESS,1845557,0,0.0
0,96,155,2.5086101729842376,EXECUTE,SUCCESS,1845558,0,0.0
0,97,158,2.5046332066791748,EXECUTE,SUCCESS,1845559,0,0.0
0,98,159,2.500649915521964,EXECUTE,SUCCESS,1845560,0,0.0
0,99,160,2.496660269239691,EXECUTE,SUCCESS,1845561,0,0.0
0,100,163,2.4926642373171735,EXECUTE,SUCCESS,1845562,0,0.0
0,101,165,2.488661788994239,EXECUTE,SUCCESS,1845563,0,0.0
0,102,167,2.4518615376892727,EXECUTE,SUCCESS,1845566,0,0.0
0,103,168,2.414500465934932,EXECUTE,SUCCESS,1845569,0,0.0
0,104,169,2.376552124402072,EXECUTE,SUCCESS,1845572,0,0.0
0,105,171,2.372353788961503,EXECUTE,SUCCESS,1845573,0,0.0
0,106,174,2.3681480105770416,EXECUTE,SUCCESS,1845574,0,0.0
0,107,176,2.363934749522499,EXECUTE,SUCCESS,1845575,0,0.0
0,108,182,2.325161284728438,EXECUTE,SUCCESS,1845578,0,0.0
0,109,183,2.320869987741666,EXECUTE,SUCCESS,1845579,0,0.0
0,110,186,2.3165707414193073,EXECUTE,SUCCESS,1845580,0,0.0
0,111,189,2.3122635014201984,EXECUTE,SUCCESS,1845581,0,0.0
0,112,191,2.307948222989414,EXECUTE,SUCCESS,1845582,0,0.0
0,113,192,2.3036248609528402,EXECUTE,SUCCESS,1845583,0,0.0
0,114,193,2.2992933697116578,EXECUTE,SUCCESS,1845584,0,0.0
0,115,7,2.2949537032367315,EXECUTE,SUCCESS,1845585,0,0.0
0,116,15,2.185892266329699,EXECUTE,SUCCESS,1845590,0,0.0
0,117,16,2.181327004371419,EXECUTE,SUCCESS,1845591,0,0.0
0,118,17,2.1767521677949437,EXECUTE,SUCCESS,1845592,0,0.0
0,119,18,2.172167696104513,EXECUTE,SUCCESS,1845593,0,0.0
0,120,19,2.167573528164613,EXECUTE,SUCCESS,1845594,0,0.0
0,121,20,2.1629696021904676,EXECUTE,SUCCESS,1845595,0,0.0
0,122,21,2.1583558557383418,EXECUTE,SUCCESS,1845596,0,0.0
0,123,22,2.153732225695662,EXECUTE,SUCCESS,1845597,0,0.0
0,124,23,2.1490986482709418,EXECUTE,SUCCESS,1845598,0,0.0
0,125,24,2.1444550589835147,EXECUTE,SUCCESS,1845599,0,0.0
0,126,25,2.1398013926530637,EXECUTE,SUCCESS,1845600,0,0.0
0,127,26,2.1351375833889463,EXECUTE,SUCCESS,1845601,0,0.0
0,128,27,2.1304635645793124,EXECUTE,SUCCESS,1845602,0,0.0
0,129,28,2.1257792688800006,EXECUTE,SUCCESS,1845603,0,0.0
0,130,29,2.1210846282032194,EXECUTE,SUCCESS,1845604,0,0.0
0,131,30,2.1163795737060003,EXECUTE,SUCCESS,1845605,0,0.0
0,132,31,2.111664035778417,EXECUTE,SUCCESS,1845606,0,0.0
0,133,35,2.0000781234741805,EXECUTE,SUCCESS,1845611,0,0.0
0,134,36,2.0000156249389653,EXECUTE,SUCCESS,1845612,0,0.0
0,135,40,2.0000156249389653,EXECUTE,SUCCESS,1845613,0,0.0
0,136,41,2.0000156249389653,EXECUTE,SUCCESS,1845614,0,0.0
0,137,42,2.0000468744506965,EXECUTE,SUCCESS,1845617,0,0.0
0,138,44,2.0000156249389653,EXECUTE,SUCCESS,1845618,0,0.0
0,139,46,2.000031249755863,EXECUTE,SUCCESS,1845620,0,0.0
0,140,49,2.0000156249389653,EXECUTE,SUCCESS,1845621,0,0.0
0,141,51,2.0000156249389653,EXECUTE,SUCCESS,1845622,0,0.0
0,142,52,2.0000468744506965,EXECUTE,SUCCESS,1845625,0,0.0
0,143,54,2.0000468744506965,EXECUTE,SUCCESS,1845628,0,0.0
0,144,55,2.0000937478028376,EXECUTE,SUCCESS,1845634,0,0.0
0,145,56,2.0000937478028376,EXECUTE,SUCCESS,1845640,0,0.0
0,146,57,2.0000937478028376,EXECUTE,SUCCESS,1845646,0,0.0
0,147,58,2.0000937478028376,EXECUTE,SUCCESS,1845652,0,0.0
0,148,61,2.0000468744506965,EXECUTE,SUCCESS,1845655,0,0.0
0,149,62,2.0000468744506965,EXECUTE,SUCCESS,1845658,0,0.0
0,150,63,2.0000937478028376,EXECUTE,SUCCESS,1845664,0,0.0
0,151,64,2.0000937478028376,EXECUTE,SUCCESS,1845670,0,0.0
0,152,65,2.0000937478028376,EXECUTE,SUCCESS,1845676,0,0.0
0,153,66,2.0000937478028376,EXECUTE,SUCCESS,1845682,0,0.0
0,154,68,2.000031249755863,EXECUTE,SUCCESS,1845684,0,0.0
0,155,69,2.0000781234741805,EXECUTE,SUCCESS,1845689,0,0.0
0,156,70,2.0000937478028376,EXECUTE,SUCCESS,1845695,0,0.0
0,157,71,2.0000781234741805,EXECUTE,SUCCESS,1845700,0,0.0
0,158,72,2.0000781234741805,EXECUTE,SUCCESS,1845705,0,0.0
0,159,73,2.0000781234741805,EXECUTE,SUCCESS,1845710,0,0.0
0,160,76,2.0000468744506965,EXECUTE,SUCCESS,1845713,0,0.0
0,161,77,2.0000937478028376,EXECUTE,SUCCESS,1845719,0,0.0
0,162,78,2.0000937478028376,EXECUTE,SUCCESS,1845725,0,0.0
0,163,79,2.0000937478028376,EXECUTE,SUCCESS,1845731,0,0.0
0,164,80,2.0000937478028376,EXECUTE,SUCCESS,1845737,0,0.0
0,165,84,2.0000156249389653,EXECUTE,SUCCESS,1845738,0,0.0
0,166,86,2.0000156249389653,EXECUTE,SUCCESS,1845739,0,0.0
0,167,87,2.0000468744506965,EXECUTE,SUCCESS,1845742,0,0.0
0,168,88,2.0000937478028376,EXECUTE,SUCCESS,1845748,0,0.0
0,169,92,2.0000156249389653,EXECUTE,SUCCESS,1845749,0,0.0
0,170,94,2.0000156249389653,EXECUTE,SUCCESS,1845750,0,0.0
0,171,95,2.0,EXECUTE,CRASH,1845998,245,0.0153125
0,73,122,2.9779397240374097,EXECUTE,SUCCESS,1926000,0,0.0
0,74,123,2.955714803562753,EXECUTE,SUCCESS,1926002,0,0.0
0,75,124,2.9333214961882383,EXECUTE,SUCCESS,1926004,0,0.0
0,76,127,2.929921074022303,EXECUTE,SUCCESS,1926005,0,0.0
0,77,129,2.9265167007895254,EXECUTE,SUCCESS,1926006,0,0.0
0,78,130,2.9231083626851753,EXECUTE,SUCCESS,1926007,0,0.0
0,79,131,2.891841973552498,EXECUTE,SUCCESS,1926010,0,0.0
0,80,132,2.8602338191133967,EXECUTE,SUCCESS,1926013,0,0.0
0,81,133,2.828272440908055,EXECUTE,SUCCESS,1926016,0,0.0
0,82,134,2.795945725510424,EXECUTE,SUCCESS,1926019,0,0.0
0,83,135,2.7632408508850634,EXECUTE,SUCCESS,1926022,0,0.0
0,84,136,2.7301442269594496,EXECUTE,SUCCESS,1926025,0,0.0
0,85,138,2.696641429630571,EXECUTE,SUCCESS,1926028,0,0.0
0,86,139,2.662717127296854,EXECUTE,SUCCESS,1926031,0,0.0
0,87,140,2.6283549988538484,EXECUTE,SUCCESS,1926034,0,0.0
0,88,141,2.5935376419092155,EXECUTE,SUCCESS,1926037,0,0.0
0,89,145,2.5896911012705766,EXECUTE,SUCCESS,1926038,0,0.0
0,90,147,2.564103157051216,EXECUTE,SUCCESS,1926040,0,0.0
0,91,149,2.5602123935330074,EXECUTE,SUCCESS,1926041,0,0.0
0,92,151,2.524455386811185,EXECUTE,SUCCESS,1926044,0,0.0
0,93,152,2.52050342193777,EXECUTE,SUCCESS,1926045,0,0.0
0,94,153,2.5165452509343056,EXECUTE,SUCCESS,1926046,0,0.0
0,95,154,2.512580844470483,EXECUTE,SUCCESS,1926047,0,0.0
0,96,155,2.5086101729842376,EXECUTE,SUCCESS,1926048,0,0.0
0,97,158,2.5046332066791748,EXECUTE,SUCCESS,1926049,0,0.0
0,98,159,2.500649915521964,EXECUTE,SUCCESS,1926050,0,0.0
0,99,160,2.496660269239691,EXECUTE,SUCCESS,1926051,0,0.0
0,100,163,2.4926642373171735,EXECUTE,SUCCESS,1926052,0,0.0
0,101,165,2.488661788994239,EXECUTE,SUCCESS,1926053,0,0.0
0,102,167,2.4518615376892727,EXECUTE,SUCCESS,1926056,0,0.0
0,103,168,2.414500465934932,EXECUTE,SUCCESS,1926059,0,0.0
0,104,169,2.376552124402072,EXECUTE,SUCCESS,1926062,0,0.0
0,105,171,2.372353788961503,EXECUTE,SUCCESS,1926063,0,0.0
0,106,174,2.3681480105770416,EXECUTE,SUCCESS,1926064,0,0.0
0,107,176,2.363934749522499,EXECUTE,SUCCESS,1926065,0,0.0
0,108,182,2.325161284728438,EXECUTE,SUCCESS,1926068,0,0.0
0,109,183,2.320869987741666,EXECUTE,SUCCESS,1926069,0,0.0
0,110,186,2.3165707414193073,EXECUTE,SUCCESS,1926070,0,0.0
0,111,189,2.3122635014201984,EXECUTE,SUCCESS,1926071,0,0.0
0,112,191,2.307948222989414,EXECUTE,SUCCESS,1926072,0,0.0
0,113,192,2.3036248609528402,EXECUTE,SUCCESS,1926073,0,0.0
0,114,193,2.2992933697116578,EXECUTE,SUCCESS,1926074,0,0.0
0,115,7,2.2949537032367315,EXECUTE,SUCCESS,1926075,0,0.0
0,116,15,2.185892266329699,EXECUTE,SUCCESS,1926080,0,0.0
0,117,16,2.181327004371419,EXECUTE,SUCCESS,1926081,0,0.0
0,118,17,2.1767521677949437,EXECUTE,SUCCESS,1926082,0,0.0
0,119,18,2.172167696104513,EXECUTE,SUCCESS,1926083,0,0.0
0,120,19,2.167573528164613,EXECUTE,SUCCESS,1926084,0,0.0
0,121,20,2.1629696021904676,EXECUTE,SUCCESS,1926085,0,0.0
0,122,21,2.0,EXECUTE,CRASH,1926174,88,0.0055
0,73,122,2.9779397240374097,EXECUTE,SUCCESS,2006176,0,0.0
0,74,123,2.955714803562753,EXECUTE,SUCCESS,2006178,0,0.0
0,75,124,2.9333214961882383,EXECUTE,SUCCESS,2006180,0,0.0
0,76,127,2.929921074022303,EXECUTE,SUCCESS,2006181,0,0.0
0,77,129,2.9265167007895254,EXECUTE,SUCCESS,2006182,0,0.0
0,78,130,2.9231083626851753,EXECUTE,SUCCESS,2006183,0,0.0
0,79,131,2.891841973552498,EXECUTE,SUCCESS,2006186,0,0.0
0,80,132,2.8602338191133967,EXECUTE,SUCCESS,2006189,0,0.0
0,81,133,2.828272440908055,EXECUTE,SUCCESS,2006192,0,0.0
0,82,134,2.795945725510424,EXECUTE,SUCCESS,2006195,0,0.0
0,83,135,2.7632408508850634,EXECUTE,SUCCESS,2006198,0,0.0
0,84,136,2.7301442269594496,EXECUTE,SUCCESS,2006201,0,0.0
0,85,138,2.696641429630571,EXECUTE,SUCCESS,2006204,0,0.0
0,86,139,2.662717127296854,EXECUTE,SUCCESS,2006207,0,0.0
0,87,140,2.6283549988538484,EXECUTE,SUCCESS,2006210,0,0.0
0,88,141,2.5935376419092155,EXECUTE,SUCCESS,2006213,0,0.0
0,89,145,2.5896911012705766,EXECUTE,SUCCESS,2006214,0,0.0
0,90,147,2.564103157051216,EXECUTE,SUCCESS,2006216,0,0.0
0,91,149,2.5602123935330074,EXECUTE,SUCCESS,2006217,0,0.0
0,92,151,2.524455386811185,EXECUTE,SUCCESS,2006220,0,0.0
0,93,152,2.52050342193777,EXECUTE,SUCCESS,2006221,0,0.0
0,94,153,2.5165452509343056,EXECUTE,SUCCESS,2006222,0,0.0
0,95,154,2.512580844470483,EXECUTE,SUCCESS,2006223,0,0.0
0,96,155,2.5086101729842376,EXECUTE,SUCCESS,2006224,0,0.0
0,97,158,2.5046332066791748,EXECUTE,SUCCESS,2006225,0,0.0
0,98,159,2.500649915521964,EXECUTE,SUCCESS,2006226,0,0.0
0,99,160,2.496660269239691,EXECUTE,SUCCESS,2006227,0,0.0
0,100,163,2.4926642373171735,EXECUTE,SUCCESS,2006228,0,0.0
0,101,165,2.488661788994239,EXECUTE,SUCCESS,2006229,0,0.0
0,102,167,2.4518615376892727,EXECUTE,SUCCESS,2006232,0,0.0
0,103,168,2.414500465934932,EXECUTE,SUCCESS,2006235,0,0.0
0,104,169,2.376552124402072,EXECUTE,SUCCESS,2006238,0,0.0
0,105,171,2.372353788961503,EXECUTE,SUCCESS,2006239,0,0.0
0,106,174,2.3681480105770416,EXECUTE,SUCCESS,2006240,0,0.0
0,107,176,2.363934749522499,EXECUTE,SUCCESS,2006241,0,0.0
0,108,182,2.325161284728438,EXECUTE,SUCCESS,2006244,0,0.0
0,109,183,2.320869987741666,EXECUTE,SUCCESS,2006245,0,0.0
0,110,186,2.3165707414193073,EXECUTE,SUCCESS,2006246,0,0.0
0,111,189,2.3122635014201984,EXECUTE,SUCCESS,2006247,0,0.0
0,112,191,2.307948222989414,EXECUTE,SUCCESS,2006248,0,0.0
0,113,192,2.3036248609528402,EXECUTE,SUCCESS,2006249,0,0.0
0,114,193,2.2992933697116578,EXECUTE,SUCCESS,2006250,0,0.0
0,115,7,2.2949537032367315,EXECUTE,SUCCESS,2006251,0,0.0
0,116,15,2.185892266329699,EXECUTE,SUCCESS,2006256,0,0.0
0,117,16,2.181327004371419,EXECUTE,SUCCESS,2006257,0,0.0
0,118,17,2.1767521677949437,EXECUTE,SUCCESS,2006258,0,0.0
0,119,18,2.172167696104513,EXECUTE,SUCCESS,2006259,0,0.0
0,120,19,2.167573528164613,EXECUTE,SUCCESS,2006260,0,0.0
0,121,20,2.1629696021904676,EXECUTE,SUCCESS,2006261,0,0.0
0,122,21,2.1583558557383418,EXECUTE,SUCCESS,2006262,0,0.0
0,123,22,2.153732225695662,EXECUTE,SUCCESS,2006263,0,0.0
0,124,23,2.1490986482709418,EXECUTE,SUCCESS,2006264,0,0.0
0,125,24,2.1444550589835147,EXECUTE,SUCCESS,2006265,0,0.0
0,126,25,2.1398013926530637,EXECUTE,SUCCESS,2006266,0,0.0
0,127,26,2.1351375833889463,EXECUTE,SUCCESS,2006267,0,0.0
0,128,27,2.1304635645793124,EXECUTE,SUCCESS,2006268,0,0.0
0,129,28,2.1257792688800006,EXECUTE,SUCCESS,2006269,0,0.0
0,130,29,2.1210846282032194,EXECUTE,SUCCESS,2006270,0,0.0
0,131,30,2.1163795737060003,EXECUTE,SUCCESS,2006271,0,0.0
0,132,31,2.111664035778417,EXECUTE,SUCCESS,2006272,0,0.0
0,133,35,2.0000781234741805,EXECUTE,SUCCESS,2006277,0,0.0
0,134,36,2.0000156249389653,EXECUTE,SUCCESS,2006278,0,0.0
0,135,40,2.0000156249389653,EXECUTE,SUCCESS,2006279,0,0.0
0,136,41,2.0000156249389653,EXECUTE,SUCCESS,2006280,0,0.0
0,137,42,2.0000468744506965,EXECUTE,SUCCESS,2006283,0,0.0
0,138,44,2.0000156249389653,EXECUTE,SUCCESS,2006284,0,0.0
0,139,46,2.0,EXECUTE,CRASH,2006398,112,0.007
0,73,122,2.9779397240374097,EXECUTE,SUCCESS,2086400,0,0.0
0,74,123,2.955714803562753,EXECUTE,SUCCESS,2086402,0,0.0
0,75,124,2.9333214961882383,EXECUTE,SUCCESS,2086404,0,0.0
0,76,127,2.929921074022303,EXECUTE,SUCCESS,2086405,0,0.0
0,77,129,2.9265167007895254,EXECUTE,SUCCESS,2086406,0,0.0
0,78,130,2.9231083626851753,EXECUTE,SUCCESS,2086407,0,0.0
0,79,131,2.891841973552498,EXECUTE,SUCCESS,2086410,0,0.0
0,80,132,2.8602338191133967,EXECUTE,SUCCESS,2086413,0,0.0
0,81,133,2.828272440908055,EXECUTE,SUCCESS,2086416,0,0.0
0,82,134,2.795945725510424,EXECUTE,SUCCESS,2086419,0,0.0
0,83,135,2.7632408508850634,EXECUTE,SUCCESS,2086422,0,0.0
0,84,136,2.7301442269594496,EXECUTE,SUCCESS,2086425,0,0.0
0,85,138,2.696641429630571,EXECUTE,SUCCESS,2086428,0,0.0
0,86,139,2.662717127296854,EXECUTE,SUCCESS,2086431,0,0.0
0,87,140,2.6283549988538484,EXECUTE,SUCCESS,2086434,0,0.0
0,88,141,2.5935376419092155,EXECUTE,SUCCESS,2086437,0,0.0
0,89,145,2.5896911012705766,EXECUTE,SUCCESS,2086438,0,0.0
0,90,147,2.564103157051216,EXECUTE,SUCCESS,2086440,0,0.0
0,91,149,2.5602123935330074,EXECUTE,SUCCESS,2086441,0,0.0
0,92,151,2.524455386811185,EXECUTE,SUCCESS,2086444,0,0.0
0,93,152,2.52050342193777,EXECUTE,SUCCESS,2086445,0,0.0
0,94,153,2.5165452509343056,EXECUTE,SUCCESS,2086446,0,0.0
0,95,154,2.512580844470483,EXECUTE,SUCCESS,2086447,0,0.0
0,96,155,2.5086101729842376,EXECUTE,SUCCESS,2086448,0,0.0
0,97,158,2.5046332066791748,EXECUTE,SUCCESS,2086449,0,0.0
0,98,159,2.500649915521964,EXECUTE,SUCCESS,2086450,0,0.0
0,99,160,2.496660269239691,EXECUTE,SUCCESS,2086451,0,0.0
0,100,163,2.4926642373171735,EXECUTE,SUCCESS,2086452,0,0.0
0,101,165,2.488661788994239,EXECUTE,SUCCESS,2086453,0,0.0
0,102,167,2.4518615376892727,EXECUTE,SUCCESS,2086456,0,0.0
0,103,168,2.414500465934932,EXECUTE,SUCCESS,2086459,0,0.0
0,104,169,2.376552124402072,EXECUTE,SUCCESS,2086462,0,0.0
0,105,171,2.372353788961503,EXECUTE,SUCCESS,2086463,0,0.0
0,106,174,2.3681480105770416,EXECUTE,SUCCESS,2086464,0,0.0
0,107,176,2.363934749522499,EXECUTE,SUCCESS,2086465,0,0.0
0,108,182,2.325161284728438,EXECUTE,SUCCESS,2086468,0,0.0
0,109,183,2.320869987741666,EXECUTE,SUCCESS,2086469,0,0.0
0,110,186,2.3165707414193073,EXECUTE,SUCCESS,2086470,0,0.0
0,111,189,2.3122635014201984,EXECUTE,SUCCESS,2086471,0,0.0
0,112,191,2.307948222989414,EXECUTE,SUCCESS,2086472,0,0.0
0,113,192,2.3036248609528402,EXECUTE,SUCCESS,2086473,0,0.0
0,114,193,2.2992933697116578,EXECUTE,SUCCESS,2086474,0,0.0
0,115,7,2.2949537032367315,EXECUTE,SUCCESS,2086475,0,0.0
0,116,15,2.185892266329699,EXECUTE,SUCCESS,2086480,0,0.0
0,117,16,2.181327004371419,EXECUTE,SUCCESS,2086481,0,0.0
0,118,17,2.1767521677949437,EXECUTE,SUCCESS,2086482,0,0.0
0,119,18,2.172167696104513,EXECUTE,SUCCESS,2086483,0,0.0
0,120,19,2.167573528164613,EXECUTE,SUCCESS,2086484,0,0.0
0,121,20,2.1629696021904676,EXECUTE,SUCCESS,2086485,0,0.0
0,122,21,2.1583558557383418,EXECUTE,SUCCESS,2086486,0,0.0
0,123,22,2.153732225695662,EXECUTE,SUCCESS,2086487,0,0.0
0,124,23,2.1490986482709418,EXECUTE,SUCCESS,2086488,0,0.0
0,125,24,2.1444550589835147,EXECUTE,SUCCESS,2086489,0,0.0
0,126,25,2.1398013926530637,EXECUTE,SUCCESS,2086490,0,0.0
0,127,26,2.0,EXECUTE,CRASH,2086584,93,0.0058125
0,73,122,2.9779397240374097,EXECUTE,SUCCESS,2166586,0,0.0
0,74,123,2.955714803562753,EXECUTE,SUCCESS,2166588,0,0.0
0,75,124,2.9333214961882383,EXECUTE,SUCCESS,2166590,0,0.0
0,76,127,2.929921074022303,EXECUTE,SUCCESS,2166591,0,0.0
0,77,129,2.9265167007895254,EXECUTE,SUCCESS,2166592,0,0.0
0,78,130,2.9231083626851753,EXECUTE,SUCCESS,2166593,0,0.0
0,79,131,2.891841973552498,EXECUTE,SUCCESS,2166596,0,0.0
0,80,132,2.8602338191133967,EXECUTE,SUCCESS,2166599,0,0.0
0,81,133,2.828272440908055,EXECUTE,SUCCESS,2166602,0,0.0
0,82,134,2.795945725510424,EXECUTE,SUCCESS,2166605,0,0.0
0,83,135,2.7632408508850634,EXECUTE,SUCCESS,2166608,0,0.0
0,84,136,2.7301442269594496,EXECUTE,SUCCESS,2166611,0,0.0
0,85,138,2.696641429630571,EXECUTE,SUCCESS,2166614,0,0.0
0,86,139,2.662717127296854,EXECUTE,SUCCESS,2166617,0,0.0
0,87,140,2.6283549988538484,EXECUTE,SUCCESS,2166620,0,0.0
0,88,141,2.5935376419092155,EXECUTE,SUCCESS,2166623,0,0.0
0,89,145,2.5896911012705766,EXECUTE,SUCCESS,2166624,0,0.0
0,90,147,2.564103157051216,EXECUTE,SUCCESS,2166626,0,0.0
0,91,149,2.5602123935330074,EXECUTE,SUCCESS,2166627,0,0.0
0,92,151,2.524455386811185,EXECUTE,SUCCESS,2166630,0,0.0
0,93,152,2.52050342193777,EXECUTE,SUCCESS,2166631,0,0.0
0,94,153,2.5165452509343056,EXECUTE,SUCCESS,2166632,0,0.0
0,95,154,2.512580844470483,EXECUTE,SUCCESS,2166633,0,0.0
0,96,155,2.5086101729842376,EXECUTE,SUCCESS,2166634,0,0.0
0,97,158,2.5046332066791748,EXECUTE,SUCCESS,2166635,0,0.0
0,98,159,2.500649915521964,EXECUTE,SUCCESS,2166636,0,0.0
0,99,160,2.496660269239691,EXECUTE,SUCCESS,2166637,0,0.0
0,100,163,2.4926642373171735,EXECUTE,SUCCESS,2166638,0,0.0
0,101,165,2.488661788994239,EXECUTE,SUCCESS,2166639,0,0.0
0,102,167,2.4518615376892727,EXECUTE,SUCCESS,2166642,0,0.0
0,103,168,2.414500465934932,EXECUTE,SUCCESS,2166645,0,0.0
0,104,169,2.376552124402072,EXECUTE,SUCCESS,2166648,0,0.0
0,105,171,2.372353788961503,EXECUTE,SUCCESS,2166649,0,0.0
0,106,174,2.3681480105770416,EXECUTE,SUCCESS,2166650,0,0.0
0,107,176,2.363934749522499,EXECUTE,SUCCESS,2166651,0,0.0
0,108,182,2.325161284728438,EXECUTE,SUCCESS,2166654,0,0.0
0,109,183,2.0,EXECUTE,CRASH,2166726,71,0.0044375
0,73,122,2.9779397240374097,EXECUTE,SUCCESS,2246728,0,0.0
0,74,123,2.955714803562753,EXECUTE,SUCCESS,2246730,0,0.0
0,75,124,2.9333214961882383,EXECUTE,SUCCESS,2246732,0,0.0
0,76,127,2.929921074022303,EXECUTE,SUCCESS,2246733,0,0.0
0,77,129,2.9265167007895254,EXECUTE,SUCCESS,2246734,0,0.0
0,78,130,2.9231083626851753,EXECUTE,SUCCESS,2246735,0,0.0
0,79,131,2.891841973552498,EXECUTE,SUCCESS,2246738,0,0.0
0,80,132,2.8602338191133967,EXECUTE,SUCCESS,2246741,0,0.0
0,81,133,2.828272440908055,EXECUTE,SUCCESS,2246744,0,0.0
0,82,134,2.0,EXECUTE,CRASH,2246768,21,0.0013125
0,73,122,2.9779397240374097,EXECUTE,SUCCESS,2326770,0,0.0
0,74,123,2.955714803562753,EXECUTE,SUCCESS,2326772,0,0.0
0,75,124,2.9333214961882383,EXECUTE,SUCCESS,2326774,0,0.0
0,76,127,2.929921074022303,EXECUTE,SUCCESS,2326775,0,0.0
0,77,129,2.9265167007895254,EXECUTE,SUCCESS,2326776,0,0.0
0,78,130,2.9231083626851753,EXECUTE,SUCCESS,2326777,0,0.0
0,79,131,2.891841973552498,EXECUTE,SUCCESS,2326780,0,0.0
0,80,132,2.8602338191133967,EXECUTE,SUCCESS,2326783,0,0.0
0,81,133,2.828272440908055,EXECUTE,SUCCESS,2326786,0,0.0
0,82,134,2.795945725510424,EXECUTE,SUCCESS,2326789,0,0.0
0,83,135,2.7632408508850634,EXECUTE,SUCCESS,2326792,0,0.0
0,84,136,2.7301442269594496,EXECUTE,SUCCESS,2326795,0,0.0
0,85,138,2.696641429630571,EXECUTE,SUCCESS,2326798,0,0.0
0,86,139,2.662717127296854,EXECUTE,SUCCESS,2326801,0,0.0
0,87,140,2.6283549988538484,EXECUTE,SUCCESS,2326804,0,0.0
0,88,141,2.5935376419092155,EXECUTE,SUCCESS,2326807,0,0.0
0,89,145,2.5896911012705766,EXECUTE,SUCCESS,2326808,0,0.0
0,90,147,2.564103157051216,EXECUTE,SUCCESS,2326810,0,0.0
0,91,149,2.5602123935330074,EXECUTE,SUCCESS,2326811,0,0.0
0,92,151,2.524455386811185,EXECUTE,SUCCESS,2326814,0,0.0
0,93,152,2.52050342193777,EXECUTE,SUCCESS,2326815,0,0.0
0,94,153,2.5165452509343056,EXECUTE,SUCCESS,2326816,0,0.0
0,95,154,2.512580844470483,EXECUTE,SUCCESS,2326817,0,0.0
0,96,155,2.5086101729842376,EXECUTE,SUCCESS,2326818,0,0.0
0,97,158,2.5046332066791748,EXECUTE,SUCCESS,2326819,0,0.0
0,98,159,2.500649915521964,EXECUTE,SUCCESS,2326820,0,0.0
0,99,160,2.496660269239691,EXECUTE,SUCCESS,2326821,0,0.0
0,100,163,2.4926642373171735,EXECUTE,SUCCESS,2326822,0,0.0
0,101,165,2.488661788994239,EXECUTE,SUCCESS,2326823,0,0.0
0,102,167,2.4518615376892727,EXECUTE,SUCCESS,2326826,0,0.0
0,103,168,2.414500465934932,EXECUTE,SUCCESS,2326829,0,0.0
0,104,169,2.376552124402072,EXECUTE,SUCCESS,2326832,0,0.0
0,105,171,2.372353788961503,EXECUTE,SUCCESS,2326833,0,0.0
0,106,174,2.3681480105770416,EXECUTE,SUCCESS,2326834,0,0.0
0,107,176,2.363934749522499,EXECUTE,SUCCESS,2326835,0,0.0
0,108,182,2.325161284728438,EXECUTE,SUCCESS,2326838,0,0.0
0,109,183,2.320869987741666,EXECUTE,SUCCESS,2326839,0,0.0
0,110,186,2.3165707414193073,EXECUTE,SUCCESS,2326840,0,0.0
0,111,189,2.3122635014201984,EXECUTE,SUCCESS,2326841,0,0.0
0,112,191,2.307948222989414,EXECUTE,SUCCESS,2326842,0,0.0
0,113,192,2.3036248609528402,EXECUTE,SUCCESS,2326843,0,0.0
0,114,193,2.2992933697116578,EXECUTE,SUCCESS,2326844,0,0.0
0,115,7,2.2949537032367315,EXECUTE,SUCCESS,2326845,0,0.0
0,116,15,2.185892266329699,EXECUTE,SUCCESS,2326850,0,0.0
0,117,16,2.181327004371419,EXECUTE,SUCCESS,2326851,0,0.0
0,118,17,2.1767521677949437,EXECUTE,SUCCESS,2326852,0,0.0
0,119,18,2.172167696104513,EXECUTE,SUCCESS,2326853,0,0.0
0,120,19,2.167573528164613,EXECUTE,SUCCESS,2326854,0,0.0
0,121,20,2.1629696021904676,EXECUTE,SUCCESS,2326855,0,0.0
0,122,21,2.1583558557383418,EXECUTE,SUCCESS,2326856,0,0.0
0,123,22,2.153732225695662,EXECUTE,SUCCESS,2326857,0,0.0
0,124,23,2.1490986482709418,EXECUTE,SUCCESS,2326858,0,0.0
0,125,24,2.1444550589835147,EXECUTE,SUCCESS,2326859,0,0.0
0,126,25,2.1398013926530637,EXECUTE,SUCCESS,2326860,0,0.0
0,127,26,2.1351375833889463,EXECUTE,SUCCESS,2326861,0,0.0
0,128,27,2.1304635645793124,EXECUTE,SUCCESS,2326862,0,0.0
0,129,28,2.1257792688800006,EXECUTE,SUCCESS,2326863,0,0.0
0,130,29,2.1210846282032194,EXECUTE,SUCCESS,2326864,0,0.0
0,131,30,2.1163795737060003,EXECUTE,SUCCESS,2326865,0,0.0
0,132,31,2.111664035778417,EXECUTE,SUCCESS,2326866,0,0.0
0,133,35,2.0000781234741805,EXECUTE,SUCCESS,2326871,0,0.0
0,134,36,2.0000156249389653,EXECUTE,SUCCESS,2326872,0,0.0
0,135,40,2.0000156249389653,EXECUTE,SUCCESS,2326873,0,0.0
0,136,41,2.0000156249389653,EXECUTE,SUCCESS,2326874,0,0.0
0,137,42,2.0000468744506965,EXECUTE,SUCCESS,2326877,0,0.0
0,138,44,2.0000156249389653,EXECUTE,SUCCESS,2326878,0,0.0
0,139,46,2.000031249755863,EXECUTE,SUCCESS,2326880,0,0.0
0,140,49,2.0000156249389653,EXECUTE,SUCCESS,2326881,0,0.0
0,141,51,2.0000156249389653,EXECUTE,SUCCESS,2326882,0,0.0
0,142,52,2.0000468744506965,EXECUTE,SUCCESS,2326885,0,0.0
0,143,54,2.0000468744506965,EXECUTE,SUCCESS,2326888,0,0.0
0,144,55,2.0000937478028376,EXECUTE,SUCCESS,2326894,0,0.0
0,145,56,2.0000937478028376,EXECUTE,SUCCESS,2326900,0,0.0
0,146,57,2.0000937478028376,EXECUTE,SUCCESS,2326906,0,0.0
0,147,58,2.0000937478028376,EXECUTE,SUCCESS,2326912,0,0.0
0,148,61,2.0000468744506965,EXECUTE,SUCCESS,2326915,0,0.0
0,149,62,2.0000468744506965,EXECUTE,SUCCESS,2326918,0,0.0
0,150,63,2.0000937478028376,EXECUTE,SUCCESS,2326924,0,0.0
0,151,64,2.0000937478028376,EXECUTE,SUCCESS,2326930,0,0.0
0,152,65,2.0000937478028376,EXECUTE,SUCCESS,2326936,0,0.0
0,153,66,2.0000937478028376,EXECUTE,SUCCESS,2326942,0,0.0
0,154,68,2.000031249755863,EXECUTE,SUCCESS,2326944,0,0.0
0,155,69,2.0000781234741805,EXECUTE,SUCCESS,2326949,0,0.0
0,156,70,2.0000937478028376,EXECUTE,SUCCESS,2326955,0,0.0
0,157,71,2.0000781234741805,EXECUTE,SUCCESS,2326960,0,0.0
0,158,72,2.0000781234741805,EXECUTE,SUCCESS,2326965,0,0.0
0,159,73,2.0000781234741805,EXECUTE,SUCCESS,2326970,0,0.0
0,160,76,2.0000468744506965,EXECUTE,SUCCESS,2326973,0,0.0
0,161,77,2.0000937478028376,EXECUTE,SUCCESS,2326979,0,0.0
0,162,78,2.0000937478028376,EXECUTE,SUCCESS,2326985,0,0.0
0,163,79,2.0000937478028376,EXECUTE,SUCCESS,2326991,0,0.0
0,164,80,2.0000937478028376,EXECUTE,SUCCESS,2326997,0,0.0
0,165,84,2.0000156249389653,EXECUTE,SUCCESS,2326998,0,0.0
0,166,86,2.0000156249389653,EXECUTE,SUCCESS,2326999,0,0.0
0,167,87,2.0000468744506965,EXECUTE,SUCCESS,2327002,0,0.0
0,168,88,2.0000937478028376,EXECUTE,SUCCESS,2327008,0,0.0
0,169,92,2.0000156249389653,EXECUTE,SUCCESS,2327009,0,0.0
0,170,94,2.0000156249389653,EXECUTE,SUCCESS,2327010,0,0.0
0,171,95,2.0000468744506965,EXECUTE,SUCCESS,2327013,0,0.0
0,172,96,2.0000781234741805,EXECUTE,SUCCESS,2327018,0,0.0
0,173,100,2.0000156249389653,EXECUTE,SUCCESS,2327019,0,0.0
0,174,102,2.0000156249389653,EXECUTE,SUCCESS,2327020,0,0.0
0,175,105,2.000031249755863,EXECUTE,SUCCESS,2327022,0,0.0
0,176,106,2.000031249755863,EXECUTE,SUCCESS,2327024,0,0.0
0,177,107,2.000031249755863,EXECUTE,SUCCESS,2327026,0,0.0
0,178,108,2.0,EXECUTE,CRASH,2327288,260,0.01625
0,73,122,2.9779397240374097,EXECUTE,SUCCESS,2407290,0,0.0
0,74,123,2.955714803562753,EXECUTE,SUCCESS,2407292,0,0.0
0,75,124,2.9333214961882383,EXECUTE,SUCCESS,2407294,0,0.0
0,76,127,2.929921074022303,EXECUTE,SUCCESS,2407295,0,0.0
0,77,129,2.9265167007895254,EXECUTE,SUCCESS,2407296,0,0.0
0,78,130,2.9231083626851753,EXECUTE,SUCCESS,2407297,0,0.0
0,79,131,2.891841973552498,EXECUTE,SUCCESS,2407300,0,0.0
0,80,132,2.8602338191133967,EXECUTE,SUCCESS,2407303,0,0.0
0,81,133,2.828272440908055,EXECUTE,SUCCESS,2407306,0,0.0
0,82,134,2.795945725510424,EXECUTE,SUCCESS,2407309,0,0.0
0,83,135,2.7632408508850634,EXECUTE,SUCCESS,2407312,0,0.0
0,84,136,2.7301442269594496,EXECUTE,SUCCESS,2407315,0,0.0
0,85,138,2.696641429630571,EXECUTE,SUCCESS,2407318,0,0.0
0,86,139,2.662717127296854,EXECUTE,SUCCESS,2407321,0,0.0
0,87,140,2.6283549988538484,EXECUTE,SUCCESS,2407324,0,0.0
0,88,141,2.5935376419092155,EXECUTE,SUCCESS,2407327,0,0.0
0,89,145,2.5896911012705766,EXECUTE,SUCCESS,2407328,0,0.0
0,90,147,2.564103157051216,EXECUTE,SUCCESS,2407330,0,0.0
0,91,149,2.5602123935330074,EXECUTE,SUCCESS,2407331,0,0.0
0,92,151,2.524455386811185,EXECUTE,SUCCESS,2407334,0,0.0
0,93,152,2.52050342193777,EXECUTE,SUCCESS,2407335,0,0.0
0,94,153,2.5165452509343056,EXECUTE,SUCCESS,2407336,0,0.0
0,95,154,2.512580844470483,EXECUTE,SUCCESS,2407337,0,0.0
0,96,155,2.5086101729842376,EXECUTE,SUCCESS,2407338,0,0.0
0,97,158,2.5046332066791748,EXECUTE,SUCCESS,2407339,0,0.0
0,98,159,2.500649915521964,EXECUTE,SUCCESS,2407340,0,0.0
0,99,160,2.496660269239691,EXECUTE,SUCCESS,2407341,0,0.0
0,100,163,2.4926642373171735,EXECUTE,SUCCESS,2407342,0,0.0
0,101,165,2.488661788994239,EXECUTE,SUCCESS,2407343,0,0.0
0,102,167,2.4518615376892727,EXECUTE,SUCCESS,2407346,0,0.0
0,103,168,2.414500465934932,EXECUTE,SUCCESS,2407349,0,0.0
0,104,169,2.376552124402072,EXECUTE,SUCCESS,2407352,0,0.0
0,105,171,2.372353788961503,EXECUTE,SUCCESS,2407353,0,0.0
0,106,174,2.3681480105770416,EXECUTE,SUCCESS,2407354,0,0.0
0,107,176,2.363934749522499,EXECUTE,SUCCESS,2407355,0,0.0
0,108,182,2.325161284728438,EXECUTE,SUCCESS,2407358,0,0.0
0,109,183,2.320869987741666,EXECUTE,SUCCESS,2407359,0,0.0
0,110,186,2.3165707414193073,EXECUTE,SUCCESS,2407360,0,0.0
0,111,189,2.3122635014201984,EXECUTE,SUCCESS,2407361,0,0.0
0,112,191,2.307948222989414,EXECUTE,SUCCESS,2407362,0,0.0
0,113,192,2.3036248609528402,EXECUTE,SUCCESS,2407363,0,0.0
0,114,193,2.2992933697116578,EXECUTE,SUCCESS,2407364,0,0.0
0,115,7,2.2949537032367315,EXECUTE,SUCCESS,2407365,0,0.0
0,116,15,2.185892266329699,EXECUTE,SUCCESS,2407370,0,0.0
0,117,16,2.181327004371419,EXECUTE,SUCCESS,2407371,0,0.0
0,118,17,2.1767521677949437,EXECUTE,SUCCESS,2407372,0,0.0
0,119,18,2.172167696104513,EXECUTE,SUCCESS,2407373,0,0.0
0,120,19,2.167573528164613,EXECUTE,SUCCESS,2407374,0,0.0
0,121,20,2.1629696021904676,EXECUTE,SUCCESS,2407375,0,0.0
0,122,21,2.1583558557383418,EXECUTE,SUCCESS,2407376,0,0.0
0,123,22,2.153732225695662,EXECUTE,SUCCESS,2407377,0,0.0
0,124,23,2.1490986482709418,EXECUTE,SUCCESS,2407378,0,0.0
0,125,24,2.1444550589835147,EXECUTE,SUCCESS,2407379,0,0.0
0,126,25,2.1398013926530637,EXECUTE,SUCCESS,2407380,0,0.0
0,127,26,2.1351375833889463,EXECUTE,SUCCESS,2407381,0,0.0
0,128,27,2.1304635645793124,EXECUTE,SUCCESS,2407382,0,0.0
0,129,28,2.1257792688800006,EXECUTE,SUCCESS,2407383,0,0.0
0,130,29,2.1210846282032194,EXECUTE,SUCCESS,2407384,0,0.0
0,131,30,2.1163795737060003,EXECUTE,SUCCESS,2407385,0,0.0
0,132,31,2.111664035778417,EXECUTE,SUCCESS,2407386,0,0.0
0,133,35,2.0000781234741805,EXECUTE,SUCCESS,2407391,0,0.0
0,134,36,2.0000156249389653,EXECUTE,SUCCESS,2407392,0,0.0
0,135,40,2.0000156249389653,EXECUTE,SUCCESS,2407393,0,0.0
0,136,41,2.0000156249389653,EXECUTE,SUCCESS,2407394,0,0.0
0,137,42,2.0000468744506965,EXECUTE,SUCCESS,2407397,0,0.0
0,138,44,2.0000156249389653,EXECUTE,SUCCESS,2407398,0,0.0
0,139,46,2.000031249755863,EXECUTE,SUCCESS,2407400,0,0.0
0,140,49,2.0000156249389653,EXECUTE,SUCCESS,2407401,0,0.0
0,141,51,2.0000156249389653,EXECUTE,SUCCESS,2407402,0,0.0
0,142,52,2.0000468744506965,EXECUTE,SUCCESS,2407405,0,0.0
0,143,54,2.0000468744506965,EXECUTE,SUCCESS,2407408,0,0.0
0,144,55,2.0000937478028376,EXECUTE,SUCCESS,2407414,0,0.0
0,145,56,2.0000937478028376,EXECUTE,SUCCESS,2407420,0,0.0
0,146,57,2.0000937478028376,EXECUTE,SUCCESS,2407426,0,0.0
0,147,58,2.0000937478028376,EXECUTE,SUCCESS,2407432,0,0.0
0,148,61,2.0000468744506965,EXECUTE,SUCCESS,2407435,0,0.0
0,149,62,2.0000468744506965,EXECUTE,SUCCESS,2407438,0,0.0
0,150,63,2.0000937478028376,EXECUTE,SUCCESS,2407444,0,0.0
0,151,64,2.0000937478028376,EXECUTE,SUCCESS,2407450,0,0.0
0,152,65,2.0000937478028376,EXECUTE,SUCCESS,2407456,0,0.0
0,153,66,2.0000937478028376,EXECUTE,SUCCESS,2407462,0,0.0
0,154,68,2.000031249755863,EXECUTE,SUCCESS,2407464,0,0.0
0,155,69,2.0000781234741805,EXECUTE,SUCCESS,2407469,0,0.0
0,156,70,2.0000937478028376,EXECUTE,SUCCESS,2407475,0,0.0
0,157,71,2.0000781234741805,EXECUTE,SUCCESS,2407480,0,0.0
0,158,72,2.0000781234741805,EXECUTE,SUCCESS,2407485,0,0.0
0,159,73,2.0000781234741805,EXECUTE,SUCCESS,2407490,0,0.0
0,160,76,2.0000468744506965,EXECUTE,SUCCESS,2407493,0,0.0
0,161,77,2.0000937478028376,EXECUTE,SUCCESS,2407499,0,0.0
0,162,78,2.0000937478028376,EXECUTE,SUCCESS,2407505,0,0.0
0,163,79,2.0000937478028376,EXECUTE,SUCCESS,2407511,0,0.0
0,164,80,2.0000937478028376,EXECUTE,SUCCESS,2407517,0,0.0
0,165,84,2.0000156249389653,EXECUTE,SUCCESS,2407518,0,0.0
0,166,86,2.0000156249389653,EXECUTE,SUCCESS,2407519,0,0.0
0,167,87,2.0000468744506965,EXECUTE,SUCCESS,2407522,0,0.0
0,168,88,2.0000937478028376,EXECUTE,SUCCESS,2407528,0,0.0
0,169,92,2.0000156249389653,EXECUTE,SUCCESS,2407529,0,0.0
0,170,94,2.0000156249389653,EXECUTE,SUCCESS,2407530,0,0.0
0,171,95,2.0,EXECUTE,CRASH,2407778,245,0.0153125
0,73,122,2.9779397240374097,EXECUTE,SUCCESS,2487780,0,0.0
0,74,123,2.955714803562753,EXECUTE,SUCCESS,2487782,0,0.0
0,75,124,2.0,EXECUTE,CRASH,2487790,6,0.000375
0,73,122,2.9779397240374097,EXECUTE,SUCCESS,2567792,0,0.0
0,74,123,2.955714803562753,EXECUTE,SUCCESS,2567794,0,0.0
0,75,124,2.9333214961882383,EXECUTE,SUCCESS,2567796,0,0.0
0,76,127,2.929921074022303,EXECUTE,SUCCESS,2567797,0,0.0
0,77,129,2.9265167007895254,EXECUTE,SUCCESS,2567798,0,0.0
0,78,130,2.9231083626851753,EXECUTE,SUCCESS,2567799,0,0.0
0,79,131,2.891841973552498,EXECUTE,SUCCESS,2567802,0,0.0
0,80,132,2.8602338191133967,EXECUTE,SUCCESS,2567805,0,0.0
0,81,133,2.828272440908055,EXECUTE,SUCCESS,2567808,0,0.0
0,82,134,2.795945725510424,EXECUTE,SUCCESS,2567811,0,0.0
0,83,135,2.7632408508850634,EXECUTE,SUCCESS,2567814,0,0.0
0,84,136,2.7301442269594496,EXECUTE,SUCCESS,2567817,0,0.0
0,85,138,2.696641429630571,EXECUTE,SUCCESS,2567820,0,0.0
0,86,139,2.662717127296854,EXECUTE,SUCCESS,2567823,0,0.0
0,87,140,2.6283549988538484,EXECUTE,SUCCESS,2567826,0,0.0
0,88,141,2.5935376419092155,EXECUTE,SUCCESS,2567829,0,0.0
0,89,145,2.5896911012705766,EXECUTE,SUCCESS,2567830,0,0.0
0,90,147,2.564103157051216,EXECUTE,SUCCESS,2567832,0,0.0
0,91,149,2.5602123935330074,EXECUTE,SUCCESS,2567833,0,0.0
0,92,151,2.524455386811185,EXECUTE,SUCCESS,2567836,0,0.0
0,93,152,2.52050342193777,EXECUTE,SUCCESS,2567837,0,0.0
0,94,153,2.5165452509343056,EXECUTE,SUCCESS,2567838,0,0.0
0,95,154,2.0,EXECUTE,CRASH,2567888,49,0.0030625
0,73,122,2.9779397240374097,EXECUTE,SUCCESS,2647890,0,0.0
0,74,123,2.955714803562753,EXECUTE,SUCCESS,2647892,0,0.0
0,75,124,2.9333214961882383,EXECUTE,SUCCESS,2647894,0,0.0
0,76,127,2.929921074022303,EXECUTE,SUCCESS,2647895,0,0.0
0,77,129,2.9265167007895254,EXECUTE,SUCCESS,2647896,0,0.0
0,78,130,2.9231083626851753,EXECUTE,SUCCESS,2647897,0,0.0
0,79,131,2.891841973552498,EXECUTE,SUCCESS,2647900,0,0.0
0,80,132,2.8602338191133967,EXECUTE,SUCCESS,2647903,0,0.0
0,81,133,2.828272440908055,EXECUTE,SUCCESS,2647906,0,0.0
0,82,134,2.795945725510424,EXECUTE,SUCCESS,2647909,0,0.0
0,83,135,2.7632408508850634,EXECUTE,SUCCESS,2647912,0,0.0
0,84,136,2.7301442269594496,EXECUTE,SUCCESS,2647915,0,0.0
0,85,138,2.696641429630571,EXECUTE,SUCCESS,2647918,0,0.0
0,86,139,2.662717127296854,EXECUTE,SUCCESS,2647921,0,0.0
0,87,140,2.6283549988538484,EXECUTE,SUCCESS,2647924,0,0.0
0,88,141,2.5935376419092155,EXECUTE,SUCCESS,2647927,0,0.0
0,89,145,2.5896911012705766,EXECUTE,SUCCESS,2647928,0,0.0
0,90,147,2.564103157051216,EXECUTE,SUCCESS,2647930,0,0.0
0,91,149,2.5602123935330074,EXECUTE,SUCCESS,2647931,0,0.0
0,92,151,2.524455386811185,EXECUTE,SUCCESS,2647934,0,0.0
0,93,152,2.52050342193777,EXECUTE,SUCCESS,2647935,0,0.0
0,94,153,2.5165452509343056,EXECUTE,SUCCESS,2647936,0,0.0
0,95,154,2.512580844470483,EXECUTE,SUCCESS,2647937,0,0.0
0,96,155,2.0,EXECUTE,CRASH,2647988,50,0.003125
0,73,122,2.9779397240374097,EXECUTE,SUCCESS,2727990,0,0.0
0,74,123,2.955714803562753,EXECUTE,SUCCESS,2727992,0,0.0
0,75,124,2.9333214961882383,EXECUTE,SUCCESS,2727994,0,0.0
0,76,127,2.929921074022303,EXECUTE,SUCCESS,2727995,0,0.0
0,77,129,2.9265167007895254,EXECUTE,SUCCESS,2727996,0,0.0
0,78,130,2.9231083626851753,EXECUTE,SUCCESS,2727997,0,0.0
0,79,131,2.891841973552498,EXECUTE,SUCCESS,2728000,0,0.0
0,80,132,2.8602338191133967,EXECUTE,SUCCESS,2728003,0,0.0
0,81,133,2.828272440908055,EXECUTE,SUCCESS,2728006,0,0.0
0,82,134,2.795945725510424,EXECUTE,SUCCESS,2728009,0,0.0
0,83,135,2.7632408508850634,EXECUTE,SUCCESS,2728012,0,0.0
0,84,136,2.7301442269594496,EXECUTE,SUCCESS,2728015,0,0.0
0,85,138,2.696641429630571,EXECUTE,SUCCESS,2728018,0,0.0
0,86,139,2.662717127296854,EXECUTE,SUCCESS,2728021,0,0.0
0,87,140,2.6283549988538484,EXECUTE,SUCCESS,2728024,0,0.0
0,88,141,2.5935376419092155,EXECUTE,SUCCESS,2728027,0,0.0
0,89,145,2.5896911012705766,EXECUTE,SUCCESS,2728028,0,0.0
0,90,147,2.564103157051216,EXECUTE,SUCCESS,2728030,0,0.0
0,91,149,2.5602123935330074,EXECUTE,SUCCESS,2728031,0,0.0
0,92,151,2.524455386811185,EXECUTE,SUCCESS,2728034,0,0.0
0,93,152,2.52050342193777,EXECUTE,SUCCESS,2728035,0,0.0
0,94,153,2.5165452509343056,EXECUTE,SUCCESS,2728036,0,0.0
0,95,154,2.512580844470483,EXECUTE,SUCCESS,2728037,0,0.0
0,96,155,2.5086101729842376,EXECUTE,SUCCESS,2728038,0,0.0
0,97,158,2.5046332066791748,EXECUTE,SUCCESS,2728039,0,0.0
0,98,159,2.500649915521964,EXECUTE,SUCCESS,2728040,0,0.0
0,99,160,2.496660269239691,EXECUTE,SUCCESS,2728041,0,0.0
0,100,163,2.4926642373171735,EXECUTE,SUCCESS,2728042,0,0.0
0,101,165,2.488661788994239,EXECUTE,SUCCESS,2728043,0,0.0
0,102,167,2.4518615376892727,EXECUTE,SUCCESS,2728046,0,0.0
0,103,168,2.414500465934932,EXECUTE,SUCCESS,2728049,0,0.0
0,104,169,2.376552124402072,EXECUTE,SUCCESS,2728052,0,0.0
0,105,171,2.372353788961503,EXECUTE,SUCCESS,2728053,0,0.0
0,106,174,2.3681480105770416,EXECUTE,SUCCESS,2728054,0,0.0
0,107,176,2.363934749522499,EXECUTE,SUCCESS,2728055,0,0.0
0,108,182,2.325161284728438,EXECUTE,SUCCESS,2728058,0,0.0
0,109,183,2.320869987741666,EXECUTE,SUCCESS,2728059,0,0.0
0,110,186,2.3165707414193073,EXECUTE,SUCCESS,2728060,0,0.0
0,111,189,2.3122635014201984,EXECUTE,SUCCESS,2728061,0,0.0
0,112,191,2.307948222989414,EXECUTE,SUCCESS,2728062,0,0.0
0,113,192,2.3036248609528402,EXECUTE,SUCCESS,2728063,0,0.0
0,114,193,2.2992933697116578,EXECUTE,SUCCESS,2728064,0,0.0
0,115,7,2.2949537032367315,EXECUTE,SUCCESS,2728065,0,0.0
0,116,15,2.185892266329699,EXECUTE,SUCCESS,2728070,0,0.0
0,117,16,2.0,EXECUTE,CRASH,2728154,83,0.0051875
0,73,122,2.9779397240374097,EXECUTE,SUCCESS,2808156,0,0.0
0,74,123,2.955714803562753,EXECUTE,SUCCESS,2808158,0,0.0
0,75,124,2.9333214961882383,EXECUTE,SUCCESS,2808160,0,0.0
0,76,127,2.929921074022303,EXECUTE,SUCCESS,2808161,0,0.0
0,77,129,2.9265167007895254,EXECUTE,SUCCESS,2808162,0,0.0
0,78,130,2.9231083626851753,EXECUTE,SUCCESS,2808163,0,0.0
0,79,131,2.891841973552498,EXECUTE,SUCCESS,2808166,0,0.0
0,80,132,2.8602338191133967,EXECUTE,SUCCESS,2808169,0,0.0
0,81,133,2.828272440908055,EXECUTE,SUCCESS,2808172,0,0.0
0,82,134,2.795945725510424,EXECUTE,SUCCESS,2808175,0,0.0
0,83,135,2.7632408508850634,EXECUTE,SUCCESS,2808178,0,0.0
0,84,136,2.7301442269594496,EXECUTE,SUCCESS,2808181,0,0.0
0,85,138,2.696641429630571,EXECUTE,SUCCESS,2808184,0,0.0
0,86,139,2.662717127296854,EXECUTE,SUCCESS,2808187,0,0.0
0,87,140,2.6283549988538484,EXECUTE,SUCCESS,2808190,0,0.0
0,88,141,2.5935376419092155,EXECUTE,SUCCESS,2808193,0,0.0
0,89,145,2.5896911012705766,EXECUTE,SUCCESS,2808194,0,0.0
0,90,147,2.564103157051216,EXECUTE,SUCCESS,2808196,0,0.0
0,91,149,2.5602123935330074,EXECUTE,SUCCESS,2808197,0,0.0
0,92,151,2.524455386811185,EXECUTE,SUCCESS,2808200,0,0.0
0,93,152,2.52050342193777,EXECUTE,SUCCESS,2808201,0,0.0
0,94,153,2.5165452509343056,EXECUTE,SUCCESS,2808202,0,0.0
0,95,154,2.512580844470483,EXECUTE,SUCCESS,2808203,0,0.0
0,96,155,2.5086101729842376,EXECUTE,SUCCESS,2808204,0,0.0
0,97,158,2.5046332066791748,EXECUTE,SUCCESS,2808205,0,0.0
0,98,159,2.0,EXECUTE,CRASH,2808258,52,0.00325
0,73,122,2.9779397240374097,EXECUTE,SUCCESS,2888260,0,0.0
0,74,123,2.955714803562753,EXECUTE,SUCCESS,2888262,0,0.0
0,75,124,2.9333214961882383,EXECUTE,SUCCESS,2888264,0,0.0
0,76,127,2.929921074022303,EXECUTE,SUCCESS,2888265,0,0.0
0,77,129,2.9265167007895254,EXECUTE,SUCCESS,2888266,0,0.0
0,78,130,2.9231083626851753,EXECUTE,SUCCESS,2888267,0,0.0
0,79,131,2.891841973552498,EXECUTE,SUCCESS,2888270,0,0.0
0,80,132,2.8602338191133967,EXECUTE,SUCCESS,2888273,0,0.0
0,81,133,2.828272440908055,EXECUTE,SUCCESS,2888276,0,0.0
0,82,134,2.795945725510424,EXECUTE,SUCCESS,2888279,0,0.0
0,83,135,2.7632408508850634,EXECUTE,SUCCESS,2888282,0,0.0
0,84,136,2.7301442269594496,EXECUTE,SUCCESS,2888285,0,0.0
0,85,138,2.696641429630571,EXECUTE,SUCCESS,2888288,0,0.0
0,86,139,2.662717127296854,EXECUTE,SUCCESS,2888291,0,0.0
0,87,140,2.0,EXECUTE,CRASH,2888330,36,0.00225
0,73,122,2.9779397240374097,EXECUTE,SUCCESS,2968332,0,0.0
0,74,123,2.955714803562753,EXECUTE,SUCCESS,2968334,0,0.0
0,75,124,2.9333214961882383,EXECUTE,SUCCESS,2968336,0,0.0
0,76,127,2.929921074022303,EXECUTE,SUCCESS,2968337,0,0.0
0,77,129,2.9265167007895254,EXECUTE,SUCCESS,2968338,0,0.0
0,78,130,2.9231083626851753,EXECUTE,SUCCESS,2968339,0,0.0
0,79,131,2.891841973552498,EXECUTE,SUCCESS,2968342,0,0.0
0,80,132,2.8602338191133967,EXECUTE,SUCCESS,2968345,0,0.0
0,81,133,2.828272440908055,EXECUTE,SUCCESS,2968348,0,0.0
0,82,134,2.795945725510424,EXECUTE,SUCCESS,2968351,0,0.0
0,83,135,2.7632408508850634,EXECUTE,SUCCESS,2968354,0,0.0
0,84,136,2.7301442269594496,EXECUTE,SUCCESS,2968357,0,0.0
0,85,138,2.696641429630571,EXECUTE,SUCCESS,2968360,0,0.0
0,86,139,2.662717127296854,EXECUTE,SUCCESS,2968363,0,0.0
0,87,140,2.0039960079800556,CHECKPOINT,SUCCESS,2968619,0,0.0
0,87,140,2.0000468744506965,EXECUTE,SUCCESS,2968622,0,0.0
0,88,141,2.0000468744506965,EXECUTE,SUCCESS,2968625,0,0.0
0,89,145,2.0000156249389653,EXECUTE,SUCCESS,2968626,0,0.0
0,90,147,2.000031249755863,EXECUTE,SUCCESS,2968628,0,0.0
0,91,149,2.0000156249389653,EXECUTE,SUCCESS,2968629,0,0.0
0,92,151,2.0000468744506965,EXECUTE,SUCCESS,2968632,0,0.0
0,93,152,2.0000156249389653,EXECUTE,SUCCESS,2968633,0,0.0
0,94,153,2.0000156249389653,EXECUTE,SUCCESS,2968634,0,0.0
0,95,154,2.0000156249389653,EXECUTE,SUCCESS,2968635,0,0.0
0,96,155,2.0000156249389653,EXECUTE,SUCCESS,2968636,0,0.0
0,97,158,2.0000156249389653,EXECUTE,SUCCESS,2968637,0,0.0
0,98,159,2.0000156249389653,EXECUTE,SUCCESS,2968638,0,0.0
0,99,160,2.0000156249389653,EXECUTE,SUCCESS,2968639,0,0.0
0,100,163,2.0000156249389653,EXECUTE,SUCCESS,2968640,0,0.0
0,101,165,2.0000156249389653,EXECUTE,SUCCESS,2968641,0,0.0
0,102,167,2.0000468744506965,EXECUTE,SUCCESS,2968644,0,0.0
0,103,168,2.0000468744506965,EXECUTE,SUCCESS,2968647,0,0.0
0,104,169,2.0000468744506965,EXECUTE,SUCCESS,2968650,0,0.0
0,105,171,2.0000156249389653,EXECUTE,SUCCESS,2968651,0,0.0
0,106,174,2.0000156249389653,EXECUTE,SUCCESS,2968652,0,0.0
0,107,176,2.0000156249389653,EXECUTE,SUCCESS,2968653,0,0.0
0,108,182,2.0000468744506965,EXECUTE,SUCCESS,2968656,0,0.0
0,109,183,2.0000156249389653,EXECUTE,SUCCESS,2968657,0,0.0
0,110,186,2.0000156249389653,EXECUTE,SUCCESS,2968658,0,0.0
0,111,189,2.0000156249389653,EXECUTE,SUCCESS,2968659,0,0.0
0,112,191,2.0000156249389653,EXECUTE,SUCCESS,2968660,0,0.0
0,113,192,2.0000156249389653,EXECUTE,SUCCESS,2968661,0,0.0
0,114,193,2.0000156249389653,EXECUTE,SUCCESS,2968662,0,0.0
0,115,7,2.0000156249389653,EXECUTE,SUCCESS,2968663,0,0.0
0,116,15,2.0000781234741805,EXECUTE,SUCCESS,2968668,0,0.0
0,117,16,2.0000156249389653,EXECUTE,SUCCESS,2968669,0,0.0
0,118,17,2.0000156249389653,EXECUTE,SUCCESS,2968670,0,0.0
0,119,18,2.0000156249389653,EXECUTE,SUCCESS,2968671,0,0.0
0,120,19,2.0000156249389653,EXECUTE,SUCCESS,2968672,0,0.0
0,121,20,2.0000156249389653,EXECUTE,SUCCESS,2968673,0,0.0
0,122,21,2.0000156249389653,EXECUTE,SUCCESS,2968674,0,0.0
0,123,22,2.0000156249389653,EXECUTE,SUCCESS,2968675,0,0.0
0,124,23,2.0000156249389653,EXECUTE,SUCCESS,2968676,0,0.0
0,125,24,2.0000156249389653,EXECUTE,SUCCESS,2968677,0,0.0
0,126,25,2.0000156249389653,EXECUTE,SUCCESS,2968678,0,0.0
0,127,26,2.0,EXECUTE,CRASH,2968739,60,0.00375
0,87,140,2.9695433150570483,EXECUTE,SUCCESS,3048742,0,0.0
0,88,141,2.9387710016263604,EXECUTE,SUCCESS,3048745,0,0.0
0,89,145,2.935376892325754,EXECUTE,SUCCESS,3048746,0,0.0
0,90,147,2.912827234835599,EXECUTE,SUCCESS,3048748,0,0.0
0,91,149,2.9094028596947523,EXECUTE,SUCCESS,3048749,0,0.0
0,92,151,2.8779875781524846,EXECUTE,SUCCESS,3048752,0,0.0
0,93,152,2.8745216993440845,EXECUTE,SUCCESS,3048753,0,0.0
0,94,153,2.871051636595901,EXECUTE,SUCCESS,3048754,0,0.0
0,95,154,2.867577374718946,EXECUTE,SUCCESS,3048755,0,0.0
0,96,155,2.864098898432106,EXECUTE,SUCCESS,3048756,0,0.0
0,97,158,2.0,EXECUTE,CRASH,3048775,18,0.001125
0,87,140,2.9695433150570483,EXECUTE,SUCCESS,3128778,0,0.0
0,88,141,2.9387710016263604,EXECUTE,SUCCESS,3128781,0,0.0
0,89,145,2.935376892325754,EXECUTE,SUCCESS,3128782,0,0.0
0,90,147,2.912827234835599,EXECUTE,SUCCESS,3128784,0,0.0
0,91,149,2.9094028596947523,EXECUTE,SUCCESS,3128785,0,0.0
0,92,151,2.8779875781524846,EXECUTE,SUCCESS,3128788,0,0.0
0,93,152,2.8745216993440845,EXECUTE,SUCCESS,3128789,0,0.0
0,94,153,2.871051636595901,EXECUTE,SUCCESS,3128790,0,0.0
0,95,154,2.867577374718946,EXECUTE,SUCCESS,3128791,0,0.0
0,96,155,2.864098898432106,EXECUTE,SUCCESS,3128792,0,0.0
0,97,158,2.8606161923613596,EXECUTE,SUCCESS,3128793,0,0.0
0,98,159,2.857129241038984,EXECUTE,SUCCESS,3128794,0,0.0
0,99,160,2.853638028902754,EXECUTE,SUCCESS,3128795,0,0.0
0,100,163,2.850142540295133,EXECUTE,SUCCESS,3128796,0,0.0
0,101,165,2.84664275946245,EXECUTE,SUCCESS,3128797,0,0.0
0,102,167,2.814527047302973,EXECUTE,SUCCESS,3128800,0,0.0
0,103,168,2.7820406179637263,EXECUTE,SUCCESS,3128803,0,0.0
0,104,169,2.749170329390304,EXECUTE,SUCCESS,3128806,0,0.0
0,105,171,2.0,EXECUTE,CRASH,3128839,32,0.002
0,87,140,2.9695433150570483,EXECUTE,SUCCESS,3208842,0,0.0
0,88,141,2.9387710016263604,EXECUTE,SUCCESS,3208845,0,0.0
0,89,145,2.935376892325754,EXECUTE,SUCCESS,3208846,0,0.0
0,90,147,2.912827234835599,EXECUTE,SUCCESS,3208848,0,0.0
0,91,149,2.9094028596947523,EXECUTE,SUCCESS,3208849,0,0.0
0,92,151,2.8779875781524846,EXECUTE,SUCCESS,3208852,0,0.0
0,93,152,2.8745216993440845,EXECUTE,SUCCESS,3208853,0,0.0
0,94,153,2.871051636595901,EXECUTE,SUCCESS,3208854,0,0.0
0,95,154,2.867577374718946,EXECUTE,SUCCESS,3208855,0,0.0
0,96,155,2.864098898432106,EXECUTE,SUCCESS,3208856,0,0.0
0,97,158,2.8606161923613596,EXECUTE,SUCCESS,3208857,0,0.0
0,98,159,2.857129241038984,EXECUTE,SUCCESS,3208858,0,0.0
0,99,160,2.853638028902754,EXECUTE,SUCCESS,3208859,0,0.0
0,100,163,2.850142540295133,EXECUTE,SUCCESS,3208860,0,0.0
0,101,165,2.84664275946245,EXECUTE,SUCCESS,3208861,0,0.0
0,102,167,2.814527047302973,EXECUTE,SUCCESS,3208864,0,0.0
0,103,168,2.7820406179637263,EXECUTE,SUCCESS,3208867,0,0.0
0,104,169,2.749170329390304,EXECUTE,SUCCESS,3208870,0,0.0
0,105,171,2.745541840875857,EXECUTE,SUCCESS,3208871,0,0.0
0,106,174,2.741908550626732,EXECUTE,SUCCESS,3208872,0,0.0
0,107,176,2.7382704395293,EXECUTE,SUCCESS,3208873,0,0.0
0,108,182,2.7048682962392063,EXECUTE,SUCCESS,3208876,0,0.0
0,109,183,2.7011802975736336,EXECUTE,SUCCESS,3208877,0,0.0
0,110,186,2.697487256689081,EXECUTE,SUCCESS,3208878,0,0.0
0,111,189,2.69378915284771,EXECUTE,SUCCESS,3208879,0,0.0
0,112,191,2.6900859651691396,EXECUTE,SUCCESS,3208880,0,0.0
0,113,192,2.6863776726290705,EXECUTE,SUCCESS,3208881,0,0.0
0,114,193,2.682664254057891,EXECUTE,SUCCESS,3208882,0,0.0
0,115,7,2.678945688139269,EXECUTE,SUCCESS,3208883,0,0.0
0,116,15,2.5861288637652957,EXECUTE,SUCCESS,3208888,0,0.0
0,117,16,2.5822712870649314,EXECUTE,SUCCESS,3208889,0,0.0
0,118,17,2.5784079390197308,EXECUTE,SUCCESS,3208890,0,0.0
0,119,18,2.5745387936482866,EXECUTE,SUCCESS,3208891,0,0.0
0,120,19,2.570663824773666,EXECUTE,SUCCESS,3208892,0,0.0
0,121,20,2.566783006021345,EXECUTE,SUCCESS,3208893,0,0.0
0,122,21,2.5628963108171137,EXECUTE,SUCCESS,3208894,0,0.0
0,123,22,2.559003712384953,EXECUTE,SUCCESS,3208895,0,0.0
0,124,23,2.5551051837448826,EXECUTE,SUCCESS,3208896,0,0.0
0,125,24,2.5512006977107795,EXECUTE,SUCCESS,3208897,0,0.0
0,126,25,2.5472902268881663,EXECUTE,SUCCESS,3208898,0,0.0
0,127,26,2.0039960079800556,CHECKPOINT,SUCCESS,3209154,0,0.0
0,127,26,2.0000156249389653,EXECUTE,SUCCESS,3209155,0,0.0
0,128,27,2.0000156249389653,EXECUTE,SUCCESS,3209156,0,0.0
0,129,28,2.0000156249389653,EXECUTE,SUCCESS,3209157,0,0.0
0,130,29,2.0000156249389653,EXECUTE,SUCCESS,3209158,0,0.0
0,131,30,2.0000156249389653,EXECUTE,SUCCESS,3209159,0,0.0
0,132,31,2.0,EXECUTE,CRASH,3209166,6,0.000375
0,127,26,2.996675240996262,EXECUTE,SUCCESS,3289167,0,0.0
0,128,27,2.993346789130855,EXECUTE,SUCCESS,3289168,0,0.0
0,129,28,2.990014632071221,EXECUTE,SUCCESS,3289169,0,0.0
0,130,29,2.9866787574160027,EXECUTE,SUCCESS,3289170,0,0.0
0,131,30,2.98333915269451,EXECUTE,SUCCESS,3289171,0,0.0
0,132,31,2.979995805366175,EXECUTE,SUCCESS,3289172,0,0.0
0,133,35,2.896840951795593,EXECUTE,SUCCESS,3289177,0,0.0
0,134,36,2.893397656735071,EXECUTE,SUCCESS,3289178,0,0.0
0,135,40,2.889950259087516,EXECUTE,SUCCESS,3289179,0,0.0
0,136,41,2.886498744153547,EXECUTE,SUCCESS,3289180,0,0.0
0,137,42,2.8470269580739838,EXECUTE,SUCCESS,3289183,0,0.0
0,138,44,2.843523342615636,EXECUTE,SUCCESS,3289184,0,0.0
0,139,46,2.8312099886797517,EXECUTE,SUCCESS,3289186,0,0.0
0,140,49,2.8276867754403066,EXECUTE,SUCCESS,3289187,0,0.0
0,141,51,2.8241591669026023,EXECUTE,SUCCESS,3289188,0,0.0
0,142,52,2.7838036029863886,EXECUTE,SUCCESS,3289191,0,0.0
0,143,54,2.7509543798471103,EXECUTE,SUCCESS,3289194,0,0.0
0,144,55,2.6512497053276594,EXECUTE,SUCCESS,3289200,0,0.0
0,145,56,2.5476459722653777,EXECUTE,SUCCESS,3289206,0,0.0
0,146,57,2.4396464907850897,EXECUTE,SUCCESS,3289212,0,0.0
0,147,58,2.326639207096795,EXECUTE,SUCCESS,3289218,0,0.0
0,148,61,2.2872335910439934,EXECUTE,SUCCESS,3289221,0,0.0
0,149,62,2.2471370674705184,EXECUTE,SUCCESS,3289224,0,0.0
0,150,63,2.123911485914609,EXECUTE,SUCCESS,3289230,0,0.0
0,151,64,2.0000937478028376,EXECUTE,SUCCESS,3289236,0,0.0
0,152,65,2.0000937478028376,EXECUTE,SUCCESS,3289242,0,0.0
0,153,66,2.0000937478028376,EXECUTE,SUCCESS,3289248,0,0.0
0,154,68,2.000031249755863,EXECUTE,SUCCESS,3289250,0,0.0
0,155,69,2.0000781234741805,EXECUTE,SUCCESS,3289255,0,0.0
0,156,70,2.0000937478028376,EXECUTE,SUCCESS,3289261,0,0.0
0,157,71,2.0000781234741805,EXECUTE,SUCCESS,3289266,0,0.0
0,158,72,2.0000781234741805,EXECUTE,SUCCESS,3289271,0,0.0
0,159,73,2.0000781234741805,EXECUTE,SUCCESS,3289276,0,0.0
0,160,76,2.0000468744506965,EXECUTE,SUCCESS,3289279,0,0.0
0,161,77,2.0000937478028376,EXECUTE,SUCCESS,3289285,0,0.0
0,162,78,2.0000937478028376,EXECUTE,SUCCESS,3289291,0,0.0
0,163,79,2.0000937478028376,EXECUTE,SUCCESS,3289297,0,0.0
0,164,80,2.0000937478028376,EXECUTE,SUCCESS,3289303,0,0.0
0,165,84,2.0000156249389653,EXECUTE,SUCCESS,3289304,0,0.0
0,166,86,2.0000156249389653,EXECUTE,SUCCESS,3289305,0,0.0
0,167,87,2.0000468744506965,EXECUTE,SUCCESS,3289308,0,0.0
0,168,88,2.0000937478028376,EXECUTE,SUCCESS,3289314,0,0.0
0,169,92,2.0000156249389653,EXECUTE,SUCCESS,3289315,0,0.0
0,170,94,2.0000156249389653,EXECUTE,SUCCESS,3289316,0,0.0
0,171,95,2.0039960079800556,CHECKPOINT,SUCCESS,3289572,0,0.0
0,171,95,2.0000468744506965,EXECUTE,SUCCESS,3289575,0,0.0
0,172,96,2.0000781234741805,EXECUTE,SUCCESS,3289580,0,0.0
0,173,100,2.0000156249389653,EXECUTE,SUCCESS,3289581,0,0.0
0,174,102,2.0000156249389653,EXECUTE,SUCCESS,3289582,0,0.0
0,175,105,2.000031249755863,EXECUTE,SUCCESS,3289584,0,0.0
0,176,106,2.000031249755863,EXECUTE,SUCCESS,3289586,0,0.0
0,177,107,2.000031249755863,EXECUTE,SUCCESS,3289588,0,0.0
0,178,108,2.000031249755863,EXECUTE,SUCCESS,3289590,0,0.0
0,179,109,2.000031249755863,EXECUTE,SUCCESS,3289592,0,0.0
0,180,112,2.000031249755863,EXECUTE,SUCCESS,3289594,0,0.0
0,181,113,2.000031249755863,EXECUTE,SUCCESS,3289596,0,0.0
0,182,114,2.000031249755863,EXECUTE,SUCCESS,3289598,0,0.0
0,183,115,2.000031249755863,EXECUTE,SUCCESS,3289600,0,0.0
0,184,116,2.000031249755863,EXECUTE,SUCCESS,3289602,0,0.0
0,185,117,2.000031249755863,EXECUTE,SUCCESS,3289604,0,0.0
0,186,120,2.000031249755863,EXECUTE,SUCCESS,3289606,0,0.0
0,187,121,2.000031249755863,EXECUTE,SUCCESS,3289608,0,0.0
0,188,122,2.000031249755863,EXECUTE,SUCCESS,3289610,0,0.0
0,189,123,2.000031249755863,EXECUTE,SUCCESS,3289612,0,0.0
0,190,124,2.000031249755863,EXECUTE,SUCCESS,3289614,0,0.0
0,191,127,2.0000156249389653,EXECUTE,SUCCESS,3289615,0,0.0
0,192,129,2.0000156249389653,EXECUTE,SUCCESS,3289616,0,0.0
0,193,130,2.0000156249389653,EXECUTE,SUCCESS,3289617,0,0.0
0,194,131,2.0000468744506965,EXECUTE,SUCCESS,3289620,0,0.0
0,195,132,2.0000468744506965,EXECUTE,SUCCESS,3289623,0,0.0
0,196,133,2.0000468744506965,EXECUTE,SUCCESS,3289626,0,0.0
0,197,134,2.0000468744506965,EXECUTE,SUCCESS,3289629,0,0.0
0,198,135,2.0000468744506965,EXECUTE,SUCCESS,3289632,0,0.0
0,199,136,2.0000468744506965,EXECUTE,SUCCESS,3289635,0,0.0
0,200,138,2.0000468744506965,EXECUTE,SUCCESS,3289638,0,0.0
0,201,139,2.0000468744506965,EXECUTE,SUCCESS,3289641,0,0.0
0,202,140,2.0000468744506965,EXECUTE,SUCCESS,3289644,0,0.0
0,203,141,2.0000468744506965,EXECUTE,SUCCESS,3289647,0,0.0
0,204,145,2.0000156249389653,EXECUTE,SUCCESS,3289648,0,0.0
0,205,147,2.000031249755863,EXECUTE,SUCCESS,3289650,0,0.0
0,206,149,2.0000156249389653,EXECUTE,SUCCESS,3289651,0,0.0
0,207,151,2.0000468744506965,EXECUTE,SUCCESS,3289654,0,0.0
0,208,152,2.0000156249389653,EXECUTE,SUCCESS,3289655,0,0.0
0,209,153,2.0000156249389653,EXECUTE,SUCCESS,3289656,0,0.0
0,210,154,2.0000156249389653,EXECUTE,SUCCESS,3289657,0,0.0
0,211,155,2.0000156249389653,EXECUTE,SUCCESS,3289658,0,0.0
0,212,158,2.0000156249389653,EXECUTE,SUCCESS,3289659,0,0.0
0,213,159,2.0000156249389653,EXECUTE,SUCCESS,3289660,0,0.0
0,214,160,2.0000156249389653,EXECUTE,SUCCESS,3289661,0,0.0
0,215,163,2.0000156249389653,EXECUTE,SUCCESS,3289662,0,0.0
0,216,165,2.0000156249389653,EXECUTE,SUCCESS,3289663,0,0.0
0,217,167,2.0000468744506965,EXECUTE,SUCCESS,3289666,0,0.0
0,218,168,2.0000468744506965,EXECUTE,SUCCESS,3289669,0,0.0
0,219,169,2.0000468744506965,EXECUTE,SUCCESS,3289672,0,0.0
0,220,171,2.0000156249389653,EXECUTE,SUCCESS,3289673,0,0.0
0,221,174,2.0000156249389653,EXECUTE,SUCCESS,3289674,0,0.0
0,222,176,2.0000156249389653,EXECUTE,SUCCESS,3289675,0,0.0
0,223,182,2.0000468744506965,EXECUTE,SUCCESS,3289678,0,0.0
0,224,183,2.0000156249389653,EXECUTE,SUCCESS,3289679,0,0.0
0,225,186,2.0000156249389653,EXECUTE,SUCCESS,3289680,0,0.0
0,226,189,2.0000156249389653,EXECUTE,SUCCESS,3289681,0,0.0
0,227,191,2.0000156249389653,EXECUTE,SUCCESS,3289682,0,0.0
0,228,192,2.0000156249389653,EXECUTE,SUCCESS,3289683,0,0.0
0,229,193,2.0000156249389653,EXECUTE,SUCCESS,3289684,0,0.0
0,230,7,2.0000156249389653,EXECUTE,SUCCESS,3289685,0,0.0
0,231,15,2.0000781234741805,EXECUTE,SUCCESS,3289690,0,0.0
0,232,16,2.0000156249389653,EXECUTE,SUCCESS,3289691,0,0.0
0,233,17,2.0000156249389653,EXECUTE,SUCCESS,3289692,0,0.0
0,234,18,2.0000156249389653,EXECUTE,SUCCESS,3289693,0,0.0
0,235,19,2.0000156249389653,EXECUTE,SUCCESS,3289694,0,0.0
0,236,20,2.0000156249389653,EXECUTE,SUCCESS,3289695,0,0.0
0,237,21,2.0000156249389653,EXECUTE,SUCCESS,3289696,0,0.0
0,238,22,2.0000156249389653,EXECUTE,SUCCESS,3289697,0,0.0
0,239,23,2.0000156249389653,EXECUTE,SUCCESS,3289698,0,0.0
0,240,24,2.0000156249389653,EXECUTE,SUCCESS,3289699,0,0.0
0,241,25,2.0000156249389653,EXECUTE,SUCCESS,3289700,0,0.0
0,242,26,2.0000156249389653,EXECUTE,SUCCESS,3289701,0,0.0
0,243,27,2.0000156249389653,EXECUTE,SUCCESS,3289702,0,0.0
0,244,28,2.0000156249389653,EXECUTE,SUCCESS,3289703,0,0.0
0,245,29,2.0000156249389653,EXECUTE,SUCCESS,3289704,0,0.0
0,246,30,2.0000156249389653,EXECUTE,SUCCESS,3289705,0,0.0
0,247,31,2.0000156249389653,EXECUTE,SUCCESS,3289706,0,0.0
0,248,35,2.0000781234741805,EXECUTE,SUCCESS,3289711,0,0.0
0,249,36,2.0000156249389653,EXECUTE,SUCCESS,3289712,0,0.0
0,250,40,2.0000156249389653,EXECUTE,SUCCESS,3289713,0,0.0
0,251,41,2.0000156249389653,EXECUTE,SUCCESS,3289714,0,0.0
0,252,42,2.0000468744506965,EXECUTE,SUCCESS,3289717,0,0.0
0,253,44,2.0000156249389653,EXECUTE,SUCCESS,3289718,0,0.0
0,254,46,2.000031249755863,EXECUTE,SUCCESS,3289720,0,0.0
0,255,49,2.0000156249389653,EXECUTE,SUCCESS,3289721,0,0.0
0,256,51,2.0000156249389653,EXECUTE,SUCCESS,3289722,0,0.0
0,257,52,2.0000468744506965,EXECUTE,SUCCESS,3289725,0,0.0
0,258,54,2.0000468744506965,EXECUTE,SUCCESS,3289728,0,0.0
0,259,55,2.0000937478028376,EXECUTE,SUCCESS,3289734,0,0.0
0,260,56,2.0000937478028376,EXECUTE,SUCCESS,3289740,0,0.0
0,261,57,2.0000937478028376,EXECUTE,SUCCESS,3289746,0,0.0
0,262,58,2.0000937478028376,EXECUTE,SUCCESS,3289752,0,0.0
0,263,61,2.0000468744506965,EXECUTE,SUCCESS,3289755,0,0.0
0,264,62,2.0000468744506965,EXECUTE,SUCCESS,3289758,0,0.0
0,265,63,2.0000937478028376,EXECUTE,SUCCESS,3289764,0,0.0
0,266,64,2.0000937478028376,EXECUTE,SUCCESS,3289770,0,0.0
0,267,65,2.0000937478028376,EXECUTE,SUCCESS,3289776,0,0.0
0,268,66,2.0000937478028376,EXECUTE,SUCCESS,3289782,0,0.0
0,269,68,2.000031249755863,EXECUTE,SUCCESS,3289784,0,0.0
0,270,69,2.0000781234741805,EXECUTE,SUCCESS,3289789,0,0.0
0,271,70,2.0000937478028376,EXECUTE,SUCCESS,3289795,0,0.0
0,272,71,2.0000781234741805,EXECUTE,SUCCESS,3289800,0,0.0
0,273,72,2.0000781234741805,EXECUTE,SUCCESS,3289805,0,0.0
0,274,73,2.0000781234741805,EXECUTE,SUCCESS,3289810,0,0.0
0,275,76,2.0000468744506965,EXECUTE,SUCCESS,3289813,0,0.0
0,276,77,2.0000937478028376,EXECUTE,SUCCESS,3289819,0,0.0
0,277,78,2.0000937478028376,EXECUTE,SUCCESS,3289825,0,0.0
0,278,79,2.0000937478028376,EXECUTE,SUCCESS,3289831,0,0.0
0,279,80,2.0000937478028376,EXECUTE,SUCCESS,3289837,0,0.0
0,280,84,2.0000156249389653,EXECUTE,SUCCESS,3289838,0,0.0
0,281,86,2.0000156249389653,EXECUTE,SUCCESS,3289839,0,0.0
0,282,87,2.0000468744506965,EXECUTE,SUCCESS,3289842,0,0.0
0,283,88,2.0000937478028376,EXECUTE,SUCCESS,3289848,0,0.0
0,284,92,2.0000156249389653,EXECUTE,SUCCESS,3289849,0,0.0
0,285,94,2.0000156249389653,EXECUTE,SUCCESS,3289850,0,0.0
0,286,95,2.0000468744506965,EXECUTE,SUCCESS,3289853,0,0.0
0,287,96,2.0000781234741805,EXECUTE,SUCCESS,3289858,0,0.0
0,288,100,2.0000156249389653,EXECUTE,SUCCESS,3289859,0,0.0
0,289,102,2.0000156249389653,EXECUTE,SUCCESS,3289860,0,0.0
0,290,105,2.000031249755863,EXECUTE,SUCCESS,3289862,0,0.0
0,291,106,2.000031249755863,EXECUTE,SUCCESS,3289864,0,0.0
0,292,107,2.000031249755863,EXECUTE,SUCCESS,3289866,0,0.0
0,293,108,2.000031249755863,EXECUTE,SUCCESS,3289868,0,0.0
0,294,109,2.000031249755863,EXECUTE,SUCCESS,3289870,0,0.0
0,295,112,2.000031249755863,EXECUTE,SUCCESS,3289872,0,0.0
0,296,113,2.000031249755863,EXECUTE,SUCCESS,3289874,0,0.0
0,297,114,2.000031249755863,EXECUTE,SUCCESS,3289876,0,0.0
0,298,115,2.000031249755863,EXECUTE,SUCCESS,3289878,0,0.0
0,299,116,2.000031249755863,EXECUTE,SUCCESS,3289880,0,0.0
0,300,117,2.000031249755863,EXECUTE,SUCCESS,3289882,0,0.0
0,301,120,2.000031249755863,EXECUTE,SUCCESS,3289884,0,0.0
0,302,121,2.000031249755863,EXECUTE,SUCCESS,3289886,0,0.0
0,303,122,2.000031249755863,EXECUTE,SUCCESS,3289888,0,0.0
0,304,123,2.000031249755863,EXECUTE,SUCCESS,3289890,0,0.0
0,305,124,2.000031249755863,EXECUTE,SUCCESS,3289892,0,0.0
0,306,127,2.0000156249389653,EXECUTE,SUCCESS,3289893,0,0.0
0,307,129,2.0000156249389653,EXECUTE,SUCCESS,3289894,0,0.0
0,308,130,2.0000156249389653,EXECUTE,SUCCESS,3289895,0,0.0
0,309,131,2.0000468744506965,EXECUTE,SUCCESS,3289898,0,0.0
0,310,132,2.0000468744506965,EXECUTE,SUCCESS,3289901,0,0.0
0,311,133,2.0000468744506965,EXECUTE,SUCCESS,3289904,0,0.0
0,312,134,2.0000468744506965,EXECUTE,SUCCESS,3289907,0,0.0
0,313,135,2.0000468744506965,EXECUTE,SUCCESS,3289910,0,0.0
0,314,136,2.0000468744506965,EXECUTE,SUCCESS,3289913,0,0.0
0,315,138,2.0000468744506965,EXECUTE,SUCCESS,3289916,0,0.0
0,316,139,2.0000468744506965,EXECUTE,SUCCESS,3289919,0,0.0
0,317,140,2.0000468744506965,EXECUTE,SUCCESS,3289922,0,0.0
0,318,141,2.0000468744506965,EXECUTE,SUCCESS,3289925,0,0.0
0,319,145,2.0000156249389653,EXECUTE,SUCCESS,3289926,0,0.0
0,320,147,2.000031249755863,EXECUTE,SUCCESS,3289928,0,0.0
0,321,149,2.0000156249389653,EXECUTE,SUCCESS,3289929,0,0.0
0,322,151,2.0000468744506965,EXECUTE,SUCCESS,3289932,0,0.0
0,323,152,2.0000156249389653,EXECUTE,SUCCESS,3289933,0,0.0
0,324,153,2.0000156249389653,EXECUTE,SUCCESS,3289934,0,0.0
0,325,154,2.0000156249389653,EXECUTE,SUCCESS,3289935,0,0.0
0,326,155,2.0000156249389653,EXECUTE,SUCCESS,3289936,0,0.0
0,327,158,2.0000156249389653,EXECUTE,SUCCESS,3289937,0,0.0
0,328,159,2.0000156249389653,EXECUTE,SUCCESS,3289938,0,0.0
0,329,160,2.0000156249389653,EXECUTE,SUCCESS,3289939,0,0.0
0,330,163,2.0000156249389653,EXECUTE,SUCCESS,3289940,0,0.0
0,331,165,2.0000156249389653,EXECUTE,SUCCESS,3289941,0,0.0
0,332,167,2.0000468744506965,EXECUTE,SUCCESS,3289944,0,0.0
0,333,168,2.0000468744506965,EXECUTE,SUCCESS,3289947,0,0.0
0,334,169,2.0000468744506965,EXECUTE,SUCCESS,3289950,0,0.0
0,335,171,2.0000156249389653,EXECUTE,SUCCESS,3289951,0,0.0
0,336,174,2.0000156249389653,EXECUTE,SUCCESS,3289952,0,0.0
0,337,176,2.0000156249389653,EXECUTE,SUCCESS,3289953,0,0.0
0,338,182,2.0000468744506965,EXECUTE,SUCCESS,3289956,0,0.0
0,339,183,2.0000156249389653,EXECUTE,SUCCESS,3289957,0,0.0
0,340,186,2.0000156249389653,EXECUTE,SUCCESS,3289958,0,0.0
0,341,189,2.0000156249389653,EXECUTE,SUCCESS,3289959,0,0.0
0,342,191,2.0000156249389653,EXECUTE,SUCCESS,3289960,0,0.0
0,343,192,2.0000156249389653,EXECUTE,SUCCESS,3289961,0,0.0
0,344,193,2.0000156249389653,EXECUTE,SUCCESS,3289962,0,0.0
0,345,7,2.0000156249389653,EXECUTE,SUCCESS,3289963,0,0.0
0,346,15,2.0000781234741805,EXECUTE,SUCCESS,3289968,0,0.0
0,347,16,2.0000156249389653,EXECUTE,SUCCESS,3289969,0,0.0
0,348,17,2.0000156249389653,EXECUTE,SUCCESS,3289970,0,0.0
0,349,18,2.0000156249389653,EXECUTE,SUCCESS,3289971,0,0.0
0,350,19,2.0000156249389653,EXECUTE,SUCCESS,3289972,0,0.0
0,351,20,2.0000156249389653,EXECUTE,SUCCESS,3289973,0,0.0
0,352,21,2.0000156249389653,EXECUTE,SUCCESS,3289974,0,0.0
0,353,22,2.0000156249389653,EXECUTE,SUCCESS,3289975,0,0.0
0,354,23,2.0000156249389653,EXECUTE,SUCCESS,3289976,0,0.0
0,355,24,2.0000156249389653,EXECUTE,SUCCESS,3289977,0,0.0
0,356,25,2.0000156249389653,EXECUTE,SUCCESS,3289978,0,0.0
0,357,26,2.0000156249389653,EXECUTE,SUCCESS,3289979,0,0.0
0,358,27,2.0000156249389653,EXECUTE,SUCCESS,3289980,0,0.0
0,359,28,2.0000156249389653,EXECUTE,SUCCESS,3289981,0,0.0
0,360,29,2.0000156249389653,EXECUTE,SUCCESS,3289982,0,0.0
0,361,30,2.0000156249389653,EXECUTE,SUCCESS,3289983,0,0.0
0,362,31,2.0000156249389653,EXECUTE,SUCCESS,3289984,0,0.0
0,363,35,2.0000781234741805,EXECUTE,SUCCESS,3289989,0,0.0
0,364,36,2.0000156249389653,EXECUTE,SUCCESS,3289990,0,0.0
0,365,40,2.0000156249389653,EXECUTE,SUCCESS,3289991,0,0.0
0,366,41,2.0000156249389653,EXECUTE,SUCCESS,3289992,0,0.0
0,367,42,2.0000468744506965,EXECUTE,SUCCESS,3289995,0,0.0
0,368,44,2.0000156249389653,EXECUTE,SUCCESS,3289996,0,0.0
0,369,46,2.000031249755863,EXECUTE,SUCCESS,3289998,0,0.0
0,370,49,2.0000156249389653,EXECUTE,SUCCESS,3289999,0,0.0
0,371,51,2.0000156249389653,EXECUTE,SUCCESS,3290000,0,0.0
0,372,52,2.0000468744506965,EXECUTE,SUCCESS,3290003,0,0.0
0,373,54,2.0000468744506965,EXECUTE,SUCCESS,3290006,0,0.0
0,374,55,2.0000937478028376,EXECUTE,SUCCESS,3290012,0,0.0
0,375,56,2.0000937478028376,EXECUTE,SUCCESS,3290018,0,0.0
0,376,57,2.0000937478028376,EXECUTE,SUCCESS,3290024,0,0.0
0,377,58,2.0000937478028376,EXECUTE,SUCCESS,3290030,0,0.0
0,378,61,2.0000468744506965,EXECUTE,SUCCESS,3290033,0,0.0
0,379,62,2.0000468744506965,EXECUTE,SUCCESS,3290036,0,0.0
0,380,63,2.0000937478028376,EXECUTE,SUCCESS,3290042,0,0.0
0,381,64,2.0000937478028376,EXECUTE,SUCCESS,3290048,0,0.0
0,382,65,2.0000937478028376,EXECUTE,SUCCESS,3290054,0,0.0
0,383,66,2.0000937478028376,EXECUTE,SUCCESS,3290060,0,0.0
0,384,68,2.000031249755863,EXECUTE,SUCCESS,3290062,0,0.0
0,385,69,2.0000781234741805,EXECUTE,SUCCESS,3290067,0,0.0
0,386,70,2.0000937478028376,EXECUTE,SUCCESS,3290073,0,0.0
0,387,71,2.0000781234741805,EXECUTE,SUCCESS,3290078,0,0.0
0,388,72,2.0000781234741805,EXECUTE,SUCCESS,3290083,0,0.0
0,389,73,2.0000781234741805,EXECUTE,SUCCESS,3290088,0,0.0
0,390,76,2.0000468744506965,EXECUTE,SUCCESS,3290091,0,0.0
0,391,77,2.0000937478028376,EXECUTE,SUCCESS,3290097,0,0.0
0,392,78,2.0000937478028376,EXECUTE,SUCCESS,3290103,0,0.0
0,393,79,2.0000937478028376,EXECUTE,SUCCESS,3290109,0,0.0
0,394,80,2.0000937478028376,EXECUTE,SUCCESS,3290115,0,0.0
0,395,84,2.0000156249389653,EXECUTE,SUCCESS,3290116,0,0.0
0,396,86,2.0000156249389653,EXECUTE,SUCCESS,3290117,0,0.0
0,397,87,2.0000468744506965,EXECUTE,SUCCESS,3290120,0,0.0
0,398,88,2.0000937478028376,EXECUTE,SUCCESS,3290126,0,0.0
0,399,92,2.0,EXECUTE,CRASH,3290682,555,0.0346875
0,171,95,2.9695433150570483,EXECUTE,SUCCESS,3370685,0,0.0
0,172,96,2.8860873167664214,EXECUTE,SUCCESS,3370690,0,0.0
0,173,100,2.8826311765468713,EXECUTE,SUCCESS,3370691,0,0.0
0,174,102,2.8791708875994146,EXECUTE,SUCCESS,3370692,0,0.0
0,175,105,2.8561775154916407,EXECUTE,SUCCESS,3370694,0,0.0
0,176,106,2.832997529119996,EXECUTE,SUCCESS,3370696,0,0.0
0,177,107,2.8096263096718044,EXECUTE,SUCCESS,3370698,0,0.0
0,178,108,2.786059044600455,EXECUTE,SUCCESS,3370700,0,0.0
0,179,109,2.7622907160543404,EXECUTE,SUCCESS,3370702,0,0.0
0,180,112,2.7383160884017754,EXECUTE,SUCCESS,3370704,0,0.0
0,181,113,2.714129694764051,EXECUTE,SUCCESS,3370706,0,0.0
0,182,114,2.68972582245849,EXECUTE,SUCCESS,3370708,0,0.0
0,183,115,2.665098497241706,EXECUTE,SUCCESS,3370710,0,0.0
0,184,116,2.6402414662299356,EXECUTE,SUCCESS,3370712,0,0.0
0,185,117,2.615148179358103,EXECUTE,SUCCESS,3370714,0,0.0
0,186,120,2.589811769221849,EXECUTE,SUCCESS,3370716,0,0.0
0,187,121,2.5642250291267343,EXECUTE,SUCCESS,3370718,0,0.0
0,188,122,2.5383803891458037,EXECUTE,SUCCESS,3370720,0,0.0
0,189,123,2.5122698899600744,EXECUTE,SUCCESS,3370722,0,0.0
0,190,124,2.4858851542257545,EXECUTE,SUCCESS,3370724,0,0.0
0,191,127,2.4818717734806532,EXECUTE,SUCCESS,3370725,0,0.0
0,192,129,2.4778518922647503,EXECUTE,SUCCESS,3370726,0,0.0
0,193,130,2.4738254788889216,EXECUTE,SUCCESS,3370727,0,0.0
0,194,131,2.4368011818775863,EXECUTE,SUCCESS,3370730,0,0.0
0,195,132,2.3992055976927036,EXECUTE,SUCCESS,3370733,0,0.0
0,196,133,2.3610114358045795,EXECUTE,SUCCESS,3370736,0,0.0
0,197,134,2.322189161115003,EXECUTE,SUCCESS,3370739,0,0.0
0,198,135,2.282706726673403,EXECUTE,SUCCESS,3370742,0,0.0
0,199,136,2.242529264023103,EXECUTE,SUCCESS,3370745,0,0.0
0,200,138,2.201618722667483,EXECUTE,SUCCESS,3370748,0,0.0
0,201,139,2.159933448048805,EXECUTE,SUCCESS,3370751,0,0.0
0,202,140,2.117427684715584,EXECUTE,SUCCESS,3370754,0,0.0
0,203,141,2.074050987801409,EXECUTE,SUCCESS,3370757,0,0.0
0,204,145,2.069238990547008,EXECUTE,SUCCESS,3370758,0,0.0
0,205,147,2.0371241984719535,EXECUTE,SUCCESS,3370760,0,0.0
0,206,149,2.0322247661122526,EXECUTE,SUCCESS,3370761,0,0.0
0,207,151,2.0000468744506965,EXECUTE,SUCCESS,3370764,0,0.0
0,208,152,2.0000156249389653,EXECUTE,SUCCESS,3370765,0,0.0
0,209,153,2.0000156249389653,EXECUTE,SUCCESS,3370766,0,0.0
0,210,154,2.0000156249389653,EXECUTE,SUCCESS,3370767,0,0.0
0,211,155,2.0000156249389653,EXECUTE,SUCCESS,3370768,0,0.0
0,212,158,2.0000156249389653,EXECUTE,SUCCESS,3370769,0,0.0
0,213,159,2.0000156249389653,EXECUTE,SUCCESS,3370770,0,0.0
0,214,160,2.0000156249389653,EXECUTE,SUCCESS,3370771,0,0.0
0,215,163,2.0000156249389653,EXECUTE,SUCCESS,3370772,0,0.0
0,216,165,2.0000156249389653,EXECUTE,SUCCESS,3370773,0,0.0
0,217,167,2.0000468744506965,EXECUTE,SUCCESS,3370776,0,0.0
0,218,168,2.0000468744506965,EXECUTE,SUCCESS,3370779,0,0.0
0,219,169,2.0000468744506965,EXECUTE,SUCCESS,3370782,0,0.0
0,220,171,2.0000156249389653,EXECUTE,SUCCESS,3370783,0,0.0
0,221,174,2.0000156249389653,EXECUTE,SUCCESS,3370784,0,0.0
0,222,176,2.0000156249389653,EXECUTE,SUCCESS,3370785,0,0.0
0,223,182,2.0000468744506965,EXECUTE,SUCCESS,3370788,0,0.0
0,224,183,2.0000156249389653,EXECUTE,SUCCESS,3370789,0,0.0
0,225,186,2.0000156249389653,EXECUTE,SUCCESS,3370790,0,0.0
0,226,189,2.0000156249389653,EXECUTE,SUCCESS,3370791,0,0.0
0,227,191,2.0000156249389653,EXECUTE,SUCCESS,3370792,0,0.0
0,228,192,2.0000156249389653,EXECUTE,SUCCESS,3370793,0,0.0
0,229,193,2.0000156249389653,EXECUTE,SUCCESS,3370794,0,0.0
0,230,7,2.0000156249389653,EXECUTE,SUCCESS,3370795,0,0.0
0,231,15,2.0000781234741805,EXECUTE,SUCCESS,3370800,0,0.0
0,232,16,2.0000156249389653,EXECUTE,SUCCESS,3370801,0,0.0
0,233,17,2.0000156249389653,EXECUTE,SUCCESS,3370802,0,0.0
0,234,18,2.0000156249389653,EXECUTE,SUCCESS,3370803,0,0.0
0,235,19,2.0000156249389653,EXECUTE,SUCCESS,3370804,0,0.0
0,236,20,2.0000156249389653,EXECUTE,SUCCESS,3370805,0,0.0
0,237,21,2.0000156249389653,EXECUTE,SUCCESS,3370806,0,0.0
0,238,22,2.0000156249389653,EXECUTE,SUCCESS,3370807,0,0.0
0,239,23,2.0000156249389653,EXECUTE,SUCCESS,3370808,0,0.0
0,240,24,2.0000156249389653,EXECUTE,SUCCESS,3370809,0,0.0
0,241,25,2.0000156249389653,EXECUTE,SUCCESS,3370810,0,0.0
0,242,26,2.0000156249389653,EXECUTE,SUCCESS,3370811,0,0.0
0,243,27,2.0000156249389653,EXECUTE,SUCCESS,3370812,0,0.0
0,244,28,2.0000156249389653,EXECUTE,SUCCESS,3370813,0,0.0
0,245,29,2.0000156249389653,EXECUTE,SUCCESS,3370814,0,0.0
0,246,30,2.0000156249389653,EXECUTE,SUCCESS,3370815,0,0.0
0,247,31,2.0000156249389653,EXECUTE,SUCCESS,3370816,0,0.0
0,248,35,2.0000781234741805,EXECUTE,SUCCESS,3370821,0,0.0
0,249,36,2.0000156249389653,EXECUTE,SUCCESS,3370822,0,0.0
0,250,40,2.0000156249389653,EXECUTE,SUCCESS,3370823,0,0.0
0,251,41,2.0000156249389653,EXECUTE,SUCCESS,3370824,0,0.0
0,252,42,2.0000468744506965,EXECUTE,SUCCESS,3370827,0,0.0
0,253,44,2.0000156249389653,EXECUTE,SUCCESS,3370828,0,0.0
0,254,46,2.000031249755863,EXECUTE,SUCCESS,3370830,0,0.0
0,255,49,2.0000156249389653,EXECUTE,SUCCESS,3370831,0,0.0
0,256,51,2.0000156249389653,EXECUTE,SUCCESS,3370832,0,0.0
0,257,52,2.0000468744506965,EXECUTE,SUCCESS,3370835,0,0.0
0,258,54,2.0000468744506965,EXECUTE,SUCCESS,3370838,0,0.0
0,259,55,2.0000937478028376,EXECUTE,SUCCESS,3370844,0,0.0
0,260,56,2.0000937478028376,EXECUTE,SUCCESS,3370850,0,0.0
0,261,57,2.0000937478028376,EXECUTE,SUCCESS,3370856,0,0.0
0,262,58,2.0000937478028376,EXECUTE,SUCCESS,3370862,0,0.0
0,263,61,2.0000468744506965,EXECUTE,SUCCESS,3370865,0,0.0
0,264,62,2.0000468744506965,EXECUTE,SUCCESS,3370868,0,0.0
0,265,63,2.0000937478028376,EXECUTE,SUCCESS,3370874,0,0.0
0,266,64,2.0000937478028376,EXECUTE,SUCCESS,3370880,0,0.0
0,267,65,2.0000937478028376,EXECUTE,SUCCESS,3370886,0,0.0
0,268,66,2.0000937478028376,EXECUTE,SUCCESS,3370892,0,0.0
0,269,68,2.000031249755863,EXECUTE,SUCCESS,3370894,0,0.0
0,270,69,2.0000781234741805,EXECUTE,SUCCESS,3370899,0,0.0
0,271,70,2.0000937478028376,EXECUTE,SUCCESS,3370905,0,0.0
0,272,71,2.0000781234741805,EXECUTE,SUCCESS,3370910,0,0.0
0,273,72,2.0000781234741805,EXECUTE,SUCCESS,3370915,0,0.0
0,274,73,2.0000781234741805,EXECUTE,SUCCESS,3370920,0,0.0
0,275,76,2.0000468744506965,EXECUTE,SUCCESS,3370923,0,0.0
0,276,77,2.0000937478028376,EXECUTE,SUCCESS,3370929,0,0.0
0,277,78,2.0000937478028376,EXECUTE,SUCCESS,3370935,0,0.0
0,278,79,2.0000937478028376,EXECUTE,SUCCESS,3370941,0,0.0
0,279,80,2.0000937478028376,EXECUTE,SUCCESS,3370947,0,0.0
0,280,84,2.0000156249389653,EXECUTE,SUCCESS,3370948,0,0.0
0,281,86,2.0000156249389653,EXECUTE,SUCCESS,3370949,0,0.0
0,282,87,2.0000468744506965,EXECUTE,SUCCESS,3370952,0,0.0
0,283,88,2.0000937478028376,EXECUTE,SUCCESS,3370958,0,0.0
0,284,92,2.0000156249389653,EXECUTE,SUCCESS,3370959,0,0.0
0,285,94,2.0000156249389653,EXECUTE,SUCCESS,3370960,0,0.0
0,286,95,2.0000468744506965,EXECUTE,SUCCESS,3370963,0,0.0
0,287,96,2.0000781234741805,EXECUTE,SUCCESS,3370968,0,0.0
0,288,100,2.0000156249389653,EXECUTE,SUCCESS,3370969,0,0.0
0,289,102,2.0000156249389653,EXECUTE,SUCCESS,3370970,0,0.0
0,290,105,2.000031249755863,EXECUTE,SUCCESS,3370972,0,0.0
0,291,106,2.000031249755863,EXECUTE,SUCCESS,3370974,0,0.0
0,292,107,2.000031249755863,EXECUTE,SUCCESS,3370976,0,0.0
0,293,108,2.000031249755863,EXECUTE,SUCCESS,3370978,0,0.0
0,294,109,2.000031249755863,EXECUTE,SUCCESS,3370980,0,0.0
0,295,112,2.000031249755863,EXECUTE,SUCCESS,3370982,0,0.0
0,296,113,2.000031249755863,EXECUTE,SUCCESS,3370984,0,0.0
0,297,114,2.000031249755863,EXECUTE,SUCCESS,3370986,0,0.0
0,298,115,2.000031249755863,EXECUTE,SUCCESS,3370988,0,0.0
0,299,116,2.000031249755863,EXECUTE,SUCCESS,3370990,0,0.0
0,300,117,2.000031249755863,EXECUTE,SUCCESS,3370992,0,0.0
0,301,120,2.000031249755863,EXECUTE,SUCCESS,3370994,0,0.0
0,302,121,2.000031249755863,EXECUTE,SUCCESS,3370996,0,0.0
0,303,122,2.000031249755863,EXECUTE,SUCCESS,3370998,0,0.0
0,304,123,2.000031249755863,EXECUTE,SUCCESS,3371000,0,0.0
0,305,124,2.000031249755863,EXECUTE,SUCCESS,3371002,0,0.0
0,306,127,2.0000156249389653,EXECUTE,SUCCESS,3371003,0,0.0
0,307,129,2.0000156249389653,EXECUTE,SUCCESS,3371004,0,0.0
0,308,130,2.0000156249389653,EXECUTE,SUCCESS,3371005,0,0.0
0,309,131,2.0000468744506965,EXECUTE,SUCCESS,3371008,0,0.0
0,310,132,2.0000468744506965,EXECUTE,SUCCESS,3371011,0,0.0
0,311,133,2.0000468744506965,EXECUTE,SUCCESS,3371014,0,0.0
0,312,134,2.0000468744506965,EXECUTE,SUCCESS,3371017,0,0.0
0,313,135,2.0000468744506965,EXECUTE,SUCCESS,3371020,0,0.0
0,314,136,2.0000468744506965,EXECUTE,SUCCESS,3371023,0,0.0
0,315,138,2.0000468744506965,EXECUTE,SUCCESS,3371026,0,0.0
0,316,139,2.0000468744506965,EXECUTE,SUCCESS,3371029,0,0.0
0,317,140,2.0000468744506965,EXECUTE,SUCCESS,3371032,0,0.0
0,318,141,2.0000468744506965,EXECUTE,SUCCESS,3371035,0,0.0
0,319,145,2.0000156249389653,EXECUTE,SUCCESS,3371036,0,0.0
0,320,147,2.000031249755863,EXECUTE,SUCCESS,3371038,0,0.0
0,321,149,2.0000156249389653,EXECUTE,SUCCESS,3371039,0,0.0
0,322,151,2.0000468744506965,EXECUTE,SUCCESS,3371042,0,0.0
0,323,152,2.0000156249389653,EXECUTE,SUCCESS,3371043,0,0.0
0,324,153,2.0000156249389653,EXECUTE,SUCCESS,3371044,0,0.0
0,325,154,2.0000156249389653,EXECUTE,SUCCESS,3371045,0,0.0
0,326,155,2.0000156249389653,EXECUTE,SUCCESS,3371046,0,0.0
0,327,158,2.0000156249389653,EXECUTE,SUCCESS,3371047,0,0.0
0,328,159,2.0000156249389653,EXECUTE,SUCCESS,3371048,0,0.0
0,329,160,2.0000156249389653,EXECUTE,SUCCESS,3371049,0,0.0
0,330,163,2.0000156249389653,EXECUTE,SUCCESS,3371050,0,0.0
0,331,165,2.0000156249389653,EXECUTE,SUCCESS,3371051,0,0.0
0,332,167,2.0000468744506965,EXECUTE,SUCCESS,3371054,0,0.0
0,333,168,2.0000468744506965,EXECUTE,SUCCESS,3371057,0,0.0
0,334,169,2.0000468744506965,EXECUTE,SUCCESS,3371060,0,0.0
0,335,171,2.0000156249389653,EXECUTE,SUCCESS,3371061,0,0.0
0,336,174,2.0000156249389653,EXECUTE,SUCCESS,3371062,0,0.0
0,337,176,2.0000156249389653,EXECUTE,SUCCESS,3371063,0,0.0
0,338,182,2.0000468744506965,EXECUTE,SUCCESS,3371066,0,0.0
0,339,183,2.0000156249389653,EXECUTE,SUCCESS,3371067,0,0.0
0,340,186,2.0000156249389653,EXECUTE,SUCCESS,3371068,0,0.0
0,341,189,2.0000156249389653,EXECUTE,SUCCESS,3371069,0,0.0
0,342,191,2.0000156249389653,EXECUTE,SUCCESS,3371070,0,0.0
0,343,192,2.0000156249389653,EXECUTE,SUCCESS,3371071,0,0.0
0,344,193,2.0000156249389653,EXECUTE,SUCCESS,3371072,0,0.0
0,345,7,2.0000156249389653,EXECUTE,SUCCESS,3371073,0,0.0
0,346,15,2.0000781234741805,EXECUTE,SUCCESS,3371078,0,0.0
0,347,16,2.0000156249389653,EXECUTE,SUCCESS,3371079,0,0.0
0,348,17,2.0000156249389653,EXECUTE,SUCCESS,3371080,0,0.0
0,349,18,2.0000156249389653,EXECUTE,SUCCESS,3371081,0,0.0
0,350,19,2.0000156249389653,EXECUTE,SUCCESS,3371082,0,0.0
0,351,20,2.0000156249389653,EXECUTE,SUCCESS,3371083,0,0.0
0,352,21,2.0000156249389653,EXECUTE,SUCCESS,3371084,0,0.0
0,353,22,2.0000156249389653,EXECUTE,SUCCESS,3371085,0,0.0
0,354,23,2.0,EXECUTE,CRASH,3371490,404,0.02525
0,171,95,2.9695433150570483,EXECUTE,SUCCESS,3451493,0,0.0
0,172,96,2.8860873167664214,EXECUTE,SUCCESS,3451498,0,0.0
0,173,100,2.0,EXECUTE,CRASH,3451508,9,0.0005625
0,171,95,2.9695433150570483,EXECUTE,SUCCESS,3531511,0,0.0
0,172,96,2.8860873167664214,EXECUTE,SUCCESS,3531516,0,0.0
0,173,100,2.0,EXECUTE,CRASH,3531526,9,0.0005625
0,171,95,2.9695433150570483,EXECUTE,SUCCESS,3611529,0,0.0
0,172,96,2.8860873167664214,EXECUTE,SUCCESS,3611534,0,0.0
0,173,100,2.0360500976154787,CHECKPOINT,SUCCESS,3611790,0,0.0
0,173,100,2.0311480743658255,EXECUTE,SUCCESS,3611791,0,0.0
0,174,102,2.026234191795213,EXECUTE,SUCCESS,3611792,0,0.0
0,175,105,2.000031249755863,EXECUTE,SUCCESS,3611794,0,0.0
0,176,106,2.000031249755863,EXECUTE,SUCCESS,3611796,0,0.0
0,177,107,2.000031249755863,EXECUTE,SUCCESS,3611798,0,0.0
0,178,108,2.000031249755863,EXECUTE,SUCCESS,3611800,0,0.0
0,179,109,2.0,EXECUTE,CRASH,3611814,12,0.00075
0,173,100,2.996675240996262,EXECUTE,SUCCESS,3691815,0,0.0
0,174,102,2.993346789130855,EXECUTE,SUCCESS,3691816,0,0.0
0,175,105,2.9712371160848137,EXECUTE,SUCCESS,3691818,0,0.0
0,176,106,2.948961681677129,EXECUTE,SUCCESS,3691820,0,0.0
0,177,107,2.9265167007895245,EXECUTE,SUCCESS,3691822,0,0.0
0,178,108,2.903898242018822,EXECUTE,SUCCESS,3691824,0,0.0
0,179,109,2.8811022196374787,EXECUTE,SUCCESS,3691826,0,0.0
0,180,112,2.8581243849769744,EXECUTE,SUCCESS,3691828,0,0.0
0,181,113,2.8349603171825897,EXECUTE,SUCCESS,3691830,0,0.0
0,182,114,2.8116054132825985,EXECUTE,SUCCESS,3691832,0,0.0
0,183,115,2.788054877508693,EXECUTE,SUCCESS,3691834,0,0.0
0,184,116,2.7643037097974625,EXECUTE,SUCCESS,3691836,0,0.0
0,185,117,2.740346693394837,EXECUTE,SUCCESS,3691838,0,0.0
0,186,120,2.716178381476448,EXECUTE,SUCCESS,3691840,0,0.0
0,187,121,2.6917930826867087,EXECUTE,SUCCESS,3691842,0,0.0
0,188,122,2.6671848454878444,EXECUTE,SUCCESS,3691844,0,0.0
0,189,123,2.64234744119694,EXECUTE,SUCCESS,3691846,0,0.0
0,190,124,2.6172743455740393,EXECUTE,SUCCESS,3691848,0,0.0
0,191,127,2.6134627412687585,EXECUTE,SUCCESS,3691849,0,0.0
0,192,129,2.6096455698044543,EXECUTE,SUCCESS,3691850,0,0.0
0,193,130,2.6058228067157625,EXECUTE,SUCCESS,3691851,0,0.0
0,194,131,2.5707002936943106,EXECUTE,SUCCESS,3691854,0,0.0
0,195,132,2.5350912212384027,EXECUTE,SUCCESS,3691857,0,0.0
0,196,133,2.4989747897888077,EXECUTE,SUCCESS,3691860,0,0.0
0,197,134,2.4623286742431474,EXECUTE,SUCCESS,3691863,0,0.0
0,198,135,2.425128862555558,EXECUTE,SUCCESS,3691866,0,0.0
0,199,136,2.3873494716945016,EXECUTE,SUCCESS,3691869,0,0.0
0,200,138,2.348962536951157,EXECUTE,SUCCESS,3691872,0,0.0
0,201,139,2.3099377697245473,EXECUTE,SUCCESS,3691875,0,0.0
0,202,140,2.2702422778197078,EXECUTE,SUCCESS,3691878,0,0.0
0,203,141,2.2298402409141365,EXECUTE,SUCCESS,3691881,0,0.0
0,204,145,2.2253651385783892,EXECUTE,SUCCESS,3691882,0,0.0
0,205,147,2.19553524225871,EXECUTE,SUCCESS,3691884,0,0.0
0,206,149,2.1909900730035297,EXECUTE,SUCCESS,3691885,0,0.0
0,207,151,2.1490986482709475,EXECUTE,SUCCESS,3691888,0,0.0
0,208,152,2.1444550589835205,EXECUTE,SUCCESS,3691889,0,0.0
0,209,153,2.1398013926530695,EXECUTE,SUCCESS,3691890,0,0.0
0,210,154,2.135137583388952,EXECUTE,SUCCESS,3691891,0,0.0
0,211,155,2.130463564579318,EXECUTE,SUCCESS,3691892,0,0.0
0,212,158,2.1257792688800063,EXECUTE,SUCCESS,3691893,0,0.0
0,213,159,2.121084628203225,EXECUTE,SUCCESS,3691894,0,0.0
0,214,160,2.1163795737060056,EXECUTE,SUCCESS,3691895,0,0.0
0,215,163,2.111664035778422,EXECUTE,SUCCESS,3691896,0,0.0
0,216,165,2.1069379440315785,EXECUTE,SUCCESS,3691897,0,0.0
0,217,167,2.0633407377357758,EXECUTE,SUCCESS,3691900,0,0.0
0,218,168,2.0188022439060282,EXECUTE,SUCCESS,3691903,0,0.0
0,219,169,2.0000468744506965,EXECUTE,SUCCESS,3691906,0,0.0
0,220,171,2.0000156249389653,EXECUTE,SUCCESS,3691907,0,0.0
0,221,174,2.0000156249389653,EXECUTE,SUCCESS,3691908,0,0.0
0,222,176,2.0000156249389653,EXECUTE,SUCCESS,3691909,0,0.0
0,223,182,2.0000468744506965,EXECUTE,SUCCESS,3691912,0,0.0
0,224,183,2.0000156249389653,EXECUTE,SUCCESS,3691913,0,0.0
0,225,186,2.0000156249389653,EXECUTE,SUCCESS,3691914,0,0.0
0,226,189,2.0000156249389653,EXECUTE,SUCCESS,3691915,0,0.0
0,227,191,2.0000156249389653,EXECUTE,SUCCESS,3691916,0,0.0
0,228,192,2.0000156249389653,EXECUTE,SUCCESS,3691917,0,0.0
0,229,193,2.0000156249389653,EXECUTE,SUCCESS,3691918,0,0.0
0,230,7,2.0000156249389653,EXECUTE,SUCCESS,3691919,0,0.0
0,231,15,2.0000781234741805,EXECUTE,SUCCESS,3691924,0,0.0
0,232,16,2.0000156249389653,EXECUTE,SUCCESS,3691925,0,0.0
0,233,17,2.0000156249389653,EXECUTE,SUCCESS,3691926,0,0.0
0,234,18,2.0000156249389653,EXECUTE,SUCCESS,3691927,0,0.0
0,235,19,2.0000156249389653,EXECUTE,SUCCESS,3691928,0,0.0
0,236,20,2.0000156249389653,EXECUTE,SUCCESS,3691929,0,0.0
0,237,21,2.0000156249389653,EXECUTE,SUCCESS,3691930,0,0.0
0,238,22,2.0000156249389653,EXECUTE,SUCCESS,3691931,0,0.0
0,239,23,2.0000156249389653,EXECUTE,SUCCESS,3691932,0,0.0
0,240,24,2.0000156249389653,EXECUTE,SUCCESS,3691933,0,0.0
0,241,25,2.0000156249389653,EXECUTE,SUCCESS,3691934,0,0.0
0,242,26,2.0000156249389653,EXECUTE,SUCCESS,3691935,0,0.0
0,243,27,2.0000156249389653,EXECUTE,SUCCESS,3691936,0,0.0
0,244,28,2.0000156249389653,EXECUTE,SUCCESS,3691937,0,0.0
0,245,29,2.0000156249389653,EXECUTE,SUCCESS,3691938,0,0.0
0,246,30,2.0000156249389653,EXECUTE,SUCCESS,3691939,0,0.0
0,247,31,2.0000156249389653,EXECUTE,SUCCESS,3691940,0,0.0
0,248,35,2.0000781234741805,EXECUTE,SUCCESS,3691945,0,0.0
0,249,36,2.0000156249389653,EXECUTE,SUCCESS,3691946,0,0.0
0,250,40,2.0000156249389653,EXECUTE,SUCCESS,3691947,0,0.0
0,251,41,2.0000156249389653,EXECUTE,SUCCESS,3691948,0,0.0
0,252,42,2.0000468744506965,EXECUTE,SUCCESS,3691951,0,0.0
0,253,44,2.0000156249389653,EXECUTE,SUCCESS,3691952,0,0.0
0,254,46,2.000031249755863,EXECUTE,SUCCESS,3691954,0,0.0
0,255,49,2.0000156249389653,EXECUTE,SUCCESS,3691955,0,0.0
0,256,51,2.0000156249389653,EXECUTE,SUCCESS,3691956,0,0.0
0,257,52,2.0000468744506965,EXECUTE,SUCCESS,3691959,0,0.0
0,258,54,2.0000468744506965,EXECUTE,SUCCESS,3691962,0,0.0
0,259,55,2.0000937478028376,EXECUTE,SUCCESS,3691968,0,0.0
0,260,56,2.0000937478028376,EXECUTE,SUCCESS,3691974,0,0.0
0,261,57,2.0000937478028376,EXECUTE,SUCCESS,3691980,0,0.0
0,262,58,2.0000937478028376,EXECUTE,SUCCESS,3691986,0,0.0
0,263,61,2.0000468744506965,EXECUTE,SUCCESS,3691989,0,0.0
0,264,62,2.0000468744506965,EXECUTE,SUCCESS,3691992,0,0.0
0,265,63,2.0000937478028376,EXECUTE,SUCCESS,3691998,0,0.0
0,266,64,2.0000937478028376,EXECUTE,SUCCESS,3692004,0,0.0
0,267,65,2.0000937478028376,EXECUTE,SUCCESS,3692010,0,0.0
0,268,66,2.0000937478028376,EXECUTE,SUCCESS,3692016,0,0.0
0,269,68,2.000031249755863,EXECUTE,SUCCESS,3692018,0,0.0
0,270,69,2.0000781234741805,EXECUTE,SUCCESS,3692023,0,0.0
0,271,70,2.0000937478028376,EXECUTE,SUCCESS,3692029,0,0.0
0,272,71,2.0000781234741805,EXECUTE,SUCCESS,3692034,0,0.0
0,273,72,2.0000781234741805,EXECUTE,SUCCESS,3692039,0,0.0
0,274,73,2.0000781234741805,EXECUTE,SUCCESS,3692044,0,0.0
0,275,76,2.0000468744506965,EXECUTE,SUCCESS,3692047,0,0.0
0,276,77,2.0000937478028376,EXECUTE,SUCCESS,3692053,0,0.0
0,277,78,2.0000937478028376,EXECUTE,SUCCESS,3692059,0,0.0
0,278,79,2.0000937478028376,EXECUTE,SUCCESS,3692065,0,0.0
0,279,80,2.0000937478028376,EXECUTE,SUCCESS,3692071,0,0.0
0,280,84,2.0000156249389653,EXECUTE,SUCCESS,3692072,0,0.0
0,281,86,2.0000156249389653,EXECUTE,SUCCESS,3692073,0,0.0
0,282,87,2.0000468744506965,EXECUTE,SUCCESS,3692076,0,0.0
0,283,88,2.0000937478028376,EXECUTE,SUCCESS,3692082,0,0.0
0,284,92,2.0000156249389653,EXECUTE,SUCCESS,3692083,0,0.0
0,285,94,2.0000156249389653,EXECUTE,SUCCESS,3692084,0,0.0
0,286,95,2.0000468744506965,EXECUTE,SUCCESS,3692087,0,0.0
0,287,96,2.0000781234741805,EXECUTE,SUCCESS,3692092,0,0.0
0,288,100,2.0000156249389653,EXECUTE,SUCCESS,3692093,0,0.0
0,289,102,2.0000156249389653,EXECUTE,SUCCESS,3692094,0,0.0
0,290,105,2.000031249755863,EXECUTE,SUCCESS,3692096,0,0.0
0,291,106,2.000031249755863,EXECUTE,SUCCESS,3692098,0,0.0
0,292,107,2.000031249755863,EXECUTE,SUCCESS,3692100,0,0.0
0,293,108,2.000031249755863,EXECUTE,SUCCESS,3692102,0,0.0
0,294,109,2.000031249755863,EXECUTE,SUCCESS,3692104,0,0.0
0,295,112,2.000031249755863,EXECUTE,SUCCESS,3692106,0,0.0
0,296,113,2.000031249755863,EXECUTE,SUCCESS,3692108,0,0.0
0,297,114,2.000031249755863,EXECUTE,SUCCESS,3692110,0,0.0
0,298,115,2.0,EXECUTE,CRASH,3692410,298,0.018625
0,173,100,2.996675240996262,EXECUTE,SUCCESS,3772411,0,0.0
0,174,102,2.993346789130855,EXECUTE,SUCCESS,3772412,0,0.0
0,175,105,2.9712371160848137,EXECUTE,SUCCESS,3772414,0,0.0
0,176,106,2.948961681677129,EXECUTE,SUCCESS,3772416,0,0.0
0,177,107,2.9265167007895245,EXECUTE,SUCCESS,3772418,0,0.0
0,178,108,2.0,EXECUTE,CRASH,3772430,10,0.000625
0,173,100,2.996675240996262,EXECUTE,SUCCESS,3852431,0,0.0
0,174,102,2.993346789130855,EXECUTE,SUCCESS,3852432,0,0.0
0,175,105,2.9712371160848137,EXECUTE,SUCCESS,3852434,0,0.0
0,176,106,2.948961681677129,EXECUTE,SUCCESS,3852436,0,0.0
0,177,107,2.9265167007895245,EXECUTE,SUCCESS,3852438,0,0.0
0,178,108,2.0929644048573794,CHECKPOINT,SUCCESS,3852694,0,0.0
0,178,108,2.0612192993468708,EXECUTE,SUCCESS,3852696,0,0.0
0,179,109,2.028977575036256,EXECUTE,SUCCESS,3852698,0,0.0
0,180,112,2.000031249755863,EXECUTE,SUCCESS,3852700,0,0.0
0,181,113,2.000031249755863,EXECUTE,SUCCESS,3852702,0,0.0
0,182,114,2.000031249755863,EXECUTE,SUCCESS,3852704,0,0.0
0,183,115,2.000031249755863,EXECUTE,SUCCESS,3852706,0,0.0
0,184,116,2.000031249755863,EXECUTE,SUCCESS,3852708,0,0.0
0,185,117,2.000031249755863,EXECUTE,SUCCESS,3852710,0,0.0
0,186,120,2.000031249755863,EXECUTE,SUCCESS,3852712,0,0.0
0,187,121,2.000031249755863,EXECUTE,SUCCESS,3852714,0,0.0
0,188,122,2.000031249755863,EXECUTE,SUCCESS,3852716,0,0.0
0,189,123,2.000031249755863,EXECUTE,SUCCESS,3852718,0,0.0
0,190,124,2.000031249755863,EXECUTE,SUCCESS,3852720,0,0.0
0,191,127,2.0000156249389653,EXECUTE,SUCCESS,3852721,0,0.0
0,192,129,2.0000156249389653,EXECUTE,SUCCESS,3852722,0,0.0
0,193,130,2.0000156249389653,EXECUTE,SUCCESS,3852723,0,0.0
0,194,131,2.0000468744506965,EXECUTE,SUCCESS,3852726,0,0.0
0,195,132,2.0000468744506965,EXECUTE,SUCCESS,3852729,0,0.0
0,196,133,2.0000468744506965,EXECUTE,SUCCESS,3852732,0,0.0
0,197,134,2.0000468744506965,EXECUTE,SUCCESS,3852735,0,0.0
0,198,135,2.0000468744506965,EXECUTE,SUCCESS,3852738,0,0.0
0,199,136,2.0000468744506965,EXECUTE,SUCCESS,3852741,0,0.0
0,200,138,2.0000468744506965,EXECUTE,SUCCESS,3852744,0,0.0
0,201,139,2.0000468744506965,EXECUTE,SUCCESS,3852747,0,0.0
0,202,140,2.0000468744506965,EXECUTE,SUCCESS,3852750,0,0.0
0,203,141,2.0000468744506965,EXECUTE,SUCCESS,3852753,0,0.0
0,204,145,2.0000156249389653,EXECUTE,SUCCESS,3852754,0,0.0
0,205,147,2.000031249755863,EXECUTE,SUCCESS,3852756,0,0.0
0,206,149,2.0000156249389653,EXECUTE,SUCCESS,3852757,0,0.0
0,207,151,2.0000468744506965,EXECUTE,SUCCESS,3852760,0,0.0
0,208,152,2.0000156249389653,EXECUTE,SUCCESS,3852761,0,0.0
0,209,153,2.0000156249389653,EXECUTE,SUCCESS,3852762,0,0.0
0,210,154,2.0000156249389653,EXECUTE,SUCCESS,3852763,0,0.0
0,211,155,2.0000156249389653,EXECUTE,SUCCESS,3852764,0,0.0
0,212,158,2.0000156249389653,EXECUTE,SUCCESS,3852765,0,0.0
0,213,159,2.0000156249389653,EXECUTE,SUCCESS,3852766,0,0.0
0,214,160,2.0000156249389653,EXECUTE,SUCCESS,3852767,0,0.0
0,215,163,2.0000156249389653,EXECUTE,SUCCESS,3852768,0,0.0
0,216,165,2.0000156249389653,EXECUTE,SUCCESS,3852769,0,0.0
0,217,167,2.0000468744506965,EXECUTE,SUCCESS,3852772,0,0.0
0,218,168,2.0000468744506965,EXECUTE,SUCCESS,3852775,0,0.0
0,219,169,2.0000468744506965,EXECUTE,SUCCESS,3852778,0,0.0
0,220,171,2.0000156249389653,EXECUTE,SUCCESS,3852779,0,0.0
0,221,174,2.0000156249389653,EXECUTE,SUCCESS,3852780,0,0.0
0,222,176,2.0000156249389653,EXECUTE,SUCCESS,3852781,0,0.0
0,223,182,2.0000468744506965,EXECUTE,SUCCESS,3852784,0,0.0
0,224,183,2.0000156249389653,EXECUTE,SUCCESS,3852785,0,0.0
0,225,186,2.0000156249389653,EXECUTE,SUCCESS,3852786,0,0.0
0,226,189,2.0000156249389653,EXECUTE,SUCCESS,3852787,0,0.0
0,227,191,2.0000156249389653,EXECUTE,SUCCESS,3852788,0,0.0
0,228,192,2.0000156249389653,EXECUTE,SUCCESS,3852789,0,0.0
0,229,193,2.0000156249389653,EXECUTE,SUCCESS,3852790,0,0.0
0,230,7,2.0,EXECUTE,CRASH,3852888,97,0.0060625
0,178,108,2.9779397240374097,EXECUTE,SUCCESS,3932890,0,0.0
0,179,109,2.955714803562753,EXECUTE,SUCCESS,3932892,0,0.0
0,180,112,2.9333214961882383,EXECUTE,SUCCESS,3932894,0,0.0
0,181,113,2.910755915565578,EXECUTE,SUCCESS,3932896,0,0.0
0,182,114,2.8880140235116603,EXECUTE,SUCCESS,3932898,0,0.0
0,183,115,2.86509162157164,EXECUTE,SUCCESS,3932900,0,0.0
0,184,116,2.841984341969535,EXECUTE,SUCCESS,3932902,0,0.0
0,185,117,2.818687637891083,EXECUTE,SUCCESS,3932904,0,0.0
0,186,120,2.795196773037636,EXECUTE,SUCCESS,3932906,0,0.0
0,187,121,2.7715068103831193,EXECUTE,SUCCESS,3932908,0,0.0
0,188,122,2.74761260005846,EXECUTE,SUCCESS,3932910,0,0.0
0,189,123,2.723508766279266,EXECUTE,SUCCESS,3932912,0,0.0
0,190,124,2.6991896932227664,EXECUTE,SUCCESS,3932914,0,0.0
0,191,127,2.695493925053442,EXECUTE,SUCCESS,3932915,0,0.0
0,192,129,2.691793082686708,EXECUTE,SUCCESS,3932916,0,0.0
0,193,130,2.688087145164756,EXECUTE,SUCCESS,3932917,0,0.0
0,194,131,2.654053503605383,EXECUTE,SUCCESS,3932920,0,0.0
0,195,132,2.6195777331470826,EXECUTE,SUCCESS,3932923,0,0.0
0,196,133,2.5846421415739567,EXECUTE,SUCCESS,3932926,0,0.0
0,197,134,2.549227824263655,EXECUTE,SUCCESS,3932929,0,0.0
0,198,135,2.5133145445805245,EXECUTE,SUCCESS,3932932,0,0.0
0,199,136,2.4768805986563036,EXECUTE,SUCCESS,3932935,0,0.0
0,200,138,2.4399026619928934,EXECUTE,SUCCESS,3932938,0,0.0
0,201,139,2.402355614808101,EXECUTE,SUCCESS,3932941,0,0.0
0,202,140,2.3642123424092025,EXECUTE,SUCCESS,3932944,0,0.0
0,203,141,2.3254435060865286,EXECUTE,SUCCESS,3932947,0,0.0
0,204,145,2.3211527308645605,EXECUTE,SUCCESS,3932948,0,0.0
0,205,147,2.292569519120414,EXECUTE,SUCCESS,3932950,0,0.0
0,206,149,2.288217100714005,EXECUTE,SUCCESS,3932951,0,0.0
0,207,151,2.248138118532758,EXECUTE,SUCCESS,3932954,0,0.0
0,208,152,2.243699511966789,EXECUTE,SUCCESS,3932955,0,0.0
0,209,153,2.239252107289397,EXECUTE,SUCCESS,3932956,0,0.0
0,210,154,2.2347958519739572,EXECUTE,SUCCESS,3932957,0,0.0
0,211,155,2.2303306929690954,EXECUTE,SUCCESS,3932958,0,0.0
0,212,158,2.2258565766913208,EXECUTE,SUCCESS,3932959,0,0.0
0,213,159,2.2213734490175225,EXECUTE,SUCCESS,3932960,0,0.0
0,214,160,2.216881255277333,EXECUTE,SUCCESS,3932961,0,0.0
0,215,163,2.212379940245347,EXECUTE,SUCCESS,3932962,0,0.0
0,216,165,2.207869448133201,EXECUTE,SUCCESS,3932963,0,0.0
0,217,167,2.166304456903508,EXECUTE,SUCCESS,3932966,0,0.0
0,218,168,2.1239261992828293,EXECUTE,SUCCESS,3932969,0,0.0
0,219,169,2.0806849833648546,EXECUTE,SUCCESS,3932972,0,0.0
0,220,171,2.0758883640504386,EXECUTE,SUCCESS,3932973,0,0.0
0,221,174,2.071080635803446,EXECUTE,SUCCESS,3932974,0,0.0
0,222,176,2.066261721079885,EXECUTE,SUCCESS,3932975,0,0.0
0,223,182,2.021787575389662,EXECUTE,SUCCESS,3932978,0,0.0
0,224,183,2.0168508869026507,EXECUTE,SUCCESS,3932979,0,0.0
0,225,186,2.0119020850926144,EXECUTE,SUCCESS,3932980,0,0.0
0,226,189,2.0069410803508934,EXECUTE,SUCCESS,3932981,0,0.0
0,227,191,2.0019677819585433,EXECUTE,SUCCESS,3932982,0,0.0
0,228,192,2.0000156249389653,EXECUTE,SUCCESS,3932983,0,0.0
0,229,193,2.0000156249389653,EXECUTE,SUCCESS,3932984,0,0.0
0,230,7,2.0000156249389653,EXECUTE,SUCCESS,3932985,0,0.0
0,231,15,2.0000781234741805,EXECUTE,SUCCESS,3932990,0,0.0
0,232,16,2.0000156249389653,EXECUTE,SUCCESS,3932991,0,0.0
0,233,17,2.0000156249389653,EXECUTE,SUCCESS,3932992,0,0.0
0,234,18,2.0000156249389653,EXECUTE,SUCCESS,3932993,0,0.0
0,235,19,2.0000156249389653,EXECUTE,SUCCESS,3932994,0,0.0
0,236,20,2.0000156249389653,EXECUTE,SUCCESS,3932995,0,0.0
0,237,21,2.0000156249389653,EXECUTE,SUCCESS,3932996,0,0.0
0,238,22,2.0000156249389653,EXECUTE,SUCCESS,3932997,0,0.0
0,239,23,2.0000156249389653,EXECUTE,SUCCESS,3932998,0,0.0
0,240,24,2.0000156249389653,EXECUTE,SUCCESS,3932999,0,0.0
0,241,25,2.0000156249389653,EXECUTE,SUCCESS,3933000,0,0.0
0,242,26,2.0000156249389653,EXECUTE,SUCCESS,3933001,0,0.0
0,243,27,2.0000156249389653,EXECUTE,SUCCESS,3933002,0,0.0
0,244,28,2.0000156249389653,EXECUTE,SUCCESS,3933003,0,0.0
0,245,29,2.0000156249389653,EXECUTE,SUCCESS,3933004,0,0.0
0,246,30,2.0000156249389653,EXECUTE,SUCCESS,3933005,0,0.0
0,247,31,2.0000156249389653,EXECUTE,SUCCESS,3933006,0,0.0
0,248,35,2.0000781234741805,EXECUTE,SUCCESS,3933011,0,0.0
0,249,36,2.0000156249389653,EXECUTE,SUCCESS,3933012,0,0.0
0,250,40,2.0000156249389653,EXECUTE,SUCCESS,3933013,0,0.0
0,251,41,2.0000156249389653,EXECUTE,SUCCESS,3933014,0,0.0
0,252,42,2.0000468744506965,EXECUTE,SUCCESS,3933017,0,0.0
0,253,44,2.0000156249389653,EXECUTE,SUCCESS,3933018,0,0.0
0,254,46,2.000031249755863,EXECUTE,SUCCESS,3933020,0,0.0
0,255,49,2.0000156249389653,EXECUTE,SUCCESS,3933021,0,0.0
0,256,51,2.0000156249389653,EXECUTE,SUCCESS,3933022,0,0.0
0,257,52,2.0000468744506965,EXECUTE,SUCCESS,3933025,0,0.0
0,258,54,2.0000468744506965,EXECUTE,SUCCESS,3933028,0,0.0
0,259,55,2.0000937478028376,EXECUTE,SUCCESS,3933034,0,0.0
0,260,56,2.0000937478028376,EXECUTE,SUCCESS,3933040,0,0.0
0,261,57,2.0000937478028376,EXECUTE,SUCCESS,3933046,0,0.0
0,262,58,2.0000937478028376,EXECUTE,SUCCESS,3933052,0,0.0
0,263,61,2.0000468744506965,EXECUTE,SUCCESS,3933055,0,0.0
0,264,62,2.0000468744506965,EXECUTE,SUCCESS,3933058,0,0.0
0,265,63,2.0000937478028376,EXECUTE,SUCCESS,3933064,0,0.0
0,266,64,2.0000937478028376,EXECUTE,SUCCESS,3933070,0,0.0
0,267,65,2.0000937478028376,EXECUTE,SUCCESS,3933076,0,0.0
0,268,66,2.0000937478028376,EXECUTE,SUCCESS,3933082,0,0.0
0,269,68,2.000031249755863,EXECUTE,SUCCESS,3933084,0,0.0
0,270,69,2.0000781234741805,EXECUTE,SUCCESS,3933089,0,0.0
0,271,70,2.0000937478028376,EXECUTE,SUCCESS,3933095,0,0.0
0,272,71,2.0000781234741805,EXECUTE,SUCCESS,3933100,0,0.0
0,273,72,2.0000781234741805,EXECUTE,SUCCESS,3933105,0,0.0
0,274,73,2.0000781234741805,EXECUTE,SUCCESS,3933110,0,0.0
0,275,76,2.0000468744506965,EXECUTE,SUCCESS,3933113,0,0.0
0,276,77,2.0,EXECUTE,CRASH,3933350,231,0.0144375
0,178,108,2.9779397240374097,EXECUTE,SUCCESS,4013352,0,0.0
0,179,109,2.955714803562753,EXECUTE,SUCCESS,4013354,0,0.0
0,180,112,2.9333214961882383,EXECUTE,SUCCESS,4013356,0,0.0
0,181,113,2.910755915565578,EXECUTE,SUCCESS,4013358,0,0.0
0,182,114,2.8880140235116603,EXECUTE,SUCCESS,4013360,0,0.0
0,183,115,2.86509162157164,EXECUTE,SUCCESS,4013362,0,0.0
0,184,116,2.841984341969535,EXECUTE,SUCCESS,4013364,0,0.0
0,185,117,2.818687637891083,EXECUTE,SUCCESS,4013366,0,0.0
0,186,120,2.795196773037636,EXECUTE,SUCCESS,4013368,0,0.0
0,187,121,2.7715068103831193,EXECUTE,SUCCESS,4013370,0,0.0
0,188,122,2.74761260005846,EXECUTE,SUCCESS,4013372,0,0.0
0,189,123,2.723508766279266,EXECUTE,SUCCESS,4013374,0,0.0
0,190,124,2.6991896932227664,EXECUTE,SUCCESS,4013376,0,0.0
0,191,127,2.695493925053442,EXECUTE,SUCCESS,4013377,0,0.0
0,192,129,2.691793082686708,EXECUTE,SUCCESS,4013378,0,0.0
0,193,130,2.688087145164756,EXECUTE,SUCCESS,4013379,0,0.0
0,194,131,2.654053503605383,EXECUTE,SUCCESS,4013382,0,0.0
0,195,132,2.6195777331470826,EXECUTE,SUCCESS,4013385,0,0.0
0,196,133,2.5846421415739567,EXECUTE,SUCCESS,4013388,0,0.0
0,197,134,2.549227824263655,EXECUTE,SUCCESS,4013391,0,0.0
0,198,135,2.5133145445805245,EXECUTE,SUCCESS,4013394,0,0.0
0,199,136,2.4768805986563036,EXECUTE,SUCCESS,4013397,0,0.0
0,200,138,2.4399026619928934,EXECUTE,SUCCESS,4013400,0,0.0
0,201,139,2.402355614808101,EXECUTE,SUCCESS,4013403,0,0.0
0,202,140,2.3642123424092025,EXECUTE,SUCCESS,4013406,0,0.0
0,203,141,2.3254435060865286,EXECUTE,SUCCESS,4013409,0,0.0
0,204,145,2.3211527308645605,EXECUTE,SUCCESS,4013410,0,0.0
0,205,147,2.292569519120414,EXECUTE,SUCCESS,4013412,0,0.0
0,206,149,2.288217100714005,EXECUTE,SUCCESS,4013413,0,0.0
0,207,151,2.248138118532758,EXECUTE,SUCCESS,4013416,0,0.0
0,208,152,2.243699511966789,EXECUTE,SUCCESS,4013417,0,0.0
0,209,153,2.239252107289397,EXECUTE,SUCCESS,4013418,0,0.0
0,210,154,2.2347958519739572,EXECUTE,SUCCESS,4013419,0,0.0
0,211,155,2.2303306929690954,EXECUTE,SUCCESS,4013420,0,0.0
0,212,158,2.2258565766913208,EXECUTE,SUCCESS,4013421,0,0.0
0,213,159,2.2213734490175225,EXECUTE,SUCCESS,4013422,0,0.0
0,214,160,2.216881255277333,EXECUTE,SUCCESS,4013423,0,0.0
0,215,163,2.212379940245347,EXECUTE,SUCCESS,4013424,0,0.0
0,216,165,2.207869448133201,EXECUTE,SUCCESS,4013425,0,0.0
0,217,167,2.166304456903508,EXECUTE,SUCCESS,4013428,0,0.0
0,218,168,2.1239261992828293,EXECUTE,SUCCESS,4013431,0,0.0
0,219,169,2.0806849833648546,EXECUTE,SUCCESS,4013434,0,0.0
0,220,171,2.0758883640504386,EXECUTE,SUCCESS,4013435,0,0.0
0,221,174,2.071080635803446,EXECUTE,SUCCESS,4013436,0,0.0
0,222,176,2.066261721079885,EXECUTE,SUCCESS,4013437,0,0.0
0,223,182,2.021787575389662,EXECUTE,SUCCESS,4013440,0,0.0
0,224,183,2.0168508869026507,EXECUTE,SUCCESS,4013441,0,0.0
0,225,186,2.0,EXECUTE,CRASH,4013534,92,0.00575
0,178,108,2.9779397240374097,EXECUTE,SUCCESS,4093536,0,0.0
0,179,109,2.955714803562753,EXECUTE,SUCCESS,4093538,0,0.0
0,180,112,2.9333214961882383,EXECUTE,SUCCESS,4093540,0,0.0
0,181,113,2.910755915565578,EXECUTE,SUCCESS,4093542,0,0.0
0,182,114,2.8880140235116603,EXECUTE,SUCCESS,4093544,0,0.0
0,183,115,2.86509162157164,EXECUTE,SUCCESS,4093546,0,0.0
0,184,116,2.841984341969535,EXECUTE,SUCCESS,4093548,0,0.0
0,185,117,2.818687637891083,EXECUTE,SUCCESS,4093550,0,0.0
0,186,120,2.795196773037636,EXECUTE,SUCCESS,4093552,0,0.0
0,187,121,2.7715068103831193,EXECUTE,SUCCESS,4093554,0,0.0
0,188,122,2.74761260005846,EXECUTE,SUCCESS,4093556,0,0.0
0,189,123,2.723508766279266,EXECUTE,SUCCESS,4093558,0,0.0
0,190,124,2.6991896932227664,EXECUTE,SUCCESS,4093560,0,0.0
0,191,127,2.695493925053442,EXECUTE,SUCCESS,4093561,0,0.0
0,192,129,2.691793082686708,EXECUTE,SUCCESS,4093562,0,0.0
0,193,130,2.688087145164756,EXECUTE,SUCCESS,4093563,0,0.0
0,194,131,2.654053503605383,EXECUTE,SUCCESS,4093566,0,0.0
0,195,132,2.6195777331470826,EXECUTE,SUCCESS,4093569,0,0.0
0,196,133,2.0,EXECUTE,CRASH,4093610,38,0.002375
0,178,108,2.9779397240374097,EXECUTE,SUCCESS,4173612,0,0.0
0,179,109,2.955714803562753,EXECUTE,SUCCESS,4173614,0,0.0
0,180,112,2.9333214961882383,EXECUTE,SUCCESS,4173616,0,0.0
0,181,113,2.910755915565578,EXECUTE,SUCCESS,4173618,0,0.0
0,182,114,2.8880140235116603,EXECUTE,SUCCESS,4173620,0,0.0
0,183,115,2.86509162157164,EXECUTE,SUCCESS,4173622,0,0.0
0,184,116,2.841984341969535,EXECUTE,SUCCESS,4173624,0,0.0
0,185,117,2.818687637891083,EXECUTE,SUCCESS,4173626,0,0.0
0,186,120,2.795196773037636,EXECUTE,SUCCESS,4173628,0,0.0
0,187,121,2.7715068103831193,EXECUTE,SUCCESS,4173630,0,0.0
0,188,122,2.74761260005846,EXECUTE,SUCCESS,4173632,0,0.0
0,189,123,2.723508766279266,EXECUTE,SUCCESS,4173634,0,0.0
0,190,124,2.6991896932227664,EXECUTE,SUCCESS,4173636,0,0.0
0,191,127,2.695493925053442,EXECUTE,SUCCESS,4173637,0,0.0
0,192,129,2.691793082686708,EXECUTE,SUCCESS,4173638,0,0.0
0,193,130,2.688087145164756,EXECUTE,SUCCESS,4173639,0,0.0
0,194,131,2.654053503605383,EXECUTE,SUCCESS,4173642,0,0.0
0,195,132,2.6195777331470826,EXECUTE,SUCCESS,4173645,0,0.0
0,196,133,2.5846421415739567,EXECUTE,SUCCESS,4173648,0,0.0
0,197,134,2.549227824263655,EXECUTE,SUCCESS,4173651,0,0.0
0,198,135,2.5133145445805245,EXECUTE,SUCCESS,4173654,0,0.0
0,199,136,2.4768805986563036,EXECUTE,SUCCESS,4173657,0,0.0
0,200,138,2.4399026619928934,EXECUTE,SUCCESS,4173660,0,0.0
0,201,139,2.402355614808101,EXECUTE,SUCCESS,4173663,0,0.0
0,202,140,2.0,EXECUTE,CRASH,4173722,56,0.0035
0,178,108,2.9779397240374097,EXECUTE,SUCCESS,4253724,0,0.0
0,179,109,2.955714803562753,EXECUTE,SUCCESS,4253726,0,0.0
0,180,112,2.9333214961882383,EXECUTE,SUCCESS,4253728,0,0.0
0,181,113,2.910755915565578,EXECUTE,SUCCESS,4253730,0,0.0
0,182,114,2.8880140235116603,EXECUTE,SUCCESS,4253732,0,0.0
0,183,115,2.86509162157164,EXECUTE,SUCCESS,4253734,0,0.0
0,184,116,2.841984341969535,EXECUTE,SUCCESS,4253736,0,0.0
0,185,117,2.818687637891083,EXECUTE,SUCCESS,4253738,0,0.0
0,186,120,2.795196773037636,EXECUTE,SUCCESS,4253740,0,0.0
0,187,121,2.7715068103831193,EXECUTE,SUCCESS,4253742,0,0.0
0,188,122,2.74761260005846,EXECUTE,SUCCESS,4253744,0,0.0
0,189,123,2.723508766279266,EXECUTE,SUCCESS,4253746,0,0.0
0,190,124,2.6991896932227664,EXECUTE,SUCCESS,4253748,0,0.0
0,191,127,2.695493925053442,EXECUTE,SUCCESS,4253749,0,0.0
0,192,129,2.691793082686708,EXECUTE,SUCCESS,4253750,0,0.0
0,193,130,2.688087145164756,EXECUTE,SUCCESS,4253751,0,0.0
0,194,131,2.654053503605383,EXECUTE,SUCCESS,4253754,0,0.0
0,195,132,2.6195777331470826,EXECUTE,SUCCESS,4253757,0,0.0
0,196,133,2.5846421415739567,EXECUTE,SUCCESS,4253760,0,0.0
0,197,134,2.549227824263655,EXECUTE,SUCCESS,4253763,0,0.0
0,198,135,2.5133145445805245,EXECUTE,SUCCESS,4253766,0,0.0
0,199,136,2.4768805986563036,EXECUTE,SUCCESS,4253769,0,0.0
0,200,138,2.4399026619928934,EXECUTE,SUCCESS,4253772,0,0.0
0,201,139,2.402355614808101,EXECUTE,SUCCESS,4253775,0,0.0
0,202,140,2.3642123424092025,EXECUTE,SUCCESS,4253778,0,0.0
0,203,141,2.3254435060865286,EXECUTE,SUCCESS,4253781,0,0.0
0,204,145,2.3211527308645605,EXECUTE,SUCCESS,4253782,0,0.0
0,205,147,2.292569519120414,EXECUTE,SUCCESS,4253784,0,0.0
0,206,149,2.288217100714005,EXECUTE,SUCCESS,4253785,0,0.0
0,207,151,2.248138118532758,EXECUTE,SUCCESS,4253788,0,0.0
0,208,152,2.243699511966789,EXECUTE,SUCCESS,4253789,0,0.0
0,209,153,2.239252107289397,EXECUTE,SUCCESS,4253790,0,0.0
0,210,154,2.2347958519739572,EXECUTE,SUCCESS,4253791,0,0.0
0,211,155,2.2303306929690954,EXECUTE,SUCCESS,4253792,0,0.0
0,212,158,2.2258565766913208,EXECUTE,SUCCESS,4253793,0,0.0
0,213,159,2.2213734490175225,EXECUTE,SUCCESS,4253794,0,0.0
0,214,160,2.216881255277333,EXECUTE,SUCCESS,4253795,0,0.0
0,215,163,2.212379940245347,EXECUTE,SUCCESS,4253796,0,0.0
0,216,165,2.207869448133201,EXECUTE,SUCCESS,4253797,0,0.0
0,217,167,2.166304456903508,EXECUTE,SUCCESS,4253800,0,0.0
0,218,168,2.1239261992828293,EXECUTE,SUCCESS,4253803,0,0.0
0,219,169,2.0806849833648546,EXECUTE,SUCCESS,4253806,0,0.0
0,220,171,2.0758883640504386,EXECUTE,SUCCESS,4253807,0,0.0
0,221,174,2.071080635803446,EXECUTE,SUCCESS,4253808,0,0.0
0,222,176,2.066261721079885,EXECUTE,SUCCESS,4253809,0,0.0
0,223,182,2.021787575389662,EXECUTE,SUCCESS,4253812,0,0.0
0,224,183,2.0168508869026507,EXECUTE,SUCCESS,4253813,0,0.0
0,225,186,2.0119020850926144,EXECUTE,SUCCESS,4253814,0,0.0
0,226,189,2.0069410803508934,EXECUTE,SUCCESS,4253815,0,0.0
0,227,191,2.0019677819585433,EXECUTE,SUCCESS,4253816,0,0.0
0,228,192,2.0000156249389653,EXECUTE,SUCCESS,4253817,0,0.0
0,229,193,2.0000156249389653,EXECUTE,SUCCESS,4253818,0,0.0
0,230,7,2.0000156249389653,EXECUTE,SUCCESS,4253819,0,0.0
0,231,15,2.0000781234741805,EXECUTE,SUCCESS,4253824,0,0.0
0,232,16,2.0000156249389653,EXECUTE,SUCCESS,4253825,0,0.0
0,233,17,2.0000156249389653,EXECUTE,SUCCESS,4253826,0,0.0
0,234,18,2.0000156249389653,EXECUTE,SUCCESS,4253827,0,0.0
0,235,19,2.0000156249389653,EXECUTE,SUCCESS,4253828,0,0.0
0,236,20,2.0,EXECUTE,CRASH,4253936,107,0.0066875
0,178,108,2.9779397240374097,EXECUTE,SUCCESS,4333938,0,0.0
0,179,109,2.955714803562753,EXECUTE,SUCCESS,4333940,0,0.0
0,180,112,2.9333214961882383,EXECUTE,SUCCESS,4333942,0,0.0
0,181,113,2.910755915565578,EXECUTE,SUCCESS,4333944,0,0.0
0,182,114,2.8880140235116603,EXECUTE,SUCCESS,4333946,0,0.0
0,183,115,2.86509162157164,EXECUTE,SUCCESS,4333948,0,0.0
0,184,116,2.841984341969535,EXECUTE,SUCCESS,4333950,0,0.0
0,185,117,2.0,EXECUTE,CRASH,4333968,16,0.001
0,178,108,2.9779397240374097,EXECUTE,SUCCESS,4413970,0,0.0
0,179,109,2.955714803562753,EXECUTE,SUCCESS,4413972,0,0.0
0,180,112,2.9333214961882383,EXECUTE,SUCCESS,4413974,0,0.0
0,181,113,2.910755915565578,EXECUTE,SUCCESS,4413976,0,0.0
0,182,114,2.8880140235116603,EXECUTE,SUCCESS,4413978,0,0.0
0,183,115,2.86509162157164,EXECUTE,SUCCESS,4413980,0,0.0
0,184,116,2.841984341969535,EXECUTE,SUCCESS,4413982,0,0.0
0,185,117,2.818687637891083,EXECUTE,SUCCESS,4413984,0,0.0
0,186,120,2.795196773037636,EXECUTE,SUCCESS,4413986,0,0.0
0,187,121,2.7715068103831193,EXECUTE,SUCCESS,4413988,0,0.0
0,188,122,2.74761260005846,EXECUTE,SUCCESS,4413990,0,0.0
0,189,123,2.723508766279266,EXECUTE,SUCCESS,4413992,0,0.0
0,190,124,2.6991896932227664,EXECUTE,SUCCESS,4413994,0,0.0
0,191,127,2.695493925053442,EXECUTE,SUCCESS,4413995,0,0.0
0,192,129,2.691793082686708,EXECUTE,SUCCESS,4413996,0,0.0
0,193,130,2.688087145164756,EXECUTE,SUCCESS,4413997,0,0.0
0,194,131,2.654053503605383,EXECUTE,SUCCESS,4414000,0,0.0
0,195,132,2.6195777331470826,EXECUTE,SUCCESS,4414003,0,0.0
0,196,133,2.5846421415739567,EXECUTE,SUCCESS,4414006,0,0.0
0,197,134,2.549227824263655,EXECUTE,SUCCESS,4414009,0,0.0
0,198,135,2.5133145445805245,EXECUTE,SUCCESS,4414012,0,0.0
0,199,136,2.4768805986563036,EXECUTE,SUCCESS,4414015,0,0.0
0,200,138,2.4399026619928934,EXECUTE,SUCCESS,4414018,0,0.0
0,201,139,2.402355614808101,EXECUTE,SUCCESS,4414021,0,0.0
0,202,140,2.3642123424092025,EXECUTE,SUCCESS,4414024,0,0.0
0,203,141,2.3254435060865286,EXECUTE,SUCCESS,4414027,0,0.0
0,204,145,2.3211527308645605,EXECUTE,SUCCESS,4414028,0,0.0
0,205,147,2.292569519120414,EXECUTE,SUCCESS,4414030,0,0.0
0,206,149,2.288217100714005,EXECUTE,SUCCESS,4414031,0,0.0
0,207,151,2.248138118532758,EXECUTE,SUCCESS,4414034,0,0.0
0,208,152,2.243699511966789,EXECUTE,SUCCESS,4414035,0,0.0
0,209,153,2.239252107289397,EXECUTE,SUCCESS,4414036,0,0.0
0,210,154,2.2347958519739572,EXECUTE,SUCCESS,4414037,0,0.0
0,211,155,2.2303306929690954,EXECUTE,SUCCESS,4414038,0,0.0
0,212,158,2.2258565766913208,EXECUTE,SUCCESS,4414039,0,0.0
0,213,159,2.2213734490175225,EXECUTE,SUCCESS,4414040,0,0.0
0,214,160,2.216881255277333,EXECUTE,SUCCESS,4414041,0,0.0
0,215,163,2.212379940245347,EXECUTE,SUCCESS,4414042,0,0.0
0,216,165,2.207869448133201,EXECUTE,SUCCESS,4414043,0,0.0
0,217,167,2.166304456903508,EXECUTE,SUCCESS,4414046,0,0.0
0,218,168,2.1239261992828293,EXECUTE,SUCCESS,4414049,0,0.0
0,219,169,2.0806849833648546,EXECUTE,SUCCESS,4414052,0,0.0
0,220,171,2.0758883640504386,EXECUTE,SUCCESS,4414053,0,0.0
0,221,174,2.071080635803446,EXECUTE,SUCCESS,4414054,0,0.0
0,222,176,2.066261721079885,EXECUTE,SUCCESS,4414055,0,0.0
0,223,182,2.021787575389662,EXECUTE,SUCCESS,4414058,0,0.0
0,224,183,2.0168508869026507,EXECUTE,SUCCESS,4414059,0,0.0
0,225,186,2.0119020850926144,EXECUTE,SUCCESS,4414060,0,0.0
0,226,189,2.0069410803508934,EXECUTE,SUCCESS,4414061,0,0.0
0,227,191,2.0019677819585433,EXECUTE,SUCCESS,4414062,0,0.0
0,228,192,2.0000156249389653,EXECUTE,SUCCESS,4414063,0,0.0
0,229,193,2.0000156249389653,EXECUTE,SUCCESS,4414064,0,0.0
0,230,7,2.0000156249389653,EXECUTE,SUCCESS,4414065,0,0.0
0,231,15,2.0,EXECUTE,CRASH,4414172,102,0.006375
0,178,108,2.9779397240374097,EXECUTE,SUCCESS,4494174,0,0.0
0,179,109,2.955714803562753,EXECUTE,SUCCESS,4494176,0,0.0
0,180,112,2.9333214961882383,EXECUTE,SUCCESS,4494178,0,0.0
0,181,113,2.910755915565578,EXECUTE,SUCCESS,4494180,0,0.0
0,182,114,2.8880140235116603,EXECUTE,SUCCESS,4494182,0,0.0
0,183,115,2.86509162157164,EXECUTE,SUCCESS,4494184,0,0.0
0,184,116,2.841984341969535,EXECUTE,SUCCESS,4494186,0,0.0
0,185,117,2.818687637891083,EXECUTE,SUCCESS,4494188,0,0.0
0,186,120,2.795196773037636,EXECUTE,SUCCESS,4494190,0,0.0
0,187,121,2.7715068103831193,EXECUTE,SUCCESS,4494192,0,0.0
0,188,122,2.74761260005846,EXECUTE,SUCCESS,4494194,0,0.0
0,189,123,2.723508766279266,EXECUTE,SUCCESS,4494196,0,0.0
0,190,124,2.6991896932227664,EXECUTE,SUCCESS,4494198,0,0.0
0,191,127,2.695493925053442,EXECUTE,SUCCESS,4494199,0,0.0
0,192,129,2.691793082686708,EXECUTE,SUCCESS,4494200,0,0.0
0,193,130,2.688087145164756,EXECUTE,SUCCESS,4494201,0,0.0
0,194,131,2.654053503605383,EXECUTE,SUCCESS,4494204,0,0.0
0,195,132,2.6195777331470826,EXECUTE,SUCCESS,4494207,0,0.0
0,196,133,2.5846421415739567,EXECUTE,SUCCESS,4494210,0,0.0
0,197,134,2.549227824263655,EXECUTE,SUCCESS,4494213,0,0.0
0,198,135,2.0,EXECUTE,CRASH,4494260,44,0.00275
0,178,108,2.9779397240374097,EXECUTE,SUCCESS,4574262,0,0.0
0,179,109,2.955714803562753,EXECUTE,SUCCESS,4574264,0,0.0
0,180,112,2.9333214961882383,EXECUTE,SUCCESS,4574266,0,0.0
0,181,113,2.910755915565578,EXECUTE,SUCCESS,4574268,0,0.0
0,182,114,2.8880140235116603,EXECUTE,SUCCESS,4574270,0,0.0
0,183,115,2.86509162157164,EXECUTE,SUCCESS,4574272,0,0.0
0,184,116,2.841984341969535,EXECUTE,SUCCESS,4574274,0,0.0
0,185,117,2.0,EXECUTE,CRASH,4574292,16,0.001
0,178,108,2.9779397240374097,EXECUTE,SUCCESS,4654294,0,0.0
0,179,109,2.955714803562753,EXECUTE,SUCCESS,4654296,0,0.0
0,180,112,2.9333214961882383,EXECUTE,SUCCESS,4654298,0,0.0
0,181,113,2.910755915565578,EXECUTE,SUCCESS,4654300,0,0.0
0,182,114,2.8880140235116603,EXECUTE,SUCCESS,4654302,0,0.0
0,183,115,2.86509162157164,EXECUTE,SUCCESS,4654304,0,0.0
0,184,116,2.841984341969535,EXECUTE,SUCCESS,4654306,0,0.0
0,185,117,2.0039960079800556,CHECKPOINT,SUCCESS,4654562,0,0.0
0,185,117,2.000031249755863,EXECUTE,SUCCESS,4654564,0,0.0
0,186,120,2.000031249755863,EXECUTE,SUCCESS,4654566,0,0.0
0,187,121,2.000031249755863,EXECUTE,SUCCESS,4654568,0,0.0
0,188,122,2.000031249755863,EXECUTE,SUCCESS,4654570,0,0.0
0,189,123,2.000031249755863,EXECUTE,SUCCESS,4654572,0,0.0
0,190,124,2.000031249755863,EXECUTE,SUCCESS,4654574,0,0.0
0,191,127,2.0000156249389653,EXECUTE,SUCCESS,4654575,0,0.0
0,192,129,2.0000156249389653,EXECUTE,SUCCESS,4654576,0,0.0
0,193,130,2.0000156249389653,EXECUTE,SUCCESS,4654577,0,0.0
0,194,131,2.0000468744506965,EXECUTE,SUCCESS,4654580,0,0.0
0,195,132,2.0000468744506965,EXECUTE,SUCCESS,4654583,0,0.0
0,196,133,2.0000468744506965,EXECUTE,SUCCESS,4654586,0,0.0
0,197,134,2.0000468744506965,EXECUTE,SUCCESS,4654589,0,0.0
0,198,135,2.0000468744506965,EXECUTE,SUCCESS,4654592,0,0.0
0,199,136,2.0000468744506965,EXECUTE,SUCCESS,4654595,0,0.0
0,200,138,2.0000468744506965,EXECUTE,SUCCESS,4654598,0,0.0
0,201,139,2.0000468744506965,EXECUTE,SUCCESS,4654601,0,0.0
0,202,140,2.0000468744506965,EXECUTE,SUCCESS,4654604,0,0.0
0,203,141,2.0000468744506965,EXECUTE,SUCCESS,4654607,0,0.0
0,204,145,2.0000156249389653,EXECUTE,SUCCESS,4654608,0,0.0
0,205,147,2.000031249755863,EXECUTE,SUCCESS,4654610,0,0.0
0,206,149,2.0000156249389653,EXECUTE,SUCCESS,4654611,0,0.0
0,207,151,2.0000468744506965,EXECUTE,SUCCESS,4654614,0,0.0
0,208,152,2.0000156249389653,EXECUTE,SUCCESS,4654615,0,0.0
0,209,153,2.0000156249389653,EXECUTE,SUCCESS,4654616,0,0.0
0,210,154,2.0000156249389653,EXECUTE,SUCCESS,4654617,0,0.0
0,211,155,2.0000156249389653,EXECUTE,SUCCESS,4654618,0,0.0
0,212,158,2.0000156249389653,EXECUTE,SUCCESS,4654619,0,0.0
0,213,159,2.0000156249389653,EXECUTE,SUCCESS,4654620,0,0.0
0,214,160,2.0,EXECUTE,CRASH,4654680,59,0.0036875
0,185,117,2.9779397240374097,EXECUTE,SUCCESS,4734682,0,0.0
0,186,120,2.955714803562753,EXECUTE,SUCCESS,4734684,0,0.0
0,187,121,2.9333214961882383,EXECUTE,SUCCESS,4734686,0,0.0
0,188,122,2.910755915565578,EXECUTE,SUCCESS,4734688,0,0.0
0,189,123,2.8880140235116603,EXECUTE,SUCCESS,4734690,0,0.0
0,190,124,2.86509162157164,EXECUTE,SUCCESS,4734692,0,0.0
0,191,127,2.861610123689111,EXECUTE,SUCCESS,4734693,0,0.0
0,192,129,2.8581243849769744,EXECUTE,SUCCESS,4734694,0,0.0
0,193,130,2.8546343899000455,EXECUTE,SUCCESS,4734695,0,0.0
0,194,131,2.8226096081463345,EXECUTE,SUCCESS,4734698,0,0.0
0,195,132,2.790217285445706,EXECUTE,SUCCESS,4734701,0,0.0
0,196,133,2.7574444690691426,EXECUTE,SUCCESS,4734704,0,0.0
0,197,134,2.7242774271354975,EXECUTE,SUCCESS,4734707,0,0.0
0,198,135,2.690701581372413,EXECUTE,SUCCESS,4734710,0,0.0
0,199,136,2.656701432227567,EXECUTE,SUCCESS,4734713,0,0.0
0,200,138,2.6222604752388743,EXECUTE,SUCCESS,4734716,0,0.0
0,201,139,2.5873611073833525,EXECUTE,SUCCESS,4734719,0,0.0
0,202,140,2.551984521896637,EXECUTE,SUCCESS,4734722,0,0.0
0,203,141,2.5161105897793936,EXECUTE,SUCCESS,4734725,0,0.0
0,204,145,2.5121454973786865,EXECUTE,SUCCESS,4734726,0,0.0
0,205,147,2.0,EXECUTE,CRASH,4734776,48,0.003
0,185,117,2.9779397240374097,EXECUTE,SUCCESS,4846778,0,0.0
0,186,120,2.955714803562753,EXECUTE,SUCCESS,4846780,0,0.0
0,187,121,2.9333214961882383,EXECUTE,SUCCESS,4846782,0,0.0
0,188,122,2.910755915565578,EXECUTE,SUCCESS,4846784,0,0.0
0,189,123,2.8880140235116603,EXECUTE,SUCCESS,4846786,0,0.0
0,190,124,2.86509162157164,EXECUTE,SUCCESS,4846788,0,0.0
0,191,127,2.861610123689111,EXECUTE,SUCCESS,4846789,0,0.0
0,192,129,2.8581243849769744,EXECUTE,SUCCESS,4846790,0,0.0
0,193,130,2.8546343899000455,EXECUTE,SUCCESS,4846791,0,0.0
0,194,131,2.8226096081463345,EXECUTE,SUCCESS,4846794,0,0.0
0,195,132,2.790217285445706,EXECUTE,SUCCESS,4846797,0,0.0
0,196,133,2.7574444690691426,EXECUTE,SUCCESS,4846800,0,0.0
0,197,134,2.7242774271354975,EXECUTE,SUCCESS,4846803,0,0.0
0,198,135,2.690701581372413,EXECUTE,SUCCESS,4846806,0,0.0
0,199,136,2.656701432227567,EXECUTE,SUCCESS,4846809,0,0.0
0,200,138,2.6222604752388743,EXECUTE,SUCCESS,4846812,0,0.0
0,201,139,2.5873611073833525,EXECUTE,SUCCESS,4846815,0,0.0
0,202,140,2.551984521896637,EXECUTE,SUCCESS,4846818,0,0.0
0,203,141,2.5161105897793936,EXECUTE,SUCCESS,4846821,0,0.0
0,204,145,2.5121454973786865,EXECUTE,SUCCESS,4846822,0,0.0
0,205,147,2.4857594412975703,EXECUTE,SUCCESS,4846824,0,0.0
0,206,149,2.481745857254527,EXECUTE,SUCCESS,4846825,0,0.0
0,207,151,2.444841508155489,EXECUTE,SUCCESS,4846828,0,0.0
0,208,152,2.4407606396367516,EXECUTE,SUCCESS,4846829,0,0.0
0,209,153,2.4366729366084408,EXECUTE,SUCCESS,4846830,0,0.0
0,210,154,2.4325783646164414,EXECUTE,SUCCESS,4846831,0,0.0
0,211,155,2.428476888916178,EXECUTE,SUCCESS,4846832,0,0.0
0,212,158,2.424368474469176,EXECUTE,SUCCESS,4846833,0,0.0
0,213,159,2.4202530859395672,EXECUTE,SUCCESS,4846834,0,0.0
0,214,160,2.416130687690547,EXECUTE,SUCCESS,4846835,0,0.0
0,215,163,2.412001243780773,EXECUTE,SUCCESS,4846836,0,0.0
0,216,165,2.407864717960707,EXECUTE,SUCCESS,4846837,0,0.0
0,217,167,2.3698101189757788,EXECUTE,SUCCESS,4846840,0,0.0
0,218,168,2.331134380510912,EXECUTE,SUCCESS,4846843,0,0.0
0,219,169,2.291806056366898,EXECUTE,SUCCESS,4846846,0,0.0
0,220,171,2.287452185292622,EXECUTE,SUCCESS,4846847,0,0.0
0,221,174,2.283090011366173,EXECUTE,SUCCESS,4846848,0,0.0
0,222,176,2.278719486904869,EXECUTE,SUCCESS,4846849,0,0.0
0,223,182,2.238470459934638,EXECUTE,SUCCESS,4846852,0,0.0
0,224,183,2.2340126454431695,EXECUTE,SUCCESS,4846853,0,0.0
0,225,186,2.2295459178944905,EXECUTE,SUCCESS,4846854,0,0.0
0,226,189,2.225070223610928,EXECUTE,SUCCESS,4846855,0,0.0
0,227,191,2.2205855083738575,EXECUTE,SUCCESS,4846856,0,0.0
0,228,192,2.2160917174160417,EXECUTE,SUCCESS,4846857,0,0.0
0,229,193,2.2115887954138267,EXECUTE,SUCCESS,4846858,0,0.0
0,230,7,2.2070766864791946,EXECUTE,SUCCESS,4846859,0,0.0
0,231,15,2.093442141545828,EXECUTE,SUCCESS,4846864,0,0.0
0,232,16,2.0886748191137805,EXECUTE,SUCCESS,4846865,0,0.0
0,233,17,2.083896590524584,EXECUTE,SUCCESS,4846866,0,0.0
0,234,18,2.07910738058427,EXECUTE,SUCCESS,4846867,0,0.0
0,235,19,2.0743071132308213,EXECUTE,SUCCESS,4846868,0,0.0
0,236,20,2.0694957115200756,EXECUTE,SUCCESS,4846869,0,0.0
0,237,21,2.064673097611335,EXECUTE,SUCCESS,4846870,0,0.0
0,238,22,2.0598391927526736,EXECUTE,SUCCESS,4846871,0,0.0
0,239,23,2.0549939172659335,EXECUTE,SUCCESS,4846872,0,0.0
0,240,24,2.050137190531401,EXECUTE,SUCCESS,4846873,0,0.0
0,241,25,2.045268930972156,EXECUTE,SUCCESS,4846874,0,0.0
0,242,26,2.0403890560380846,EXECUTE,SUCCESS,4846875,0,0.0
0,243,27,2.0354974821895473,EXECUTE,SUCCESS,4846876,0,0.0
0,244,28,2.030594124880693,EXECUTE,SUCCESS,4846877,0,0.0
0,245,29,2.025678898542409,EXECUTE,SUCCESS,4846878,0,0.0
0,246,30,2.0207517165648996,EXECUTE,SUCCESS,4846879,0,0.0
0,247,31,2.0158124912798785,EXECUTE,SUCCESS,4846880,0,0.0
0,248,35,2.0000781234741805,EXECUTE,SUCCESS,4846885,0,0.0
0,249,36,2.0000156249389653,EXECUTE,SUCCESS,4846886,0,0.0
0,250,40,2.0000156249389653,EXECUTE,SUCCESS,4846887,0,0.0
0,251,41,2.0000156249389653,EXECUTE,SUCCESS,4846888,0,0.0
0,252,42,2.0000468744506965,EXECUTE,SUCCESS,4846891,0,0.0
0,253,44,2.0000156249389653,EXECUTE,SUCCESS,4846892,0,0.0
0,254,46,2.000031249755863,EXECUTE,SUCCESS,4846894,0,0.0
0,255,49,2.0000156249389653,EXECUTE,SUCCESS,4846895,0,0.0
0,256,51,2.0000156249389653,EXECUTE,SUCCESS,4846896,0,0.0
0,257,52,2.0000468744506965,EXECUTE,SUCCESS,4846899,0,0.0
0,258,54,2.0000468744506965,EXECUTE,SUCCESS,4846902,0,0.0
0,259,55,2.0000937478028376,EXECUTE,SUCCESS,4846908,0,0.0
0,260,56,2.0000937478028376,EXECUTE,SUCCESS,4846914,0,0.0
0,261,57,2.0000937478028376,EXECUTE,SUCCESS,4846920,0,0.0
0,262,58,2.0000937478028376,EXECUTE,SUCCESS,4846926,0,0.0
0,263,61,2.0000468744506965,EXECUTE,SUCCESS,4846929,0,0.0
0,264,62,2.0000468744506965,EXECUTE,SUCCESS,4846932,0,0.0
0,265,63,2.0000937478028376,EXECUTE,SUCCESS,4846938,0,0.0
0,266,64,2.0000937478028376,EXECUTE,SUCCESS,4846944,0,0.0
0,267,65,2.0000937478028376,EXECUTE,SUCCESS,4846950,0,0.0
0,268,66,2.0000937478028376,EXECUTE,SUCCESS,4846956,0,0.0
0,269,68,2.000031249755863,EXECUTE,SUCCESS,4846958,0,0.0
0,270,69,2.0000781234741805,EXECUTE,SUCCESS,4846963,0,0.0
0,271,70,2.0000937478028376,EXECUTE,SUCCESS,4846969,0,0.0
0,272,71,2.0000781234741805,EXECUTE,SUCCESS,4846974,0,0.0
0,273,72,2.0000781234741805,EXECUTE,SUCCESS,4846979,0,0.0
0,274,73,2.0000781234741805,EXECUTE,SUCCESS,4846984,0,0.0
0,275,76,2.0000468744506965,EXECUTE,SUCCESS,4846987,0,0.0
0,276,77,2.0000937478028376,EXECUTE,SUCCESS,4846993,0,0.0
0,277,78,2.0000937478028376,EXECUTE,SUCCESS,4846999,0,0.0
0,278,79,2.0,EXECUTE,CRASH,4847234,229,0.0143125
0,185,117,2.9779397240374097,EXECUTE,SUCCESS,4927236,0,0.0
0,186,120,2.955714803562753,EXECUTE,SUCCESS,4927238,0,0.0
0,187,121,2.9333214961882383,EXECUTE,SUCCESS,4927240,0,0.0
0,188,122,2.910755915565578,EXECUTE,SUCCESS,4927242,0,0.0
0,189,123,2.8880140235116603,EXECUTE,SUCCESS,4927244,0,0.0
0,190,124,2.86509162157164,EXECUTE,SUCCESS,4927246,0,0.0
0,191,127,2.861610123689111,EXECUTE,SUCCESS,4927247,0,0.0
0,192,129,2.8581243849769744,EXECUTE,SUCCESS,4927248,0,0.0
0,193,130,2.8546343899000455,EXECUTE,SUCCESS,4927249,0,0.0
0,194,131,2.8226096081463345,EXECUTE,SUCCESS,4927252,0,0.0
0,195,132,2.790217285445706,EXECUTE,SUCCESS,4927255,0,0.0
0,196,133,2.7574444690691426,EXECUTE,SUCCESS,4927258,0,0.0
0,197,134,2.7242774271354975,EXECUTE,SUCCESS,4927261,0,0.0
0,198,135,2.690701581372413,EXECUTE,SUCCESS,4927264,0,0.0
0,199,136,2.656701432227567,EXECUTE,SUCCESS,4927267,0,0.0
0,200,138,2.6222604752388743,EXECUTE,SUCCESS,4927270,0,0.0
0,201,139,2.5873611073833525,EXECUTE,SUCCESS,4927273,0,0.0
0,202,140,2.551984521896637,EXECUTE,SUCCESS,4927276,0,0.0
0,203,141,2.5161105897793936,EXECUTE,SUCCESS,4927279,0,0.0
0,204,145,2.5121454973786865,EXECUTE,SUCCESS,4927280,0,0.0
0,205,147,2.4857594412975703,EXECUTE,SUCCESS,4927282,0,0.0
0,206,149,2.481745857254527,EXECUTE,SUCCESS,4927283,0,0.0
0,207,151,2.444841508155489,EXECUTE,SUCCESS,4927286,0,0.0
0,208,152,2.4407606396367516,EXECUTE,SUCCESS,4927287,0,0.0
0,209,153,2.4366729366084408,EXECUTE,SUCCESS,4927288,0,0.0
0,210,154,2.4325783646164414,EXECUTE,SUCCESS,4927289,0,0.0
0,211,155,2.428476888916178,EXECUTE,SUCCESS,4927290,0,0.0
0,212,158,2.424368474469176,EXECUTE,SUCCESS,4927291,0,0.0
0,213,159,2.4202530859395672,EXECUTE,SUCCESS,4927292,0,0.0
0,214,160,2.416130687690547,EXECUTE,SUCCESS,4927293,0,0.0
0,215,163,2.412001243780773,EXECUTE,SUCCESS,4927294,0,0.0
0,216,165,2.407864717960707,EXECUTE,SUCCESS,4927295,0,0.0
0,217,167,2.3698101189757788,EXECUTE,SUCCESS,4927298,0,0.0
0,218,168,2.331134380510912,EXECUTE,SUCCESS,4927301,0,0.0
0,219,169,2.291806056366898,EXECUTE,SUCCESS,4927304,0,0.0
0,220,171,2.287452185292622,EXECUTE,SUCCESS,4927305,0,0.0
0,221,174,2.283090011366173,EXECUTE,SUCCESS,4927306,0,0.0
0,222,176,2.278719486904869,EXECUTE,SUCCESS,4927307,0,0.0
0,223,182,2.238470459934638,EXECUTE,SUCCESS,4927310,0,0.0
0,224,183,2.0,EXECUTE,CRASH,4927388,77,0.0048125
0,185,117,2.9779397240374097,EXECUTE,SUCCESS,5007390,0,0.0
0,186,120,2.955714803562753,EXECUTE,SUCCESS,5007392,0,0.0
0,187,121,2.9333214961882383,EXECUTE,SUCCESS,5007394,0,0.0
0,188,122,2.910755915565578,EXECUTE,SUCCESS,5007396,0,0.0
0,189,123,2.8880140235116603,EXECUTE,SUCCESS,5007398,0,0.0
0,190,124,2.86509162157164,EXECUTE,SUCCESS,5007400,0,0.0
0,191,127,2.861610123689111,EXECUTE,SUCCESS,5007401,0,0.0
0,192,129,2.8581243849769744,EXECUTE,SUCCESS,5007402,0,0.0
0,193,130,2.8546343899000455,EXECUTE,SUCCESS,5007403,0,0.0
0,194,131,2.8226096081463345,EXECUTE,SUCCESS,5007406,0,0.0
0,195,132,2.790217285445706,EXECUTE,SUCCESS,5007409,0,0.0
0,196,133,2.7574444690691426,EXECUTE,SUCCESS,5007412,0,0.0
0,197,134,2.7242774271354975,EXECUTE,SUCCESS,5007415,0,0.0
0,198,135,2.690701581372413,EXECUTE,SUCCESS,5007418,0,0.0
0,199,136,2.656701432227567,EXECUTE,SUCCESS,5007421,0,0.0
0,200,138,2.6222604752388743,EXECUTE,SUCCESS,5007424,0,0.0
0,201,139,2.5873611073833525,EXECUTE,SUCCESS,5007427,0,0.0
0,202,140,2.551984521896637,EXECUTE,SUCCESS,5007430,0,0.0
0,203,141,2.5161105897793936,EXECUTE,SUCCESS,5007433,0,0.0
0,204,145,2.5121454973786865,EXECUTE,SUCCESS,5007434,0,0.0
0,205,147,2.4857594412975703,EXECUTE,SUCCESS,5007436,0,0.0
0,206,149,2.0,EXECUTE,CRASH,5007486,49,0.0030625
0,185,117,2.9779397240374097,EXECUTE,SUCCESS,5087488,0,0.0
0,186,120,2.955714803562753,EXECUTE,SUCCESS,5087490,0,0.0
0,187,121,2.9333214961882383,EXECUTE,SUCCESS,5087492,0,0.0
0,188,122,2.910755915565578,EXECUTE,SUCCESS,5087494,0,0.0
0,189,123,2.8880140235116603,EXECUTE,SUCCESS,5087496,0,0.0
0,190,124,2.86509162157164,EXECUTE,SUCCESS,5087498,0,0.0
0,191,127,2.861610123689111,EXECUTE,SUCCESS,5087499,0,0.0
0,192,129,2.8581243849769744,EXECUTE,SUCCESS,5087500,0,0.0
0,193,130,2.8546343899000455,EXECUTE,SUCCESS,5087501,0,0.0
0,194,131,2.8226096081463345,EXECUTE,SUCCESS,5087504,0,0.0
0,195,132,2.790217285445706,EXECUTE,SUCCESS,5087507,0,0.0
0,196,133,2.7574444690691426,EXECUTE,SUCCESS,5087510,0,0.0
0,197,134,2.7242774271354975,EXECUTE,SUCCESS,5087513,0,0.0
0,198,135,2.690701581372413,EXECUTE,SUCCESS,5087516,0,0.0
0,199,136,2.656701432227567,EXECUTE,SUCCESS,5087519,0,0.0
0,200,138,2.6222604752388743,EXECUTE,SUCCESS,5087522,0,0.0
0,201,139,2.5873611073833525,EXECUTE,SUCCESS,5087525,0,0.0
0,202,140,2.551984521896637,EXECUTE,SUCCESS,5087528,0,0.0
0,203,141,2.5161105897793936,EXECUTE,SUCCESS,5087531,0,0.0
0,204,145,2.5121454973786865,EXECUTE,SUCCESS,5087532,0,0.0
0,205,147,2.4857594412975703,EXECUTE,SUCCESS,5087534,0,0.0
0,206,149,2.481745857254527,EXECUTE,SUCCESS,5087535,0,0.0
0,207,151,2.444841508155489,EXECUTE,SUCCESS,5087538,0,0.0
0,208,152,2.4407606396367516,EXECUTE,SUCCESS,5087539,0,0.0
0,209,153,2.4366729366084408,EXECUTE,SUCCESS,5087540,0,0.0
0,210,154,2.4325783646164414,EXECUTE,SUCCESS,5087541,0,0.0
0,211,155,2.428476888916178,EXECUTE,SUCCESS,5087542,0,0.0
0,212,158,2.424368474469176,EXECUTE,SUCCESS,5087543,0,0.0
0,213,159,2.4202530859395672,EXECUTE,SUCCESS,5087544,0,0.0
0,214,160,2.416130687690547,EXECUTE,SUCCESS,5087545,0,0.0
0,215,163,2.412001243780773,EXECUTE,SUCCESS,5087546,0,0.0
0,216,165,2.407864717960707,EXECUTE,SUCCESS,5087547,0,0.0
0,217,167,2.3698101189757788,EXECUTE,SUCCESS,5087550,0,0.0
0,218,168,2.331134380510912,EXECUTE,SUCCESS,5087553,0,0.0
0,219,169,2.291806056366898,EXECUTE,SUCCESS,5087556,0,0.0
0,220,171,2.287452185292622,EXECUTE,SUCCESS,5087557,0,0.0
0,221,174,2.283090011366173,EXECUTE,SUCCESS,5087558,0,0.0
0,222,176,2.278719486904869,EXECUTE,SUCCESS,5087559,0,0.0
0,223,182,2.238470459934638,EXECUTE,SUCCESS,5087562,0,0.0
0,224,183,2.2340126454431695,EXECUTE,SUCCESS,5087563,0,0.0
0,225,186,2.2295459178944905,EXECUTE,SUCCESS,5087564,0,0.0
0,226,189,2.225070223610928,EXECUTE,SUCCESS,5087565,0,0.0
0,227,191,2.2205855083738575,EXECUTE,SUCCESS,5087566,0,0.0
0,228,192,2.2160917174160417,EXECUTE,SUCCESS,5087567,0,0.0
0,229,193,2.2115887954138267,EXECUTE,SUCCESS,5087568,0,0.0
0,230,7,2.2070766864791946,EXECUTE,SUCCESS,5087569,0,0.0
0,231,15,2.093442141545828,EXECUTE,SUCCESS,5087574,0,0.0
0,232,16,2.0886748191137805,EXECUTE,SUCCESS,5087575,0,0.0
0,233,17,2.083896590524584,EXECUTE,SUCCESS,5087576,0,0.0
0,234,18,2.07910738058427,EXECUTE,SUCCESS,5087577,0,0.0
0,235,19,2.0743071132308213,EXECUTE,SUCCESS,5087578,0,0.0
0,236,20,2.0694957115200756,EXECUTE,SUCCESS,5087579,0,0.0
0,237,21,2.064673097611335,EXECUTE,SUCCESS,5087580,0,0.0
0,238,22,2.0598391927526736,EXECUTE,SUCCESS,5087581,0,0.0
0,239,23,2.0549939172659335,EXECUTE,SUCCESS,5087582,0,0.0
0,240,24,2.050137190531401,EXECUTE,SUCCESS,5087583,0,0.0
0,241,25,2.045268930972156,EXECUTE,SUCCESS,5087584,0,0.0
0,242,26,2.0403890560380846,EXECUTE,SUCCESS,5087585,0,0.0
0,243,27,2.0354974821895473,EXECUTE,SUCCESS,5087586,0,0.0
0,244,28,2.030594124880693,EXECUTE,SUCCESS,5087587,0,0.0
0,245,29,2.025678898542409,EXECUTE,SUCCESS,5087588,0,0.0
0,246,30,2.0207517165648996,EXECUTE,SUCCESS,5087589,0,0.0
0,247,31,2.0158124912798785,EXECUTE,SUCCESS,5087590,0,0.0
0,248,35,2.0000781234741805,EXECUTE,SUCCESS,5087595,0,0.0
0,249,36,2.0000156249389653,EXECUTE,SUCCESS,5087596,0,0.0
0,250,40,2.0000156249389653,EXECUTE,SUCCESS,5087597,0,0.0
0,251,41,2.0000156249389653,EXECUTE,SUCCESS,5087598,0,0.0
0,252,42,2.0000468744506965,EXECUTE,SUCCESS,5087601,0,0.0
0,253,44,2.0000156249389653,EXECUTE,SUCCESS,5087602,0,0.0
0,254,46,2.000031249755863,EXECUTE,SUCCESS,5087604,0,0.0
0,255,49,2.0000156249389653,EXECUTE,SUCCESS,5087605,0,0.0
0,256,51,2.0000156249389653,EXECUTE,SUCCESS,5087606,0,0.0
0,257,52,2.0000468744506965,EXECUTE,SUCCESS,5087609,0,0.0
0,258,54,2.0000468744506965,EXECUTE,SUCCESS,5087612,0,0.0
0,259,55,2.0000937478028376,EXECUTE,SUCCESS,5087618,0,0.0
0,260,56,2.0000937478028376,EXECUTE,SUCCESS,5087624,0,0.0
0,261,57,2.0000937478028376,EXECUTE,SUCCESS,5087630,0,0.0
0,262,58,2.0000937478028376,EXECUTE,SUCCESS,5087636,0,0.0
0,263,61,2.0000468744506965,EXECUTE,SUCCESS,5087639,0,0.0
0,264,62,2.0000468744506965,EXECUTE,SUCCESS,5087642,0,0.0
0,265,63,2.0000937478028376,EXECUTE,SUCCESS,5087648,0,0.0
0,266,64,2.0000937478028376,EXECUTE,SUCCESS,5087654,0,0.0
0,267,65,2.0000937478028376,EXECUTE,SUCCESS,5087660,0,0.0
0,268,66,2.0000937478028376,EXECUTE,SUCCESS,5087666,0,0.0
0,269,68,2.000031249755863,EXECUTE,SUCCESS,5087668,0,0.0
0,270,69,2.0000781234741805,EXECUTE,SUCCESS,5087673,0,0.0
0,271,70,2.0000937478028376,EXECUTE,SUCCESS,5087679,0,0.0
0,272,71,2.0000781234741805,EXECUTE,SUCCESS,5087684,0,0.0
0,273,72,2.0000781234741805,EXECUTE,SUCCESS,5087689,0,0.0
0,274,73,2.0000781234741805,EXECUTE,SUCCESS,5087694,0,0.0
0,275,76,2.0000468744506965,EXECUTE,SUCCESS,5087697,0,0.0
0,276,77,2.0000937478028376,EXECUTE,SUCCESS,5087703,0,0.0
0,277,78,2.0000937478028376,EXECUTE,SUCCESS,5087709,0,0.0
0,278,79,2.0000937478028376,EXECUTE,SUCCESS,5087715,0,0.0
0,279,80,2.0000937478028376,EXECUTE,SUCCESS,5087721,0,0.0
0,280,84,2.0000156249389653,EXECUTE,SUCCESS,5087722,0,0.0
0,281,86,2.0000156249389653,EXECUTE,SUCCESS,5087723,0,0.0
0,282,87,2.0000468744506965,EXECUTE,SUCCESS,5087726,0,0.0
0,283,88,2.0000937478028376,EXECUTE,SUCCESS,5087732,0,0.0
0,284,92,2.0000156249389653,EXECUTE,SUCCESS,5087733,0,0.0
0,285,94,2.0000156249389653,EXECUTE,SUCCESS,5087734,0,0.0
0,286,95,2.0000468744506965,EXECUTE,SUCCESS,5087737,0,0.0
0,287,96,2.0000781234741805,EXECUTE,SUCCESS,5087742,0,0.0
0,288,100,2.0000156249389653,EXECUTE,SUCCESS,5087743,0,0.0
0,289,102,2.0000156249389653,EXECUTE,SUCCESS,5087744,0,0.0
0,290,105,2.000031249755863,EXECUTE,SUCCESS,5087746,0,0.0
0,291,106,2.000031249755863,EXECUTE,SUCCESS,5087748,0,0.0
0,292,107,2.000031249755863,EXECUTE,SUCCESS,5087750,0,0.0
0,293,108,2.000031249755863,EXECUTE,SUCCESS,5087752,0,0.0
0,294,109,2.000031249755863,EXECUTE,SUCCESS,5087754,0,0.0
0,295,112,2.000031249755863,EXECUTE,SUCCESS,5087756,0,0.0
0,296,113,2.000031249755863,EXECUTE,SUCCESS,5087758,0,0.0
0,297,114,2.000031249755863,EXECUTE,SUCCESS,5087760,0,0.0
0,298,115,2.000031249755863,EXECUTE,SUCCESS,5087762,0,0.0
0,299,116,2.000031249755863,EXECUTE,SUCCESS,5087764,0,0.0
0,300,117,2.000031249755863,EXECUTE,SUCCESS,5087766,0,0.0
0,301,120,2.000031249755863,EXECUTE,SUCCESS,5087768,0,0.0
0,302,121,2.000031249755863,EXECUTE,SUCCESS,5087770,0,0.0
0,303,122,2.000031249755863,EXECUTE,SUCCESS,5087772,0,0.0
0,304,123,2.000031249755863,EXECUTE,SUCCESS,5087774,0,0.0
0,305,124,2.000031249755863,EXECUTE,SUCCESS,5087776,0,0.0
0,306,127,2.0000156249389653,EXECUTE,SUCCESS,5087777,0,0.0
0,307,129,2.0000156249389653,EXECUTE,SUCCESS,5087778,0,0.0
0,308,130,2.0000156249389653,EXECUTE,SUCCESS,5087779,0,0.0
0,309,131,2.0000468744506965,EXECUTE,SUCCESS,5087782,0,0.0
0,310,132,2.0000468744506965,EXECUTE,SUCCESS,5087785,0,0.0
0,311,133,2.0000468744506965,EXECUTE,SUCCESS,5087788,0,0.0
0,312,134,2.0000468744506965,EXECUTE,SUCCESS,5087791,0,0.0
0,313,135,2.0000468744506965,EXECUTE,SUCCESS,5087794,0,0.0
0,314,136,2.0000468744506965,EXECUTE,SUCCESS,5087797,0,0.0
0,315,138,2.0000468744506965,EXECUTE,SUCCESS,5087800,0,0.0
0,316,139,2.0000468744506965,EXECUTE,SUCCESS,5087803,0,0.0
0,317,140,2.0000468744506965,EXECUTE,SUCCESS,5087806,0,0.0
0,318,141,2.0000468744506965,EXECUTE,SUCCESS,5087809,0,0.0
0,319,145,2.0000156249389653,EXECUTE,SUCCESS,5087810,0,0.0
0,320,147,2.000031249755863,EXECUTE,SUCCESS,5087812,0,0.0
0,321,149,2.0000156249389653,EXECUTE,SUCCESS,5087813,0,0.0
0,322,151,2.0000468744506965,EXECUTE,SUCCESS,5087816,0,0.0
0,323,152,2.0000156249389653,EXECUTE,SUCCESS,5087817,0,0.0
0,324,153,2.0000156249389653,EXECUTE,SUCCESS,5087818,0,0.0
0,325,154,2.0000156249389653,EXECUTE,SUCCESS,5087819,0,0.0
0,326,155,2.0000156249389653,EXECUTE,SUCCESS,5087820,0,0.0
0,327,158,2.0000156249389653,EXECUTE,SUCCESS,5087821,0,0.0
0,328,159,2.0000156249389653,EXECUTE,SUCCESS,5087822,0,0.0
0,329,160,2.0000156249389653,EXECUTE,SUCCESS,5087823,0,0.0
0,330,163,2.0000156249389653,EXECUTE,SUCCESS,5087824,0,0.0
0,331,165,2.0000156249389653,EXECUTE,SUCCESS,5087825,0,0.0
0,332,167,2.0000468744506965,EXECUTE,SUCCESS,5087828,0,0.0
0,333,168,2.0000468744506965,EXECUTE,SUCCESS,5087831,0,0.0
0,334,169,2.0000468744506965,EXECUTE,SUCCESS,5087834,0,0.0
0,335,171,2.0000156249389653,EXECUTE,SUCCESS,5087835,0,0.0
0,336,174,2.0000156249389653,EXECUTE,SUCCESS,5087836,0,0.0
0,337,176,2.0000156249389653,EXECUTE,SUCCESS,5087837,0,0.0
0,338,182,2.0000468744506965,EXECUTE,SUCCESS,5087840,0,0.0
0,339,183,2.0000156249389653,EXECUTE,SUCCESS,5087841,0,0.0
0,340,186,2.0000156249389653,EXECUTE,SUCCESS,5087842,0,0.0
0,341,189,2.0000156249389653,EXECUTE,SUCCESS,5087843,0,0.0
0,342,191,2.0000156249389653,EXECUTE,SUCCESS,5087844,0,0.0
0,343,192,2.0000156249389653,EXECUTE,SUCCESS,5087845,0,0.0
0,344,193,2.0000156249389653,EXECUTE,SUCCESS,5087846,0,0.0
0,345,7,2.0000156249389653,EXECUTE,SUCCESS,5087847,0,0.0
0,346,15,2.0000781234741805,EXECUTE,SUCCESS,5087852,0,0.0
0,347,16,2.0000156249389653,EXECUTE,SUCCESS,5087853,0,0.0
0,348,17,2.0000156249389653,EXECUTE,SUCCESS,5087854,0,0.0
0,349,18,2.0000156249389653,EXECUTE,SUCCESS,5087855,0,0.0
0,350,19,2.0000156249389653,EXECUTE,SUCCESS,5087856,0,0.0
0,351,20,2.0000156249389653,EXECUTE,SUCCESS,5087857,0,0.0
0,352,21,2.0000156249389653,EXECUTE,SUCCESS,5087858,0,0.0
0,353,22,2.0000156249389653,EXECUTE,SUCCESS,5087859,0,0.0
0,354,23,2.0000156249389653,EXECUTE,SUCCESS,5087860,0,0.0
0,355,24,2.0000156249389653,EXECUTE,SUCCESS,5087861,0,0.0
0,356,25,2.0000156249389653,EXECUTE,SUCCESS,5087862,0,0.0
0,357,26,2.0000156249389653,EXECUTE,SUCCESS,5087863,0,0.0
0,358,27,2.0000156249389653,EXECUTE,SUCCESS,5087864,0,0.0
0,359,28,2.0000156249389653,EXECUTE,SUCCESS,5087865,0,0.0
0,360,29,2.0000156249389653,EXECUTE,SUCCESS,5087866,0,0.0
0,361,30,2.0000156249389653,EXECUTE,SUCCESS,5087867,0,0.0
0,362,31,2.0000156249389653,EXECUTE,SUCCESS,5087868,0,0.0
0,363,35,2.0000781234741805,EXECUTE,SUCCESS,5087873,0,0.0
0,364,36,2.0000156249389653,EXECUTE,SUCCESS,5087874,0,0.0
0,365,40,2.0000156249389653,EXECUTE,SUCCESS,5087875,0,0.0
0,366,41,2.0000156249389653,EXECUTE,SUCCESS,5087876,0,0.0
0,367,42,2.0000468744506965,EXECUTE,SUCCESS,5087879,0,0.0
0,368,44,2.0000156249389653,EXECUTE,SUCCESS,5087880,0,0.0
0,369,46,2.000031249755863,EXECUTE,SUCCESS,5087882,0,0.0
0,370,49,2.0000156249389653,EXECUTE,SUCCESS,5087883,0,0.0
0,371,51,2.0000156249389653,EXECUTE,SUCCESS,5087884,0,0.0
0,372,52,2.0000468744506965,EXECUTE,SUCCESS,5087887,0,0.0
0,373,54,2.0000468744506965,EXECUTE,SUCCESS,5087890,0,0.0
0,374,55,2.0000937478028376,EXECUTE,SUCCESS,5087896,0,0.0
0,375,56,2.0000937478028376,EXECUTE,SUCCESS,5087902,0,0.0
0,376,57,2.0000937478028376,EXECUTE,SUCCESS,5087908,0,0.0
0,377,58,2.0000937478028376,EXECUTE,SUCCESS,5087914,0,0.0
0,378,61,2.0000468744506965,EXECUTE,SUCCESS,5087917,0,0.0
0,379,62,2.0000468744506965,EXECUTE,SUCCESS,5087920,0,0.0
0,380,63,2.0000937478028376,EXECUTE,SUCCESS,5087926,0,0.0
0,381,64,2.0000937478028376,EXECUTE,SUCCESS,5087932,0,0.0
0,382,65,2.0000937478028376,EXECUTE,SUCCESS,5087938,0,0.0
0,383,66,2.0000937478028376,EXECUTE,SUCCESS,5087944,0,0.0
0,384,68,2.000031249755863,EXECUTE,SUCCESS,5087946,0,0.0
0,385,69,2.0000781234741805,EXECUTE,SUCCESS,5087951,0,0.0
0,386,70,2.0000937478028376,EXECUTE,SUCCESS,5087957,0,0.0
0,387,71,2.0000781234741805,EXECUTE,SUCCESS,5087962,0,0.0
0,388,72,2.0000781234741805,EXECUTE,SUCCESS,5087967,0,0.0
0,389,73,2.0000781234741805,EXECUTE,SUCCESS,5087972,0,0.0
0,390,76,2.0000468744506965,EXECUTE,SUCCESS,5087975,0,0.0
0,391,77,2.0000937478028376,EXECUTE,SUCCESS,5087981,0,0.0
0,392,78,2.0000937478028376,EXECUTE,SUCCESS,5087987,0,0.0
0,393,79,2.0000937478028376,EXECUTE,SUCCESS,5087993,0,0.0
0,394,80,2.0000937478028376,EXECUTE,SUCCESS,5087999,0,0.0
0,395,84,2.0000156249389653,EXECUTE,SUCCESS,5088000,0,0.0
0,396,86,2.0000156249389653,EXECUTE,SUCCESS,5088001,0,0.0
0,397,87,2.0000468744506965,EXECUTE,SUCCESS,5088004,0,0.0
0,398,88,2.0000937478028376,EXECUTE,SUCCESS,5088010,0,0.0
0,399,92,2.0000156249389653,EXECUTE,SUCCESS,5088011,0,0.0
0,400,94,2.0000156249389653,EXECUTE,SUCCESS,5088012,0,0.0
0,401,95,2.0000468744506965,EXECUTE,SUCCESS,5088015,0,0.0
0,402,96,2.0000781234741805,EXECUTE,SUCCESS,5088020,0,0.0
0,403,100,2.0000156249389653,EXECUTE,SUCCESS,5088021,0,0.0
0,404,102,2.0,EXECUTE,CRASH,5088558,536,0.0335
0,185,117,2.9779397240374097,EXECUTE,SUCCESS,5168560,0,0.0
0,186,120,2.955714803562753,EXECUTE,SUCCESS,5168562,0,0.0
0,187,121,2.9333214961882383,EXECUTE,SUCCESS,5168564,0,0.0
0,188,122,2.910755915565578,EXECUTE,SUCCESS,5168566,0,0.0
0,189,123,2.8880140235116603,EXECUTE,SUCCESS,5168568,0,0.0
0,190,124,2.86509162157164,EXECUTE,SUCCESS,5168570,0,0.0
0,191,127,2.861610123689111,EXECUTE,SUCCESS,5168571,0,0.0
0,192,129,2.8581243849769744,EXECUTE,SUCCESS,5168572,0,0.0
0,193,130,2.8546343899000455,EXECUTE,SUCCESS,5168573,0,0.0
0,194,131,2.8226096081463345,EXECUTE,SUCCESS,5168576,0,0.0
0,195,132,2.790217285445706,EXECUTE,SUCCESS,5168579,0,0.0
0,196,133,2.7574444690691426,EXECUTE,SUCCESS,5168582,0,0.0
0,197,134,2.7242774271354975,EXECUTE,SUCCESS,5168585,0,0.0
0,198,135,2.690701581372413,EXECUTE,SUCCESS,5168588,0,0.0
0,199,136,2.656701432227567,EXECUTE,SUCCESS,5168591,0,0.0
0,200,138,2.6222604752388743,EXECUTE,SUCCESS,5168594,0,0.0
0,201,139,2.5873611073833525,EXECUTE,SUCCESS,5168597,0,0.0
0,202,140,2.551984521896637,EXECUTE,SUCCESS,5168600,0,0.0
0,203,141,2.5161105897793936,EXECUTE,SUCCESS,5168603,0,0.0
0,204,145,2.5121454973786865,EXECUTE,SUCCESS,5168604,0,0.0
0,205,147,2.4857594412975703,EXECUTE,SUCCESS,5168606,0,0.0
0,206,149,2.481745857254527,EXECUTE,SUCCESS,5168607,0,0.0
0,207,151,2.444841508155489,EXECUTE,SUCCESS,5168610,0,0.0
0,208,152,2.4407606396367516,EXECUTE,SUCCESS,5168611,0,0.0
0,209,153,2.4366729366084408,EXECUTE,SUCCESS,5168612,0,0.0
0,210,154,2.4325783646164414,EXECUTE,SUCCESS,5168613,0,0.0
0,211,155,2.428476888916178,EXECUTE,SUCCESS,5168614,0,0.0
0,212,158,2.424368474469176,EXECUTE,SUCCESS,5168615,0,0.0
0,213,159,2.4202530859395672,EXECUTE,SUCCESS,5168616,0,0.0
0,214,160,2.416130687690547,EXECUTE,SUCCESS,5168617,0,0.0
0,215,163,2.412001243780773,EXECUTE,SUCCESS,5168618,0,0.0
0,216,165,2.407864717960707,EXECUTE,SUCCESS,5168619,0,0.0
0,217,167,2.3698101189757788,EXECUTE,SUCCESS,5168622,0,0.0
0,218,168,2.331134380510912,EXECUTE,SUCCESS,5168625,0,0.0
0,219,169,2.291806056366898,EXECUTE,SUCCESS,5168628,0,0.0
0,220,171,2.287452185292622,EXECUTE,SUCCESS,5168629,0,0.0
0,221,174,2.283090011366173,EXECUTE,SUCCESS,5168630,0,0.0
0,222,176,2.278719486904869,EXECUTE,SUCCESS,5168631,0,0.0
0,223,182,2.238470459934638,EXECUTE,SUCCESS,5168634,0,0.0
0,224,183,2.2340126454431695,EXECUTE,SUCCESS,5168635,0,0.0
0,225,186,2.2295459178944905,EXECUTE,SUCCESS,5168636,0,0.0
0,226,189,2.225070223610928,EXECUTE,SUCCESS,5168637,0,0.0
0,227,191,2.2205855083738575,EXECUTE,SUCCESS,5168638,0,0.0
0,228,192,2.2160917174160417,EXECUTE,SUCCESS,5168639,0,0.0
0,229,193,2.2115887954138267,EXECUTE,SUCCESS,5168640,0,0.0
0,230,7,2.2070766864791946,EXECUTE,SUCCESS,5168641,0,0.0
0,231,15,2.093442141545828,EXECUTE,SUCCESS,5168646,0,0.0
0,232,16,2.0886748191137805,EXECUTE,SUCCESS,5168647,0,0.0
0,233,17,2.083896590524584,EXECUTE,SUCCESS,5168648,0,0.0
0,234,18,2.07910738058427,EXECUTE,SUCCESS,5168649,0,0.0
0,235,19,2.0743071132308213,EXECUTE,SUCCESS,5168650,0,0.0
0,236,20,2.0694957115200756,EXECUTE,SUCCESS,5168651,0,0.0
0,237,21,2.064673097611335,EXECUTE,SUCCESS,5168652,0,0.0
0,238,22,2.0,EXECUTE,CRASH,5168748,95,0.0059375
0,185,117,2.9779397240374097,EXECUTE,SUCCESS,5248750,0,0.0
0,186,120,2.955714803562753,EXECUTE,SUCCESS,5248752,0,0.0
0,187,121,2.9333214961882383,EXECUTE,SUCCESS,5248754,0,0.0
0,188,122,2.0,EXECUTE,CRASH,5248764,8,0.0005
0,185,117,2.9779397240374097,EXECUTE,SUCCESS,5328766,0,0.0
0,186,120,2.955714803562753,EXECUTE,SUCCESS,5328768,0,0.0
0,187,121,2.9333214961882383,EXECUTE,SUCCESS,5328770,0,0.0
0,188,122,2.910755915565578,EXECUTE,SUCCESS,5328772,0,0.0
0,189,123,2.8880140235116603,EXECUTE,SUCCESS,5328774,0,0.0
0,190,124,2.86509162157164,EXECUTE,SUCCESS,5328776,0,0.0
0,191,127,2.861610123689111,EXECUTE,SUCCESS,5328777,0,0.0
0,192,129,2.8581243849769744,EXECUTE,SUCCESS,5328778,0,0.0
0,193,130,2.8546343899000455,EXECUTE,SUCCESS,5328779,0,0.0
0,194,131,2.8226096081463345,EXECUTE,SUCCESS,5328782,0,0.0
0,195,132,2.790217285445706,EXECUTE,SUCCESS,5328785,0,0.0
0,196,133,2.7574444690691426,EXECUTE,SUCCESS,5328788,0,0.0
0,197,134,2.7242774271354975,EXECUTE,SUCCESS,5328791,0,0.0
0,198,135,2.690701581372413,EXECUTE,SUCCESS,5328794,0,0.0
0,199,136,2.0,EXECUTE,CRASH,5328830,33,0.0020625
0,185,117,2.9779397240374097,EXECUTE,SUCCESS,5408832,0,0.0
0,186,120,2.955714803562753,EXECUTE,SUCCESS,5408834,0,0.0
0,187,121,2.9333214961882383,EXECUTE,SUCCESS,5408836,0,0.0
0,188,122,2.910755915565578,EXECUTE,SUCCESS,5408838,0,0.0
0,189,123,2.8880140235116603,EXECUTE,SUCCESS,5408840,0,0.0
0,190,124,2.86509162157164,EXECUTE,SUCCESS,5408842,0,0.0
0,191,127,2.861610123689111,EXECUTE,SUCCESS,5408843,0,0.0
0,192,129,2.8581243849769744,EXECUTE,SUCCESS,5408844,0,0.0
0,193,130,2.8546343899000455,EXECUTE,SUCCESS,5408845,0,0.0
0,194,131,2.8226096081463345,EXECUTE,SUCCESS,5408848,0,0.0
0,195,132,2.790217285445706,EXECUTE,SUCCESS,5408851,0,0.0
0,196,133,2.7574444690691426,EXECUTE,SUCCESS,5408854,0,0.0
0,197,134,2.7242774271354975,EXECUTE,SUCCESS,5408857,0,0.0
0,198,135,2.690701581372413,EXECUTE,SUCCESS,5408860,0,0.0
0,199,136,2.656701432227567,EXECUTE,SUCCESS,5408863,0,0.0
0,200,138,2.6222604752388743,EXECUTE,SUCCESS,5408866,0,0.0
0,201,139,2.5873611073833525,EXECUTE,SUCCESS,5408869,0,0.0
0,202,140,2.551984521896637,EXECUTE,SUCCESS,5408872,0,0.0
0,203,141,2.0,EXECUTE,CRASH,5408920,45,0.0028125
0,185,117,2.9779397240374097,EXECUTE,SUCCESS,5568922,0,0.0
0,186,120,2.955714803562753,EXECUTE,SUCCESS,5568924,0,0.0
0,187,121,2.9333214961882383,EXECUTE,SUCCESS,5568926,0,0.0
0,188,122,2.910755915565578,EXECUTE,SUCCESS,5568928,0,0.0
0,189,123,2.8880140235116603,EXECUTE,SUCCESS,5568930,0,0.0
0,190,124,2.86509162157164,EXECUTE,SUCCESS,5568932,0,0.0
0,191,127,2.861610123689111,EXECUTE,SUCCESS,5568933,0,0.0
0,192,129,2.8581243849769744,EXECUTE,SUCCESS,5568934,0,0.0
0,193,130,2.8546343899000455,EXECUTE,SUCCESS,5568935,0,0.0
0,194,131,2.8226096081463345,EXECUTE,SUCCESS,5568938,0,0.0
0,195,132,2.790217285445706,EXECUTE,SUCCESS,5568941,0,0.0
0,196,133,2.7574444690691426,EXECUTE,SUCCESS,5568944,0,0.0
0,197,134,2.7242774271354975,EXECUTE,SUCCESS,5568947,0,0.0
0,198,135,2.690701581372413,EXECUTE,SUCCESS,5568950,0,0.0
0,199,136,2.656701432227567,EXECUTE,SUCCESS,5568953,0,0.0
0,200,138,2.6222604752388743,EXECUTE,SUCCESS,5568956,0,0.0
0,201,139,2.5873611073833525,EXECUTE,SUCCESS,5568959,0,0.0
0,202,140,2.551984521896637,EXECUTE,SUCCESS,5568962,0,0.0
0,203,141,2.5161105897793936,EXECUTE,SUCCESS,5568965,0,0.0
0,204,145,2.5121454973786865,EXECUTE,SUCCESS,5568966,0,0.0
0,205,147,2.4857594412975703,EXECUTE,SUCCESS,5568968,0,0.0
0,206,149,2.481745857254527,EXECUTE,SUCCESS,5568969,0,0.0
0,207,151,2.444841508155489,EXECUTE,SUCCESS,5568972,0,0.0
0,208,152,2.4407606396367516,EXECUTE,SUCCESS,5568973,0,0.0
0,209,153,2.4366729366084408,EXECUTE,SUCCESS,5568974,0,0.0
0,210,154,2.4325783646164414,EXECUTE,SUCCESS,5568975,0,0.0
0,211,155,2.428476888916178,EXECUTE,SUCCESS,5568976,0,0.0
0,212,158,2.424368474469176,EXECUTE,SUCCESS,5568977,0,0.0
0,213,159,2.4202530859395672,EXECUTE,SUCCESS,5568978,0,0.0
0,214,160,2.416130687690547,EXECUTE,SUCCESS,5568979,0,0.0
0,215,163,2.412001243780773,EXECUTE,SUCCESS,5568980,0,0.0
0,216,165,2.407864717960707,EXECUTE,SUCCESS,5568981,0,0.0
0,217,167,2.3698101189757788,EXECUTE,SUCCESS,5568984,0,0.0
0,218,168,2.331134380510912,EXECUTE,SUCCESS,5568987,0,0.0
0,219,169,2.291806056366898,EXECUTE,SUCCESS,5568990,0,0.0
0,220,171,2.287452185292622,EXECUTE,SUCCESS,5568991,0,0.0
0,221,174,2.283090011366173,EXECUTE,SUCCESS,5568992,0,0.0
0,222,176,2.278719486904869,EXECUTE,SUCCESS,5568993,0,0.0
0,223,182,2.238470459934638,EXECUTE,SUCCESS,5568996,0,0.0
0,224,183,2.2340126454431695,EXECUTE,SUCCESS,5568997,0,0.0
0,225,186,2.2295459178944905,EXECUTE,SUCCESS,5568998,0,0.0
0,226,189,2.225070223610928,EXECUTE,SUCCESS,5568999,0,0.0
0,227,191,2.2205855083738575,EXECUTE,SUCCESS,5569000,0,0.0
0,228,192,2.2160917174160417,EXECUTE,SUCCESS,5569001,0,0.0
0,229,193,2.2115887954138267,EXECUTE,SUCCESS,5569002,0,0.0
0,230,7,2.2070766864791946,EXECUTE,SUCCESS,5569003,0,0.0
0,231,15,2.093442141545828,EXECUTE,SUCCESS,5569008,0,0.0
0,232,16,2.0886748191137805,EXECUTE,SUCCESS,5569009,0,0.0
0,233,17,2.083896590524584,EXECUTE,SUCCESS,5569010,0,0.0
0,234,18,2.07910738058427,EXECUTE,SUCCESS,5569011,0,0.0
0,235,19,2.0743071132308213,EXECUTE,SUCCESS,5569012,0,0.0
0,236,20,2.0694957115200756,EXECUTE,SUCCESS,5569013,0,0.0
0,237,21,2.064673097611335,EXECUTE,SUCCESS,5569014,0,0.0
0,238,22,2.0598391927526736,EXECUTE,SUCCESS,5569015,0,0.0
0,239,23,2.0549939172659335,EXECUTE,SUCCESS,5569016,0,0.0
0,240,24,2.050137190531401,EXECUTE,SUCCESS,5569017,0,0.0
0,241,25,2.045268930972156,EXECUTE,SUCCESS,5569018,0,0.0
0,242,26,2.0403890560380846,EXECUTE,SUCCESS,5569019,0,0.0
0,243,27,2.0354974821895473,EXECUTE,SUCCESS,5569020,0,0.0
0,244,28,2.030594124880693,EXECUTE,SUCCESS,5569021,0,0.0
0,245,29,2.025678898542409,EXECUTE,SUCCESS,5569022,0,0.0
0,246,30,2.0207517165648996,EXECUTE,SUCCESS,5569023,0,0.0
0,247,31,2.0158124912798785,EXECUTE,SUCCESS,5569024,0,0.0
0,248,35,2.0000781234741805,EXECUTE,SUCCESS,5569029,0,0.0
0,249,36,2.0000156249389653,EXECUTE,SUCCESS,5569030,0,0.0
0,250,40,2.0000156249389653,EXECUTE,SUCCESS,5569031,0,0.0
0,251,41,2.0000156249389653,EXECUTE,SUCCESS,5569032,0,0.0
0,252,42,2.0000468744506965,EXECUTE,SUCCESS,5569035,0,0.0
0,253,44,2.0000156249389653,EXECUTE,SUCCESS,5569036,0,0.0
0,254,46,2.000031249755863,EXECUTE,SUCCESS,5569038,0,0.0
0,255,49,2.0000156249389653,EXECUTE,SUCCESS,5569039,0,0.0
0,256,51,2.0000156249389653,EXECUTE,SUCCESS,5569040,0,0.0
0,257,52,2.0000468744506965,EXECUTE,SUCCESS,5569043,0,0.0
0,258,54,2.0000468744506965,EXECUTE,SUCCESS,5569046,0,0.0
0,259,55,2.0000937478028376,EXECUTE,SUCCESS,5569052,0,0.0
0,260,56,2.0000937478028376,EXECUTE,SUCCESS,5569058,0,0.0
0,261,57,2.0000937478028376,EXECUTE,SUCCESS,5569064,0,0.0
0,262,58,2.0000937478028376,EXECUTE,SUCCESS,5569070,0,0.0
0,263,61,2.0000468744506965,EXECUTE,SUCCESS,5569073,0,0.0
0,264,62,2.0000468744506965,EXECUTE,SUCCESS,5569076,0,0.0
0,265,63,2.0000937478028376,EXECUTE,SUCCESS,5569082,0,0.0
0,266,64,2.0000937478028376,EXECUTE,SUCCESS,5569088,0,0.0
0,267,65,2.0000937478028376,EXECUTE,SUCCESS,5569094,0,0.0
0,268,66,2.0000937478028376,EXECUTE,SUCCESS,5569100,0,0.0
0,269,68,2.000031249755863,EXECUTE,SUCCESS,5569102,0,0.0
0,270,69,2.0000781234741805,EXECUTE,SUCCESS,5569107,0,0.0
0,271,70,2.0000937478028376,EXECUTE,SUCCESS,5569113,0,0.0
0,272,71,2.0000781234741805,EXECUTE,SUCCESS,5569118,0,0.0
0,273,72,2.0000781234741805,EXECUTE,SUCCESS,5569123,0,0.0
0,274,73,2.0000781234741805,EXECUTE,SUCCESS,5569128,0,0.0
0,275,76,2.0000468744506965,EXECUTE,SUCCESS,5569131,0,0.0
0,276,77,2.0000937478028376,EXECUTE,SUCCESS,5569137,0,0.0
0,277,78,2.0000937478028376,EXECUTE,SUCCESS,5569143,0,0.0
0,278,79,2.0000937478028376,EXECUTE,SUCCESS,5569149,0,0.0
0,279,80,2.0000937478028376,EXECUTE,SUCCESS,5569155,0,0.0
0,280,84,2.0000156249389653,EXECUTE,SUCCESS,5569156,0,0.0
0,281,86,2.0000156249389653,EXECUTE,SUCCESS,5569157,0,0.0
0,282,87,2.0000468744506965,EXECUTE,SUCCESS,5569160,0,0.0
0,283,88,2.0000937478028376,EXECUTE,SUCCESS,5569166,0,0.0
0,284,92,2.0000156249389653,EXECUTE,SUCCESS,5569167,0,0.0
0,285,94,2.0000156249389653,EXECUTE,SUCCESS,5569168,0,0.0
0,286,95,2.0000468744506965,EXECUTE,SUCCESS,5569171,0,0.0
0,287,96,2.0000781234741805,EXECUTE,SUCCESS,5569176,0,0.0
0,288,100,2.0000156249389653,EXECUTE,SUCCESS,5569177,0,0.0
0,289,102,2.0000156249389653,EXECUTE,SUCCESS,5569178,0,0.0
0,290,105,2.000031249755863,EXECUTE,SUCCESS,5569180,0,0.0
0,291,106,2.000031249755863,EXECUTE,SUCCESS,5569182,0,0.0
0,292,107,2.000031249755863,EXECUTE,SUCCESS,5569184,0,0.0
0,293,108,2.0,EXECUTE,CRASH,5569452,266,0.016625
0,185,117,2.9779397240374097,EXECUTE,SUCCESS,5649454,0,0.0
0,186,120,2.955714803562753,EXECUTE,SUCCESS,5649456,0,0.0
0,187,121,2.9333214961882383,EXECUTE,SUCCESS,5649458,0,0.0
0,188,122,2.910755915565578,EXECUTE,SUCCESS,5649460,0,0.0
0,189,123,2.8880140235116603,EXECUTE,SUCCESS,5649462,0,0.0
0,190,124,2.86509162157164,EXECUTE,SUCCESS,5649464,0,0.0
0,191,127,2.861610123689111,EXECUTE,SUCCESS,5649465,0,0.0
0,192,129,2.8581243849769744,EXECUTE,SUCCESS,5649466,0,0.0
0,193,130,2.8546343899000455,EXECUTE,SUCCESS,5649467,0,0.0
0,194,131,2.8226096081463345,EXECUTE,SUCCESS,5649470,0,0.0
0,195,132,2.790217285445706,EXECUTE,SUCCESS,5649473,0,0.0
0,196,133,2.7574444690691426,EXECUTE,SUCCESS,5649476,0,0.0
0,197,134,2.7242774271354975,EXECUTE,SUCCESS,5649479,0,0.0
0,198,135,2.690701581372413,EXECUTE,SUCCESS,5649482,0,0.0
0,199,136,2.656701432227567,EXECUTE,SUCCESS,5649485,0,0.0
0,200,138,2.6222604752388743,EXECUTE,SUCCESS,5649488,0,0.0
0,201,139,2.5873611073833525,EXECUTE,SUCCESS,5649491,0,0.0
0,202,140,2.551984521896637,EXECUTE,SUCCESS,5649494,0,0.0
0,203,141,2.5161105897793936,EXECUTE,SUCCESS,5649497,0,0.0
0,204,145,2.5121454973786865,EXECUTE,SUCCESS,5649498,0,0.0
0,205,147,2.0,EXECUTE,CRASH,5649548,48,0.003
0,185,117,2.9779397240374097,EXECUTE,SUCCESS,5729550,0,0.0
0,186,120,2.955714803562753,EXECUTE,SUCCESS,5729552,0,0.0
0,187,121,2.9333214961882383,EXECUTE,SUCCESS,5729554,0,0.0
0,188,122,2.910755915565578,EXECUTE,SUCCESS,5729556,0,0.0
0,189,123,2.8880140235116603,EXECUTE,SUCCESS,5729558,0,0.0
0,190,124,2.86509162157164,EXECUTE,SUCCESS,5729560,0,0.0
0,191,127,2.861610123689111,EXECUTE,SUCCESS,5729561,0,0.0
0,192,129,2.8581243849769744,EXECUTE,SUCCESS,5729562,0,0.0
0,193,130,2.8546343899000455,EXECUTE,SUCCESS,5729563,0,0.0
0,194,131,2.8226096081463345,EXECUTE,SUCCESS,5729566,0,0.0
0,195,132,2.790217285445706,EXECUTE,SUCCESS,5729569,0,0.0
0,196,133,2.7574444690691426,EXECUTE,SUCCESS,5729572,0,0.0
0,197,134,2.7242774271354975,EXECUTE,SUCCESS,5729575,0,0.0
0,198,135,2.690701581372413,EXECUTE,SUCCESS,5729578,0,0.0
0,199,136,2.656701432227567,EXECUTE,SUCCESS,5729581,0,0.0
0,200,138,2.6222604752388743,EXECUTE,SUCCESS,5729584,0,0.0
0,201,139,2.5873611073833525,EXECUTE,SUCCESS,5729587,0,0.0
0,202,140,2.551984521896637,EXECUTE,SUCCESS,5729590,0,0.0
0,203,141,2.5161105897793936,EXECUTE,SUCCESS,5729593,0,0.0
0,204,145,2.5121454973786865,EXECUTE,SUCCESS,5729594,0,0.0
0,205,147,2.0039960079800556,CHECKPOINT,SUCCESS,5729850,0,0.0
0,205,147,2.000031249755863,EXECUTE,SUCCESS,5729852,0,0.0
0,206,149,2.0000156249389653,EXECUTE,SUCCESS,5729853,0,0.0
0,207,151,2.0000468744506965,EXECUTE,SUCCESS,5729856,0,0.0
0,208,152,2.0000156249389653,EXECUTE,SUCCESS,5729857,0,0.0
0,209,153,2.0000156249389653,EXECUTE,SUCCESS,5729858,0,0.0
0,210,154,2.0000156249389653,EXECUTE,SUCCESS,5729859,0,0.0
0,211,155,2.0000156249389653,EXECUTE,SUCCESS,5729860,0,0.0
0,212,158,2.0,EXECUTE,CRASH,5729872,11,0.0006875
0,205,147,2.9779397240374097,EXECUTE,SUCCESS,5809874,0,0.0
0,206,149,2.974590307924774,EXECUTE,SUCCESS,5809875,0,0.0
0,207,151,2.9438707512389195,EXECUTE,SUCCESS,5809878,0,0.0
0,208,152,2.940482528429645,EXECUTE,SUCCESS,5809879,0,0.0
0,209,153,2.9370903969745292,EXECUTE,SUCCESS,5809880,0,0.0
0,210,154,2.933694343315267,EXECUTE,SUCCESS,5809881,0,0.0
0,211,155,2.930294353814987,EXECUTE,SUCCESS,5809882,0,0.0
0,212,158,2.926890414757613,EXECUTE,SUCCESS,5809883,0,0.0
0,213,159,2.9234825123472157,EXECUTE,SUCCESS,5809884,0,0.0
0,214,160,2.9200706327073642,EXECUTE,SUCCESS,5809885,0,0.0
0,215,163,2.916654761880464,EXECUTE,SUCCESS,5809886,0,0.0
0,216,165,2.913234885827091,EXECUTE,SUCCESS,5809887,0,0.0
0,217,167,2.8818613776516013,EXECUTE,SUCCESS,5809890,0,0.0
0,218,168,2.8501425402951313,EXECUTE,SUCCESS,5809893,0,0.0
0,219,169,2.8180667131918615,EXECUTE,SUCCESS,5809896,0,0.0
0,220,171,2.814527047302971,EXECUTE,SUCCESS,5809897,0,0.0
0,221,174,2.8109829241743856,EXECUTE,SUCCESS,5809898,0,0.0
0,222,176,2.807434326925561,EXECUTE,SUCCESS,5809899,0,0.0
0,223,182,2.774864861574339,EXECUTE,SUCCESS,5809902,0,0.0
0,224,183,2.771270015714812,EXECUTE,SUCCESS,5809903,0,0.0
0,225,186,2.7676705006196047,EXECUTE,SUCCESS,5809904,0,0.0
0,226,189,2.764066298047131,EXECUTE,SUCCESS,5809905,0,0.0
0,227,191,2.760457389636719,EXECUTE,SUCCESS,5809906,0,0.0
0,228,192,2.7568437569075197,EXECUTE,SUCCESS,5809907,0,0.0
0,229,193,2.753225381257402,EXECUTE,SUCCESS,5809908,0,0.0
0,230,7,2.7496022439618364,EXECUTE,SUCCESS,5809909,0,0.0
0,231,15,2.6592527145797873,EXECUTE,SUCCESS,5809914,0,0.0
0,232,16,2.0,EXECUTE,CRASH,5809958,43,0.0026875
0,205,147,2.9779397240374097,EXECUTE,SUCCESS,5889960,0,0.0
0,206,149,2.974590307924774,EXECUTE,SUCCESS,5889961,0,0.0
0,207,151,2.9438707512389195,EXECUTE,SUCCESS,5889964,0,0.0
0,208,152,2.940482528429645,EXECUTE,SUCCESS,5889965,0,0.0
0,209,153,2.9370903969745292,EXECUTE,SUCCESS,5889966,0,0.0
0,210,154,2.933694343315267,EXECUTE,SUCCESS,5889967,0,0.0
0,211,155,2.0,EXECUTE,CRASH,5889978,10,0.000625
0,205,147,2.9779397240374097,EXECUTE,SUCCESS,5969980,0,0.0
0,206,149,2.974590307924774,EXECUTE,SUCCESS,5969981,0,0.0
0,207,151,2.9438707512389195,EXECUTE,SUCCESS,5969984,0,0.0
0,208,152,2.940482528429645,EXECUTE,SUCCESS,5969985,0,0.0
0,209,153,2.9370903969745292,EXECUTE,SUCCESS,5969986,0,0.0
0,210,154,2.933694343315267,EXECUTE,SUCCESS,5969987,0,0.0
0,211,155,2.930294353814987,EXECUTE,SUCCESS,5969988,0,0.0
0,212,158,2.926890414757613,EXECUTE,SUCCESS,5969989,0,0.0
0,213,159,2.9234825123472157,EXECUTE,SUCCESS,5969990,0,0.0
0,214,160,2.9200706327073642,EXECUTE,SUCCESS,5969991,0,0.0
0,215,163,2.916654761880464,EXECUTE,SUCCESS,5969992,0,0.0
0,216,165,2.913234885827091,EXECUTE,SUCCESS,5969993,0,0.0
0,217,167,2.8818613776516013,EXECUTE,SUCCESS,5969996,0,0.0
0,218,168,2.8501425402951313,EXECUTE,SUCCESS,5969999,0,0.0
0,219,169,2.8180667131918615,EXECUTE,SUCCESS,5970002,0,0.0
0,220,171,2.814527047302971,EXECUTE,SUCCESS,5970003,0,0.0
0,221,174,2.8109829241743856,EXECUTE,SUCCESS,5970004,0,0.0
0,222,176,2.807434326925561,EXECUTE,SUCCESS,5970005,0,0.0
0,223,182,2.774864861574339,EXECUTE,SUCCESS,5970008,0,0.0
0,224,183,2.771270015714812,EXECUTE,SUCCESS,5970009,0,0.0
0,225,186,2.7676705006196047,EXECUTE,SUCCESS,5970010,0,0.0
0,226,189,2.764066298047131,EXECUTE,SUCCESS,5970011,0,0.0
0,227,191,2.0,EXECUTE,CRASH,5970046,34,0.002125
0,205,147,2.9779397240374097,EXECUTE,SUCCESS,6050048,0,0.0
0,206,149,2.974590307924774,EXECUTE,SUCCESS,6050049,0,0.0
0,207,151,2.9438707512389195,EXECUTE,SUCCESS,6050052,0,0.0
0,208,152,2.940482528429645,EXECUTE,SUCCESS,6050053,0,0.0
0,209,153,2.9370903969745292,EXECUTE,SUCCESS,6050054,0,0.0
0,210,154,2.933694343315267,EXECUTE,SUCCESS,6050055,0,0.0
0,211,155,2.930294353814987,EXECUTE,SUCCESS,6050056,0,0.0
0,212,158,2.926890414757613,EXECUTE,SUCCESS,6050057,0,0.0
0,213,159,2.9234825123472157,EXECUTE,SUCCESS,6050058,0,0.0
0,214,160,2.9200706327073642,EXECUTE,SUCCESS,6050059,0,0.0
0,215,163,2.916654761880464,EXECUTE,SUCCESS,6050060,0,0.0
0,216,165,2.913234885827091,EXECUTE,SUCCESS,6050061,0,0.0
0,217,167,2.8818613776516013,EXECUTE,SUCCESS,6050064,0,0.0
0,218,168,2.8501425402951313,EXECUTE,SUCCESS,6050067,0,0.0
0,219,169,2.8180667131918615,EXECUTE,SUCCESS,6050070,0,0.0
0,220,171,2.814527047302971,EXECUTE,SUCCESS,6050071,0,0.0
0,221,174,2.8109829241743856,EXECUTE,SUCCESS,6050072,0,0.0
0,222,176,2.807434326925561,EXECUTE,SUCCESS,6050073,0,0.0
0,223,182,2.774864861574339,EXECUTE,SUCCESS,6050076,0,0.0
0,224,183,2.771270015714812,EXECUTE,SUCCESS,6050077,0,0.0
0,225,186,2.7676705006196047,EXECUTE,SUCCESS,6050078,0,0.0
0,226,189,2.764066298047131,EXECUTE,SUCCESS,6050079,0,0.0
0,227,191,2.760457389636719,EXECUTE,SUCCESS,6050080,0,0.0
0,228,192,2.7568437569075197,EXECUTE,SUCCESS,6050081,0,0.0
0,229,193,2.753225381257402,EXECUTE,SUCCESS,6050082,0,0.0
0,230,7,2.7496022439618364,EXECUTE,SUCCESS,6050083,0,0.0
0,231,15,2.6592527145797873,EXECUTE,SUCCESS,6050088,0,0.0
0,232,16,2.655501365090963,EXECUTE,SUCCESS,6050089,0,0.0
0,233,17,2.65174470867766,EXECUTE,SUCCESS,6050090,0,0.0
0,234,18,2.6479827227532975,EXECUTE,SUCCESS,6050091,0,0.0
0,235,19,2.6442153845706224,EXECUTE,SUCCESS,6050092,0,0.0
0,236,20,2.640442671220105,EXECUTE,SUCCESS,6050093,0,0.0
0,237,21,2.6366645596283123,EXECUTE,SUCCESS,6050094,0,0.0
0,238,22,2.0,EXECUTE,CRASH,6050144,49,0.0030625
0,205,147,2.9779397240374097,EXECUTE,SUCCESS,6130146,0,0.0
0,206,149,2.974590307924774,EXECUTE,SUCCESS,6130147,0,0.0
0,207,151,2.9438707512389195,EXECUTE,SUCCESS,6130150,0,0.0
0,208,152,2.940482528429645,EXECUTE,SUCCESS,6130151,0,0.0
0,209,153,2.9370903969745292,EXECUTE,SUCCESS,6130152,0,0.0
0,210,154,2.933694343315267,EXECUTE,SUCCESS,6130153,0,0.0
0,211,155,2.930294353814987,EXECUTE,SUCCESS,6130154,0,0.0
0,212,158,2.926890414757613,EXECUTE,SUCCESS,6130155,0,0.0
0,213,159,2.9234825123472157,EXECUTE,SUCCESS,6130156,0,0.0
0,214,160,2.9200706327073642,EXECUTE,SUCCESS,6130157,0,0.0
0,215,163,2.916654761880464,EXECUTE,SUCCESS,6130158,0,0.0
0,216,165,2.913234885827091,EXECUTE,SUCCESS,6130159,0,0.0
0,217,167,2.8818613776516013,EXECUTE,SUCCESS,6130162,0,0.0
0,218,168,2.8501425402951313,EXECUTE,SUCCESS,6130165,0,0.0
0,219,169,2.8180667131918615,EXECUTE,SUCCESS,6130168,0,0.0
0,220,171,2.814527047302971,EXECUTE,SUCCESS,6130169,0,0.0
0,221,174,2.8109829241743856,EXECUTE,SUCCESS,6130170,0,0.0
0,222,176,2.807434326925561,EXECUTE,SUCCESS,6130171,0,0.0
0,223,182,2.774864861574339,EXECUTE,SUCCESS,6130174,0,0.0
0,224,183,2.771270015714812,EXECUTE,SUCCESS,6130175,0,0.0
0,225,186,2.7676705006196047,EXECUTE,SUCCESS,6130176,0,0.0
0,226,189,2.764066298047131,EXECUTE,SUCCESS,6130177,0,0.0
0,227,191,2.760457389636719,EXECUTE,SUCCESS,6130178,0,0.0
0,228,192,2.7568437569075197,EXECUTE,SUCCESS,6130179,0,0.0
0,229,193,2.753225381257402,EXECUTE,SUCCESS,6130180,0,0.0
0,230,7,2.7496022439618364,EXECUTE,SUCCESS,6130181,0,0.0
0,231,15,2.6592527145797873,EXECUTE,SUCCESS,6130186,0,0.0
0,232,16,2.655501365090963,EXECUTE,SUCCESS,6130187,0,0.0
0,233,17,2.65174470867766,EXECUTE,SUCCESS,6130188,0,0.0
0,234,18,2.6479827227532975,EXECUTE,SUCCESS,6130189,0,0.0
0,235,19,2.6442153845706224,EXECUTE,SUCCESS,6130190,0,0.0
0,236,20,2.640442671220105,EXECUTE,SUCCESS,6130191,0,0.0
0,237,21,2.6366645596283123,EXECUTE,SUCCESS,6130192,0,0.0
0,238,22,2.0039960079800556,CHECKPOINT,SUCCESS,6130448,0,0.0
0,238,22,2.0000156249389653,EXECUTE,SUCCESS,6130449,0,0.0
0,239,23,2.0000156249389653,EXECUTE,SUCCESS,6130450,0,0.0
0,240,24,2.0000156249389653,EXECUTE,SUCCESS,6130451,0,0.0
0,241,25,2.0000156249389653,EXECUTE,SUCCESS,6130452,0,0.0
0,242,26,2.0000156249389653,EXECUTE,SUCCESS,6130453,0,0.0
0,243,27,2.0000156249389653,EXECUTE,SUCCESS,6130454,0,0.0
0,244,28,2.0000156249389653,EXECUTE,SUCCESS,6130455,0,0.0
0,245,29,2.0000156249389653,EXECUTE,SUCCESS,6130456,0,0.0
0,246,30,2.0000156249389653,EXECUTE,SUCCESS,6130457,0,0.0
0,247,31,2.0000156249389653,EXECUTE,SUCCESS,6130458,0,0.0
0,248,35,2.0000781234741805,EXECUTE,SUCCESS,6130463,0,0.0
0,249,36,2.0000156249389653,EXECUTE,SUCCESS,6130464,0,0.0
0,250,40,2.0000156249389653,EXECUTE,SUCCESS,6130465,0,0.0
0,251,41,2.0000156249389653,EXECUTE,SUCCESS,6130466,0,0.0
0,252,42,2.0000468744506965,EXECUTE,SUCCESS,6130469,0,0.0
0,253,44,2.0000156249389653,EXECUTE,SUCCESS,6130470,0,0.0
0,254,46,2.000031249755863,EXECUTE,SUCCESS,6130472,0,0.0
0,255,49,2.0000156249389653,EXECUTE,SUCCESS,6130473,0,0.0
0,256,51,2.0000156249389653,EXECUTE,SUCCESS,6130474,0,0.0
0,257,52,2.0000468744506965,EXECUTE,SUCCESS,6130477,0,0.0
0,258,54,2.0000468744506965,EXECUTE,SUCCESS,6130480,0,0.0
0,259,55,2.0000937478028376,EXECUTE,SUCCESS,6130486,0,0.0
0,260,56,2.0000937478028376,EXECUTE,SUCCESS,6130492,0,0.0
0,261,57,2.0000937478028376,EXECUTE,SUCCESS,6130498,0,0.0
0,262,58,2.0000937478028376,EXECUTE,SUCCESS,6130504,0,0.0
0,263,61,2.0000468744506965,EXECUTE,SUCCESS,6130507,0,0.0
0,264,62,2.0000468744506965,EXECUTE,SUCCESS,6130510,0,0.0
0,265,63,2.0000937478028376,EXECUTE,SUCCESS,6130516,0,0.0
0,266,64,2.0000937478028376,EXECUTE,SUCCESS,6130522,0,0.0
0,267,65,2.0000937478028376,EXECUTE,SUCCESS,6130528,0,0.0
0,268,66,2.0000937478028376,EXECUTE,SUCCESS,6130534,0,0.0
0,269,68,2.000031249755863,EXECUTE,SUCCESS,6130536,0,0.0
0,270,69,2.0000781234741805,EXECUTE,SUCCESS,6130541,0,0.0
0,271,70,2.0000937478028376,EXECUTE,SUCCESS,6130547,0,0.0
0,272,71,2.0000781234741805,EXECUTE,SUCCESS,6130552,0,0.0
0,273,72,2.0000781234741805,EXECUTE,SUCCESS,6130557,0,0.0
0,274,73,2.0000781234741805,EXECUTE,SUCCESS,6130562,0,0.0
0,275,76,2.0000468744506965,EXECUTE,SUCCESS,6130565,0,0.0
0,276,77,2.0000937478028376,EXECUTE,SUCCESS,6130571,0,0.0
0,277,78,2.0000937478028376,EXECUTE,SUCCESS,6130577,0,0.0
0,278,79,2.0000937478028376,EXECUTE,SUCCESS,6130583,0,0.0
0,279,80,2.0000937478028376,EXECUTE,SUCCESS,6130589,0,0.0
0,280,84,2.0000156249389653,EXECUTE,SUCCESS,6130590,0,0.0
0,281,86,2.0000156249389653,EXECUTE,SUCCESS,6130591,0,0.0
0,282,87,2.0000468744506965,EXECUTE,SUCCESS,6130594,0,0.0
0,283,88,2.0000937478028376,EXECUTE,SUCCESS,6130600,0,0.0
0,284,92,2.0000156249389653,EXECUTE,SUCCESS,6130601,0,0.0
0,285,94,2.0000156249389653,EXECUTE,SUCCESS,6130602,0,0.0
0,286,95,2.0000468744506965,EXECUTE,SUCCESS,6130605,0,0.0
0,287,96,2.0000781234741805,EXECUTE,SUCCESS,6130610,0,0.0
0,288,100,2.0000156249389653,EXECUTE,SUCCESS,6130611,0,0.0
0,289,102,2.0000156249389653,EXECUTE,SUCCESS,6130612,0,0.0
0,290,105,2.0,EXECUTE,CRASH,6130780,166,0.010375
0,238,22,2.996675240996262,EXECUTE,SUCCESS,6210781,0,0.0
0,239,23,2.993346789130855,EXECUTE,SUCCESS,6210782,0,0.0
0,240,24,2.990014632071221,EXECUTE,SUCCESS,6210783,0,0.0
0,241,25,2.9866787574160027,EXECUTE,SUCCESS,6210784,0,0.0
0,242,26,2.98333915269451,EXECUTE,SUCCESS,6210785,0,0.0
0,243,27,2.979995805366175,EXECUTE,SUCCESS,6210786,0,0.0
0,244,28,2.9766487028200013,EXECUTE,SUCCESS,6210787,0,0.0
0,245,29,2.9732978323740116,EXECUTE,SUCCESS,6210788,0,0.0
0,246,30,2.969943181274685,EXECUTE,SUCCESS,6210789,0,0.0
0,247,31,2.0,EXECUTE,CRASH,6210800,10,0.000625
0,238,22,2.996675240996262,EXECUTE,SUCCESS,6290801,0,0.0
0,239,23,2.993346789130855,EXECUTE,SUCCESS,6290802,0,0.0
0,240,24,2.990014632071221,EXECUTE,SUCCESS,6290803,0,0.0
0,241,25,2.9866787574160027,EXECUTE,SUCCESS,6290804,0,0.0
0,242,26,2.98333915269451,EXECUTE,SUCCESS,6290805,0,0.0
0,243,27,2.979995805366175,EXECUTE,SUCCESS,6290806,0,0.0
0,244,28,2.9766487028200013,EXECUTE,SUCCESS,6290807,0,0.0
0,245,29,2.9732978323740116,EXECUTE,SUCCESS,6290808,0,0.0
0,246,30,2.969943181274685,EXECUTE,SUCCESS,6290809,0,0.0
0,247,31,2.966584736696391,EXECUTE,SUCCESS,6290810,0,0.0
0,248,35,2.8830430971457917,EXECUTE,SUCCESS,6290815,0,0.0
0,249,36,2.879583303188154,EXECUTE,SUCCESS,6290816,0,0.0
0,250,40,2.876119347315058,EXECUTE,SUCCESS,6290817,0,0.0
0,251,41,2.8726512144707015,EXECUTE,SUCCESS,6290818,0,0.0
0,252,42,2.832986498379404,EXECUTE,SUCCESS,6290821,0,0.0
0,253,44,2.829465497227347,EXECUTE,SUCCESS,6290822,0,0.0
0,254,46,2.8170906978654418,EXECUTE,SUCCESS,6290824,0,0.0
0,255,49,2.8135498040731393,EXECUTE,SUCCESS,6290825,0,0.0
0,256,51,2.810004448395056,EXECUTE,SUCCESS,6290826,0,0.0
0,257,52,2.7694426334553315,EXECUTE,SUCCESS,6290829,0,0.0
0,258,54,2.7364210202379318,EXECUTE,SUCCESS,6290832,0,0.0
0,259,55,2.636166724621188,EXECUTE,SUCCESS,6290838,0,0.0
0,260,56,2.5319458919969047,EXECUTE,SUCCESS,6290844,0,0.0
0,261,57,2.423246788917712,EXECUTE,SUCCESS,6290850,0,0.0
0,262,58,2.309437160868423,EXECUTE,SUCCESS,6290856,0,0.0
0,263,61,2.269732913802856,EXECUTE,SUCCESS,6290859,0,0.0
0,264,62,2.2293216457030156,EXECUTE,SUCCESS,6290862,0,0.0
0,265,63,2.1050534435020887,EXECUTE,SUCCESS,6290868,0,0.0
0,266,64,2.0000937478028376,EXECUTE,SUCCESS,6290874,0,0.0
0,267,65,2.0000937478028376,EXECUTE,SUCCESS,6290880,0,0.0
0,268,66,2.0000937478028376,EXECUTE,SUCCESS,6290886,0,0.0
0,269,68,2.000031249755863,EXECUTE,SUCCESS,6290888,0,0.0
0,270,69,2.0,EXECUTE,CRASH,6290986,93,0.0058125
0,238,22,2.996675240996262,EXECUTE,SUCCESS,6370987,0,0.0
0,239,23,2.993346789130855,EXECUTE,SUCCESS,6370988,0,0.0
0,240,24,2.990014632071221,EXECUTE,SUCCESS,6370989,0,0.0
0,241,25,2.9866787574160027,EXECUTE,SUCCESS,6370990,0,0.0
0,242,26,2.98333915269451,EXECUTE,SUCCESS,6370991,0,0.0
0,243,27,2.979995805366175,EXECUTE,SUCCESS,6370992,0,0.0
0,244,28,2.9766487028200013,EXECUTE,SUCCESS,6370993,0,0.0
0,245,29,2.9732978323740116,EXECUTE,SUCCESS,6370994,0,0.0
0,246,30,2.969943181274685,EXECUTE,SUCCESS,6370995,0,0.0
0,247,31,2.966584736696391,EXECUTE,SUCCESS,6370996,0,0.0
0,248,35,2.8830430971457917,EXECUTE,SUCCESS,6371001,0,0.0
0,249,36,2.879583303188154,EXECUTE,SUCCESS,6371002,0,0.0
0,250,40,2.876119347315058,EXECUTE,SUCCESS,6371003,0,0.0
0,251,41,2.8726512144707015,EXECUTE,SUCCESS,6371004,0,0.0
0,252,42,2.832986498379404,EXECUTE,SUCCESS,6371007,0,0.0
0,253,44,2.829465497227347,EXECUTE,SUCCESS,6371008,0,0.0
0,254,46,2.8170906978654418,EXECUTE,SUCCESS,6371010,0,0.0
0,255,49,2.8135498040731393,EXECUTE,SUCCESS,6371011,0,0.0
0,256,51,2.810004448395056,EXECUTE,SUCCESS,6371012,0,0.0
0,257,52,2.7694426334553315,EXECUTE,SUCCESS,6371015,0,0.0
0,258,54,2.7364210202379318,EXECUTE,SUCCESS,6371018,0,0.0
0,259,55,2.636166724621188,EXECUTE,SUCCESS,6371024,0,0.0
0,260,56,2.5319458919969047,EXECUTE,SUCCESS,6371030,0,0.0
0,261,57,2.423246788917712,EXECUTE,SUCCESS,6371036,0,0.0
0,262,58,2.309437160868423,EXECUTE,SUCCESS,6371042,0,0.0
0,263,61,2.269732913802856,EXECUTE,SUCCESS,6371045,0,0.0
0,264,62,2.2293216457030156,EXECUTE,SUCCESS,6371048,0,0.0
0,265,63,2.1050534435020887,EXECUTE,SUCCESS,6371054,0,0.0
0,266,64,2.0000937478028376,EXECUTE,SUCCESS,6371060,0,0.0
0,267,65,2.0000937478028376,EXECUTE,SUCCESS,6371066,0,0.0
0,268,66,2.0000937478028376,EXECUTE,SUCCESS,6371072,0,0.0
0,269,68,2.000031249755863,EXECUTE,SUCCESS,6371074,0,0.0
0,270,69,2.0000781234741805,EXECUTE,SUCCESS,6371079,0,0.0
0,271,70,2.0000937478028376,EXECUTE,SUCCESS,6371085,0,0.0
0,272,71,2.0000781234741805,EXECUTE,SUCCESS,6371090,0,0.0
0,273,72,2.0000781234741805,EXECUTE,SUCCESS,6371095,0,0.0
0,274,73,2.0000781234741805,EXECUTE,SUCCESS,6371100,0,0.0
0,275,76,2.0000468744506965,EXECUTE,SUCCESS,6371103,0,0.0
0,276,77,2.0000937478028376,EXECUTE,SUCCESS,6371109,0,0.0
0,277,78,2.0000937478028376,EXECUTE,SUCCESS,6371115,0,0.0
0,278,79,2.0000937478028376,EXECUTE,SUCCESS,6371121,0,0.0
0,279,80,2.0000937478028376,EXECUTE,SUCCESS,6371127,0,0.0
0,280,84,2.0000156249389653,EXECUTE,SUCCESS,6371128,0,0.0
0,281,86,2.0000156249389653,EXECUTE,SUCCESS,6371129,0,0.0
0,282,87,2.0000468744506965,EXECUTE,SUCCESS,6371132,0,0.0
0,283,88,2.0000937478028376,EXECUTE,SUCCESS,6371138,0,0.0
0,284,92,2.0000156249389653,EXECUTE,SUCCESS,6371139,0,0.0
0,285,94,2.0000156249389653,EXECUTE,SUCCESS,6371140,0,0.0
0,286,95,2.0000468744506965,EXECUTE,SUCCESS,6371143,0,0.0
0,287,96,2.0000781234741805,EXECUTE,SUCCESS,6371148,0,0.0
0,288,100,2.0000156249389653,EXECUTE,SUCCESS,6371149,0,0.0
0,289,102,2.0000156249389653,EXECUTE,SUCCESS,6371150,0,0.0
0,290,105,2.000031249755863,EXECUTE,SUCCESS,6371152,0,0.0
0,291,106,2.000031249755863,EXECUTE,SUCCESS,6371154,0,0.0
0,292,107,2.000031249755863,EXECUTE,SUCCESS,6371156,0,0.0
0,293,108,2.000031249755863,EXECUTE,SUCCESS,6371158,0,0.0
0,294,109,2.000031249755863,EXECUTE,SUCCESS,6371160,0,0.0
0,295,112,2.000031249755863,EXECUTE,SUCCESS,6371162,0,0.0
0,296,113,2.000031249755863,EXECUTE,SUCCESS,6371164,0,0.0
0,297,114,2.000031249755863,EXECUTE,SUCCESS,6371166,0,0.0
0,298,115,2.000031249755863,EXECUTE,SUCCESS,6371168,0,0.0
0,299,116,2.000031249755863,EXECUTE,SUCCESS,6371170,0,0.0
0,300,117,2.000031249755863,EXECUTE,SUCCESS,6371172,0,0.0
0,301,120,2.000031249755863,EXECUTE,SUCCESS,6371174,0,0.0
0,302,121,2.000031249755863,EXECUTE,SUCCESS,6371176,0,0.0
0,303,122,2.000031249755863,EXECUTE,SUCCESS,6371178,0,0.0
0,304,123,2.000031249755863,EXECUTE,SUCCESS,6371180,0,0.0
0,305,124,2.000031249755863,EXECUTE,SUCCESS,6371182,0,0.0
0,306,127,2.0000156249389653,EXECUTE,SUCCESS,6371183,0,0.0
0,307,129,2.0000156249389653,EXECUTE,SUCCESS,6371184,0,0.0
0,308,130,2.0000156249389653,EXECUTE,SUCCESS,6371185,0,0.0
0,309,131,2.0,EXECUTE,CRASH,6371390,202,0.012625
0,238,22,2.996675240996262,EXECUTE,SUCCESS,6451391,0,0.0
0,239,23,2.993346789130855,EXECUTE,SUCCESS,6451392,0,0.0
0,240,24,2.990014632071221,EXECUTE,SUCCESS,6451393,0,0.0
0,241,25,2.9866787574160027,EXECUTE,SUCCESS,6451394,0,0.0
0,242,26,2.98333915269451,EXECUTE,SUCCESS,6451395,0,0.0
0,243,27,2.979995805366175,EXECUTE,SUCCESS,6451396,0,0.0
0,244,28,2.9766487028200013,EXECUTE,SUCCESS,6451397,0,0.0
0,245,29,2.9732978323740116,EXECUTE,SUCCESS,6451398,0,0.0
0,246,30,2.969943181274685,EXECUTE,SUCCESS,6451399,0,0.0
0,247,31,2.966584736696391,EXECUTE,SUCCESS,6451400,0,0.0
0,248,35,2.8830430971457917,EXECUTE,SUCCESS,6451405,0,0.0
0,249,36,2.879583303188154,EXECUTE,SUCCESS,6451406,0,0.0
0,250,40,2.876119347315058,EXECUTE,SUCCESS,6451407,0,0.0
0,251,41,2.8726512144707015,EXECUTE,SUCCESS,6451408,0,0.0
0,252,42,2.832986498379404,EXECUTE,SUCCESS,6451411,0,0.0
0,253,44,2.829465497227347,EXECUTE,SUCCESS,6451412,0,0.0
0,254,46,2.8170906978654418,EXECUTE,SUCCESS,6451414,0,0.0
0,255,49,2.8135498040731393,EXECUTE,SUCCESS,6451415,0,0.0
0,256,51,2.810004448395056,EXECUTE,SUCCESS,6451416,0,0.0
0,257,52,2.7694426334553315,EXECUTE,SUCCESS,6451419,0,0.0
0,258,54,2.7364210202379318,EXECUTE,SUCCESS,6451422,0,0.0
0,259,55,2.636166724621188,EXECUTE,SUCCESS,6451428,0,0.0
0,260,56,2.5319458919969047,EXECUTE,SUCCESS,6451434,0,0.0
0,261,57,2.423246788917712,EXECUTE,SUCCESS,6451440,0,0.0
0,262,58,2.309437160868423,EXECUTE,SUCCESS,6451446,0,0.0
0,263,61,2.269732913802856,EXECUTE,SUCCESS,6451449,0,0.0
0,264,62,2.2293216457030156,EXECUTE,SUCCESS,6451452,0,0.0
0,265,63,2.1050534435020887,EXECUTE,SUCCESS,6451458,0,0.0
0,266,64,2.0000937478028376,EXECUTE,SUCCESS,6451464,0,0.0
0,267,65,2.0000937478028376,EXECUTE,SUCCESS,6451470,0,0.0
0,268,66,2.0000937478028376,EXECUTE,SUCCESS,6451476,0,0.0
0,269,68,2.000031249755863,EXECUTE,SUCCESS,6451478,0,0.0
0,270,69,2.0000781234741805,EXECUTE,SUCCESS,6451483,0,0.0
0,271,70,2.0000937478028376,EXECUTE,SUCCESS,6451489,0,0.0
0,272,71,2.0000781234741805,EXECUTE,SUCCESS,6451494,0,0.0
0,273,72,2.0000781234741805,EXECUTE,SUCCESS,6451499,0,0.0
0,274,73,2.0000781234741805,EXECUTE,SUCCESS,6451504,0,0.0
0,275,76,2.0000468744506965,EXECUTE,SUCCESS,6451507,0,0.0
0,276,77,2.0000937478028376,EXECUTE,SUCCESS,6451513,0,0.0
0,277,78,2.0000937478028376,EXECUTE,SUCCESS,6451519,0,0.0
0,278,79,2.0000937478028376,EXECUTE,SUCCESS,6451525,0,0.0
0,279,80,2.0000937478028376,EXECUTE,SUCCESS,6451531,0,0.0
0,280,84,2.0000156249389653,EXECUTE,SUCCESS,6451532,0,0.0
0,281,86,2.0000156249389653,EXECUTE,SUCCESS,6451533,0,0.0
0,282,87,2.0,EXECUTE,CRASH,6451682,146,0.009125
0,238,22,2.996675240996262,EXECUTE,SUCCESS,6531683,0,0.0
0,239,23,2.993346789130855,EXECUTE,SUCCESS,6531684,0,0.0
0,240,24,2.990014632071221,EXECUTE,SUCCESS,6531685,0,0.0
0,241,25,2.9866787574160027,EXECUTE,SUCCESS,6531686,0,0.0
0,242,26,2.98333915269451,EXECUTE,SUCCESS,6531687,0,0.0
0,243,27,2.979995805366175,EXECUTE,SUCCESS,6531688,0,0.0
0,244,28,2.9766487028200013,EXECUTE,SUCCESS,6531689,0,0.0
0,245,29,2.9732978323740116,EXECUTE,SUCCESS,6531690,0,0.0
0,246,30,2.969943181274685,EXECUTE,SUCCESS,6531691,0,0.0
0,247,31,2.966584736696391,EXECUTE,SUCCESS,6531692,0,0.0
0,248,35,2.8830430971457917,EXECUTE,SUCCESS,6531697,0,0.0
0,249,36,2.879583303188154,EXECUTE,SUCCESS,6531698,0,0.0
0,250,40,2.876119347315058,EXECUTE,SUCCESS,6531699,0,0.0
0,251,41,2.8726512144707015,EXECUTE,SUCCESS,6531700,0,0.0
0,252,42,2.832986498379404,EXECUTE,SUCCESS,6531703,0,0.0
0,253,44,2.829465497227347,EXECUTE,SUCCESS,6531704,0,0.0
0,254,46,2.8170906978654418,EXECUTE,SUCCESS,6531706,0,0.0
0,255,49,2.8135498040731393,EXECUTE,SUCCESS,6531707,0,0.0
0,256,51,2.810004448395056,EXECUTE,SUCCESS,6531708,0,0.0
0,257,52,2.7694426334553315,EXECUTE,SUCCESS,6531711,0,0.0
0,258,54,2.7364210202379318,EXECUTE,SUCCESS,6531714,0,0.0
0,259,55,2.636166724621188,EXECUTE,SUCCESS,6531720,0,0.0
0,260,56,2.5319458919969047,EXECUTE,SUCCESS,6531726,0,0.0
0,261,57,2.423246788917712,EXECUTE,SUCCESS,6531732,0,0.0
0,262,58,2.309437160868423,EXECUTE,SUCCESS,6531738,0,0.0
0,263,61,2.269732913802856,EXECUTE,SUCCESS,6531741,0,0.0
0,264,62,2.2293216457030156,EXECUTE,SUCCESS,6531744,0,0.0
0,265,63,2.1050534435020887,EXECUTE,SUCCESS,6531750,0,0.0
0,266,64,2.0000937478028376,EXECUTE,SUCCESS,6531756,0,0.0
0,267,65,2.0000937478028376,EXECUTE,SUCCESS,6531762,0,0.0
0,268,66,2.0000937478028376,EXECUTE,SUCCESS,6531768,0,0.0
0,269,68,2.000031249755863,EXECUTE,SUCCESS,6531770,0,0.0
0,270,69,2.0000781234741805,EXECUTE,SUCCESS,6531775,0,0.0
0,271,70,2.0000937478028376,EXECUTE,SUCCESS,6531781,0,0.0
0,272,71,2.0000781234741805,EXECUTE,SUCCESS,6531786,0,0.0
0,273,72,2.0000781234741805,EXECUTE,SUCCESS,6531791,0,0.0
0,274,73,2.0000781234741805,EXECUTE,SUCCESS,6531796,0,0.0
0,275,76,2.0000468744506965,EXECUTE,SUCCESS,6531799,0,0.0
0,276,77,2.0000937478028376,EXECUTE,SUCCESS,6531805,0,0.0
0,277,78,2.0000937478028376,EXECUTE,SUCCESS,6531811,0,0.0
0,278,79,2.0000937478028376,EXECUTE,SUCCESS,6531817,0,0.0
0,279,80,2.0000937478028376,EXECUTE,SUCCESS,6531823,0,0.0
0,280,84,2.0000156249389653,EXECUTE,SUCCESS,6531824,0,0.0
0,281,86,2.0000156249389653,EXECUTE,SUCCESS,6531825,0,0.0
0,282,87,2.0000468744506965,EXECUTE,SUCCESS,6531828,0,0.0
0,283,88,2.0000937478028376,EXECUTE,SUCCESS,6531834,0,0.0
0,284,92,2.0000156249389653,EXECUTE,SUCCESS,6531835,0,0.0
0,285,94,2.0000156249389653,EXECUTE,SUCCESS,6531836,0,0.0
0,286,95,2.0000468744506965,EXECUTE,SUCCESS,6531839,0,0.0
0,287,96,2.0000781234741805,EXECUTE,SUCCESS,6531844,0,0.0
0,288,100,2.0000156249389653,EXECUTE,SUCCESS,6531845,0,0.0
0,289,102,2.0000156249389653,EXECUTE,SUCCESS,6531846,0,0.0
0,290,105,2.000031249755863,EXECUTE,SUCCESS,6531848,0,0.0
0,291,106,2.000031249755863,EXECUTE,SUCCESS,6531850,0,0.0
0,292,107,2.000031249755863,EXECUTE,SUCCESS,6531852,0,0.0
0,293,108,2.000031249755863,EXECUTE,SUCCESS,6531854,0,0.0
0,294,109,2.000031249755863,EXECUTE,SUCCESS,6531856,0,0.0
0,295,112,2.000031249755863,EXECUTE,SUCCESS,6531858,0,0.0
0,296,113,2.000031249755863,EXECUTE,SUCCESS,6531860,0,0.0
0,297,114,2.000031249755863,EXECUTE,SUCCESS,6531862,0,0.0
0,298,115,2.000031249755863,EXECUTE,SUCCESS,6531864,0,0.0
0,299,116,2.000031249755863,EXECUTE,SUCCESS,6531866,0,0.0
0,300,117,2.000031249755863,EXECUTE,SUCCESS,6531868,0,0.0
0,301,120,2.000031249755863,EXECUTE,SUCCESS,6531870,0,0.0
0,302,121,2.000031249755863,EXECUTE,SUCCESS,6531872,0,0.0
0,303,122,2.000031249755863,EXECUTE,SUCCESS,6531874,0,0.0
0,304,123,2.000031249755863,EXECUTE,SUCCESS,6531876,0,0.0
0,305,124,2.000031249755863,EXECUTE,SUCCESS,6531878,0,0.0
0,306,127,2.0000156249389653,EXECUTE,SUCCESS,6531879,0,0.0
0,307,129,2.0000156249389653,EXECUTE,SUCCESS,6531880,0,0.0
0,308,130,2.0000156249389653,EXECUTE,SUCCESS,6531881,0,0.0
0,309,131,2.0000468744506965,EXECUTE,SUCCESS,6531884,0,0.0
0,310,132,2.0000468744506965,EXECUTE,SUCCESS,6531887,0,0.0
0,311,133,2.0000468744506965,EXECUTE,SUCCESS,6531890,0,0.0
0,312,134,2.0000468744506965,EXECUTE,SUCCESS,6531893,0,0.0
0,313,135,2.0000468744506965,EXECUTE,SUCCESS,6531896,0,0.0
0,314,136,2.0000468744506965,EXECUTE,SUCCESS,6531899,0,0.0
0,315,138,2.0000468744506965,EXECUTE,SUCCESS,6531902,0,0.0
0,316,139,2.0000468744506965,EXECUTE,SUCCESS,6531905,0,0.0
0,317,140,2.0000468744506965,EXECUTE,SUCCESS,6531908,0,0.0
0,318,141,2.0000468744506965,EXECUTE,SUCCESS,6531911,0,0.0
0,319,145,2.0000156249389653,EXECUTE,SUCCESS,6531912,0,0.0
0,320,147,2.000031249755863,EXECUTE,SUCCESS,6531914,0,0.0
0,321,149,2.0000156249389653,EXECUTE,SUCCESS,6531915,0,0.0
0,322,151,2.0000468744506965,EXECUTE,SUCCESS,6531918,0,0.0
0,323,152,2.0000156249389653,EXECUTE,SUCCESS,6531919,0,0.0
0,324,153,2.0000156249389653,EXECUTE,SUCCESS,6531920,0,0.0
0,325,154,2.0000156249389653,EXECUTE,SUCCESS,6531921,0,0.0
0,326,155,2.0000156249389653,EXECUTE,SUCCESS,6531922,0,0.0
0,327,158,2.0000156249389653,EXECUTE,SUCCESS,6531923,0,0.0
0,328,159,2.0000156249389653,EXECUTE,SUCCESS,6531924,0,0.0
0,329,160,2.0000156249389653,EXECUTE,SUCCESS,6531925,0,0.0
0,330,163,2.0000156249389653,EXECUTE,SUCCESS,6531926,0,0.0
0,331,165,2.0000156249389653,EXECUTE,SUCCESS,6531927,0,0.0
0,332,167,2.0000468744506965,EXECUTE,SUCCESS,6531930,0,0.0
0,333,168,2.0000468744506965,EXECUTE,SUCCESS,6531933,0,0.0
0,334,169,2.0000468744506965,EXECUTE,SUCCESS,6531936,0,0.0
0,335,171,2.0000156249389653,EXECUTE,SUCCESS,6531937,0,0.0
0,336,174,2.0000156249389653,EXECUTE,SUCCESS,6531938,0,0.0
0,337,176,2.0000156249389653,EXECUTE,SUCCESS,6531939,0,0.0
0,338,182,2.0000468744506965,EXECUTE,SUCCESS,6531942,0,0.0
0,339,183,2.0000156249389653,EXECUTE,SUCCESS,6531943,0,0.0
0,340,186,2.0000156249389653,EXECUTE,SUCCESS,6531944,0,0.0
0,341,189,2.0000156249389653,EXECUTE,SUCCESS,6531945,0,0.0
0,342,191,2.0000156249389653,EXECUTE,SUCCESS,6531946,0,0.0
0,343,192,2.0000156249389653,EXECUTE,SUCCESS,6531947,0,0.0
0,344,193,2.0000156249389653,EXECUTE,SUCCESS,6531948,0,0.0
0,345,7,2.0000156249389653,EXECUTE,SUCCESS,6531949,0,0.0
0,346,15,2.0000781234741805,EXECUTE,SUCCESS,6531954,0,0.0
0,347,16,2.0000156249389653,EXECUTE,SUCCESS,6531955,0,0.0
0,348,17,2.0000156249389653,EXECUTE,SUCCESS,6531956,0,0.0
0,349,18,2.0000156249389653,EXECUTE,SUCCESS,6531957,0,0.0
0,350,19,2.0000156249389653,EXECUTE,SUCCESS,6531958,0,0.0
0,351,20,2.0000156249389653,EXECUTE,SUCCESS,6531959,0,0.0
0,352,21,2.0000156249389653,EXECUTE,SUCCESS,6531960,0,0.0
0,353,22,2.0000156249389653,EXECUTE,SUCCESS,6531961,0,0.0
0,354,23,2.0000156249389653,EXECUTE,SUCCESS,6531962,0,0.0
0,355,24,2.0000156249389653,EXECUTE,SUCCESS,6531963,0,0.0
0,356,25,2.0000156249389653,EXECUTE,SUCCESS,6531964,0,0.0
0,357,26,2.0000156249389653,EXECUTE,SUCCESS,6531965,0,0.0
0,358,27,2.0000156249389653,EXECUTE,SUCCESS,6531966,0,0.0
0,359,28,2.0000156249389653,EXECUTE,SUCCESS,6531967,0,0.0
0,360,29,2.0000156249389653,EXECUTE,SUCCESS,6531968,0,0.0
0,361,30,2.0000156249389653,EXECUTE,SUCCESS,6531969,0,0.0
0,362,31,2.0000156249389653,EXECUTE,SUCCESS,6531970,0,0.0
0,363,35,2.0000781234741805,EXECUTE,SUCCESS,6531975,0,0.0
0,364,36,2.0000156249389653,EXECUTE,SUCCESS,6531976,0,0.0
0,365,40,2.0000156249389653,EXECUTE,SUCCESS,6531977,0,0.0
0,366,41,2.0000156249389653,EXECUTE,SUCCESS,6531978,0,0.0
0,367,42,2.0000468744506965,EXECUTE,SUCCESS,6531981,0,0.0
0,368,44,2.0000156249389653,EXECUTE,SUCCESS,6531982,0,0.0
0,369,46,2.000031249755863,EXECUTE,SUCCESS,6531984,0,0.0
0,370,49,2.0000156249389653,EXECUTE,SUCCESS,6531985,0,0.0
0,371,51,2.0000156249389653,EXECUTE,SUCCESS,6531986,0,0.0
0,372,52,2.0000468744506965,EXECUTE,SUCCESS,6531989,0,0.0
0,373,54,2.0000468744506965,EXECUTE,SUCCESS,6531992,0,0.0
0,374,55,2.0000937478028376,EXECUTE,SUCCESS,6531998,0,0.0
0,375,56,2.0000937478028376,EXECUTE,SUCCESS,6532004,0,0.0
0,376,57,2.0000937478028376,EXECUTE,SUCCESS,6532010,0,0.0
0,377,58,2.0000937478028376,EXECUTE,SUCCESS,6532016,0,0.0
0,378,61,2.0000468744506965,EXECUTE,SUCCESS,6532019,0,0.0
0,379,62,2.0000468744506965,EXECUTE,SUCCESS,6532022,0,0.0
0,380,63,2.0000937478028376,EXECUTE,SUCCESS,6532028,0,0.0
0,381,64,2.0000937478028376,EXECUTE,SUCCESS,6532034,0,0.0
0,382,65,2.0000937478028376,EXECUTE,SUCCESS,6532040,0,0.0
0,383,66,2.0000937478028376,EXECUTE,SUCCESS,6532046,0,0.0
0,384,68,2.000031249755863,EXECUTE,SUCCESS,6532048,0,0.0
0,385,69,2.0000781234741805,EXECUTE,SUCCESS,6532053,0,0.0
0,386,70,2.0000937478028376,EXECUTE,SUCCESS,6532059,0,0.0
0,387,71,2.0000781234741805,EXECUTE,SUCCESS,6532064,0,0.0
0,388,72,2.0000781234741805,EXECUTE,SUCCESS,6532069,0,0.0
0,389,73,2.0000781234741805,EXECUTE,SUCCESS,6532074,0,0.0
0,390,76,2.0000468744506965,EXECUTE,SUCCESS,6532077,0,0.0
0,391,77,2.0000937478028376,EXECUTE,SUCCESS,6532083,0,0.0
0,392,78,2.0000937478028376,EXECUTE,SUCCESS,6532089,0,0.0
0,393,79,2.0000937478028376,EXECUTE,SUCCESS,6532095,0,0.0
0,394,80,2.0000937478028376,EXECUTE,SUCCESS,6532101,0,0.0
0,395,84,2.0000156249389653,EXECUTE,SUCCESS,6532102,0,0.0
0,396,86,2.0000156249389653,EXECUTE,SUCCESS,6532103,0,0.0
0,397,87,2.0000468744506965,EXECUTE,SUCCESS,6532106,0,0.0
0,398,88,2.0000937478028376,EXECUTE,SUCCESS,6532112,0,0.0
0,399,92,2.0000156249389653,EXECUTE,SUCCESS,6532113,0,0.0
0,400,94,2.0000156249389653,EXECUTE,SUCCESS,6532114,0,0.0
0,401,95,2.0000468744506965,EXECUTE,SUCCESS,6532117,0,0.0
0,402,96,2.0000781234741805,EXECUTE,SUCCESS,6532122,0,0.0
0,403,100,2.0000156249389653,EXECUTE,SUCCESS,6532123,0,0.0
0,404,102,2.0000156249389653,EXECUTE,SUCCESS,6532124,0,0.0
0,405,105,2.000031249755863,EXECUTE,SUCCESS,6532126,0,0.0
0,406,106,2.000031249755863,EXECUTE,SUCCESS,6532128,0,0.0
0,407,107,2.000031249755863,EXECUTE,SUCCESS,6532130,0,0.0
0,408,108,2.000031249755863,EXECUTE,SUCCESS,6532132,0,0.0
0,409,109,2.000031249755863,EXECUTE,SUCCESS,6532134,0,0.0
0,410,112,2.000031249755863,EXECUTE,SUCCESS,6532136,0,0.0
0,411,113,2.000031249755863,EXECUTE,SUCCESS,6532138,0,0.0
0,412,114,2.000031249755863,EXECUTE,SUCCESS,6532140,0,0.0
0,413,115,2.000031249755863,EXECUTE,SUCCESS,6532142,0,0.0
0,414,116,2.000031249755863,EXECUTE,SUCCESS,6532144,0,0.0
0,415,117,2.000031249755863,EXECUTE,SUCCESS,6532146,0,0.0
0,416,120,2.000031249755863,EXECUTE,SUCCESS,6532148,0,0.0
0,417,121,2.000031249755863,EXECUTE,SUCCESS,6532150,0,0.0
0,418,122,2.000031249755863,EXECUTE,SUCCESS,6532152,0,0.0
0,419,123,2.000031249755863,EXECUTE,SUCCESS,6532154,0,0.0
0,420,124,2.000031249755863,EXECUTE,SUCCESS,6532156,0,0.0
0,421,127,2.0000156249389653,EXECUTE,SUCCESS,6532157,0,0.0
0,422,129,2.0000156249389653,EXECUTE,SUCCESS,6532158,0,0.0
0,423,130,2.0000156249389653,EXECUTE,SUCCESS,6532159,0,0.0
0,424,131,2.0000468744506965,EXECUTE,SUCCESS,6532162,0,0.0
0,425,132,2.0000468744506965,EXECUTE,SUCCESS,6532165,0,0.0
0,426,133,2.0000468744506965,EXECUTE,SUCCESS,6532168,0,0.0
0,427,134,2.0000468744506965,EXECUTE,SUCCESS,6532171,0,0.0
0,428,135,2.0000468744506965,EXECUTE,SUCCESS,6532174,0,0.0
0,429,136,2.0000468744506965,EXECUTE,SUCCESS,6532177,0,0.0
0,430,138,2.0000468744506965,EXECUTE,SUCCESS,6532180,0,0.0
0,431,139,2.0000468744506965,EXECUTE,SUCCESS,6532183,0,0.0
0,432,140,2.0000468744506965,EXECUTE,SUCCESS,6532186,0,0.0
0,433,141,2.0000468744506965,EXECUTE,SUCCESS,6532189,0,0.0
0,434,145,2.0000156249389653,EXECUTE,SUCCESS,6532190,0,0.0
0,435,147,2.000031249755863,EXECUTE,SUCCESS,6532192,0,0.0
0,436,149,2.0000156249389653,EXECUTE,SUCCESS,6532193,0,0.0
0,437,151,2.0000468744506965,EXECUTE,SUCCESS,6532196,0,0.0
0,438,152,2.0000156249389653,EXECUTE,SUCCESS,6532197,0,0.0
0,439,153,2.0000156249389653,EXECUTE,SUCCESS,6532198,0,0.0
0,440,154,2.0000156249389653,EXECUTE,SUCCESS,6532199,0,0.0
0,441,155,2.0000156249389653,EXECUTE,SUCCESS,6532200,0,0.0
0,442,158,2.0000156249389653,EXECUTE,SUCCESS,6532201,0,0.0
0,443,159,2.0000156249389653,EXECUTE,SUCCESS,6532202,0,0.0
0,444,160,2.0000156249389653,EXECUTE,SUCCESS,6532203,0,0.0
0,445,163,2.0000156249389653,EXECUTE,SUCCESS,6532204,0,0.0
0,446,165,2.0000156249389653,EXECUTE,SUCCESS,6532205,0,0.0
0,447,167,2.0000468744506965,EXECUTE,SUCCESS,6532208,0,0.0
0,448,168,2.0000468744506965,EXECUTE,SUCCESS,6532211,0,0.0
0,449,169,2.0000468744506965,EXECUTE,SUCCESS,6532214,0,0.0
0,450,171,2.0000156249389653,EXECUTE,SUCCESS,6532215,0,0.0
0,451,174,2.0000156249389653,EXECUTE,SUCCESS,6532216,0,0.0
0,452,176,2.0000156249389653,EXECUTE,SUCCESS,6532217,0,0.0
0,453,182,2.0000468744506965,EXECUTE,SUCCESS,6532220,0,0.0
0,454,183,2.0000156249389653,EXECUTE,SUCCESS,6532221,0,0.0
0,455,186,2.0000156249389653,EXECUTE,SUCCESS,6532222,0,0.0
0,456,189,2.0000156249389653,EXECUTE,SUCCESS,6532223,0,0.0
0,457,191,2.0000156249389653,EXECUTE,SUCCESS,6532224,0,0.0
0,458,192,2.0000156249389653,EXECUTE,SUCCESS,6532225,0,0.0
0,459,193,2.0000156249389653,EXECUTE,SUCCESS,6532226,0,0.0
0,460,7,2.0000156249389653,EXECUTE,SUCCESS,6532227,0,0.0
0,461,15,2.0000781234741805,EXECUTE,SUCCESS,6532232,0,0.0
0,462,16,2.0000156249389653,EXECUTE,SUCCESS,6532233,0,0.0
0,463,17,2.0000156249389653,EXECUTE,SUCCESS,6532234,0,0.0
0,464,18,2.0000156249389653,EXECUTE,SUCCESS,6532235,0,0.0
0,465,19,2.0000156249389653,EXECUTE,SUCCESS,6532236,0,0.0
0,466,20,2.0000156249389653,EXECUTE,SUCCESS,6532237,0,0.0
0,467,21,2.0000156249389653,EXECUTE,SUCCESS,6532238,0,0.0
0,468,22,2.0000156249389653,EXECUTE,SUCCESS,6532239,0,0.0
0,469,23,2.0000156249389653,EXECUTE,SUCCESS,6532240,0,0.0
0,470,24,2.0000156249389653,EXECUTE,SUCCESS,6532241,0,0.0
0,471,25,2.0000156249389653,EXECUTE,SUCCESS,6532242,0,0.0
0,472,26,2.0000156249389653,EXECUTE,SUCCESS,6532243,0,0.0
0,473,27,2.0000156249389653,EXECUTE,SUCCESS,6532244,0,0.0
0,474,28,2.0000156249389653,EXECUTE,SUCCESS,6532245,0,0.0
0,475,29,2.0000156249389653,EXECUTE,SUCCESS,6532246,0,0.0
0,476,30,2.0000156249389653,EXECUTE,SUCCESS,6532247,0,0.0
0,477,31,2.0000156249389653,EXECUTE,SUCCESS,6532248,0,0.0
0,478,35,2.0000781234741805,EXECUTE,SUCCESS,6532253,0,0.0
0,479,36,2.0000156249389653,EXECUTE,SUCCESS,6532254,0,0.0
0,480,40,2.0000156249389653,EXECUTE,SUCCESS,6532255,0,0.0
0,481,41,2.0000156249389653,EXECUTE,SUCCESS,6532256,0,0.0
0,482,42,2.0000468744506965,EXECUTE,SUCCESS,6532259,0,0.0
0,483,44,2.0000156249389653,EXECUTE,SUCCESS,6532260,0,0.0
0,484,46,2.000031249755863,EXECUTE,SUCCESS,6532262,0,0.0
0,485,49,2.0,EXECUTE,CRASH,6532844,581,0.0363125
0,238,22,2.996675240996262,EXECUTE,SUCCESS,6612845,0,0.0
0,239,23,2.993346789130855,EXECUTE,SUCCESS,6612846,0,0.0
0,240,24,2.990014632071221,EXECUTE,SUCCESS,6612847,0,0.0
0,241,25,2.9866787574160027,EXECUTE,SUCCESS,6612848,0,0.0
0,242,26,2.98333915269451,EXECUTE,SUCCESS,6612849,0,0.0
0,243,27,2.979995805366175,EXECUTE,SUCCESS,6612850,0,0.0
0,244,28,2.9766487028200013,EXECUTE,SUCCESS,6612851,0,0.0
0,245,29,2.9732978323740116,EXECUTE,SUCCESS,6612852,0,0.0
0,246,30,2.969943181274685,EXECUTE,SUCCESS,6612853,0,0.0
0,247,31,2.966584736696391,EXECUTE,SUCCESS,6612854,0,0.0
0,248,35,2.8830430971457917,EXECUTE,SUCCESS,6612859,0,0.0
0,249,36,2.879583303188154,EXECUTE,SUCCESS,6612860,0,0.0
0,250,40,2.876119347315058,EXECUTE,SUCCESS,6612861,0,0.0
0,251,41,2.8726512144707015,EXECUTE,SUCCESS,6612862,0,0.0
0,252,42,2.832986498379404,EXECUTE,SUCCESS,6612865,0,0.0
0,253,44,2.829465497227347,EXECUTE,SUCCESS,6612866,0,0.0
0,254,46,2.8170906978654418,EXECUTE,SUCCESS,6612868,0,0.0
0,255,49,2.8135498040731393,EXECUTE,SUCCESS,6612869,0,0.0
0,256,51,2.810004448395056,EXECUTE,SUCCESS,6612870,0,0.0
0,257,52,2.7694426334553315,EXECUTE,SUCCESS,6612873,0,0.0
0,258,54,2.7364210202379318,EXECUTE,SUCCESS,6612876,0,0.0
0,259,55,2.636166724621188,EXECUTE,SUCCESS,6612882,0,0.0
0,260,56,2.5319458919969047,EXECUTE,SUCCESS,6612888,0,0.0
0,261,57,2.423246788917712,EXECUTE,SUCCESS,6612894,0,0.0
0,262,58,2.309437160868423,EXECUTE,SUCCESS,6612900,0,0.0
0,263,61,2.269732913802856,EXECUTE,SUCCESS,6612903,0,0.0
0,264,62,2.2293216457030156,EXECUTE,SUCCESS,6612906,0,0.0
0,265,63,2.1050534435020887,EXECUTE,SUCCESS,6612912,0,0.0
0,266,64,2.0000937478028376,EXECUTE,SUCCESS,6612918,0,0.0
0,267,65,2.0000937478028376,EXECUTE,SUCCESS,6612924,0,0.0
0,268,66,2.0000937478028376,EXECUTE,SUCCESS,6612930,0,0.0
0,269,68,2.000031249755863,EXECUTE,SUCCESS,6612932,0,0.0
0,270,69,2.0000781234741805,EXECUTE,SUCCESS,6612937,0,0.0
0,271,70,2.0000937478028376,EXECUTE,SUCCESS,6612943,0,0.0
0,272,71,2.0000781234741805,EXECUTE,SUCCESS,6612948,0,0.0
0,273,72,2.0000781234741805,EXECUTE,SUCCESS,6612953,0,0.0
0,274,73,2.0000781234741805,EXECUTE,SUCCESS,6612958,0,0.0
0,275,76,2.0000468744506965,EXECUTE,SUCCESS,6612961,0,0.0
0,276,77,2.0000937478028376,EXECUTE,SUCCESS,6612967,0,0.0
0,277,78,2.0000937478028376,EXECUTE,SUCCESS,6612973,0,0.0
0,278,79,2.0000937478028376,EXECUTE,SUCCESS,6612979,0,0.0
0,279,80,2.0000937478028376,EXECUTE,SUCCESS,6612985,0,0.0
0,280,84,2.0000156249389653,EXECUTE,SUCCESS,6612986,0,0.0
0,281,86,2.0000156249389653,EXECUTE,SUCCESS,6612987,0,0.0
0,282,87,2.0000468744506965,EXECUTE,SUCCESS,6612990,0,0.0
0,283,88,2.0000937478028376,EXECUTE,SUCCESS,6612996,0,0.0
0,284,92,2.0000156249389653,EXECUTE,SUCCESS,6612997,0,0.0
0,285,94,2.0000156249389653,EXECUTE,SUCCESS,6612998,0,0.0
0,286,95,2.0000468744506965,EXECUTE,SUCCESS,6613001,0,0.0
0,287,96,2.0000781234741805,EXECUTE,SUCCESS,6613006,0,0.0
0,288,100,2.0000156249389653,EXECUTE,SUCCESS,6613007,0,0.0
0,289,102,2.0000156249389653,EXECUTE,SUCCESS,6613008,0,0.0
0,290,105,2.000031249755863,EXECUTE,SUCCESS,6613010,0,0.0
0,291,106,2.000031249755863,EXECUTE,SUCCESS,6613012,0,0.0
0,292,107,2.000031249755863,EXECUTE,SUCCESS,6613014,0,0.0
0,293,108,2.000031249755863,EXECUTE,SUCCESS,6613016,0,0.0
0,294,109,2.000031249755863,EXECUTE,SUCCESS,6613018,0,0.0
0,295,112,2.000031249755863,EXECUTE,SUCCESS,6613020,0,0.0
0,296,113,2.000031249755863,EXECUTE,SUCCESS,6613022,0,0.0
0,297,114,2.000031249755863,EXECUTE,SUCCESS,6613024,0,0.0
0,298,115,2.000031249755863,EXECUTE,SUCCESS,6613026,0,0.0
0,299,116,2.000031249755863,EXECUTE,SUCCESS,6613028,0,0.0
0,300,117,2.000031249755863,EXECUTE,SUCCESS,6613030,0,0.0
0,301,120,2.000031249755863,EXECUTE,SUCCESS,6613032,0,0.0
0,302,121,2.000031249755863,EXECUTE,SUCCESS,6613034,0,0.0
0,303,122,2.000031249755863,EXECUTE,SUCCESS,6613036,0,0.0
0,304,123,2.000031249755863,EXECUTE,SUCCESS,6613038,0,0.0
0,305,124,2.000031249755863,EXECUTE,SUCCESS,6613040,0,0.0
0,306,127,2.0000156249389653,EXECUTE,SUCCESS,6613041,0,0.0
0,307,129,2.0,EXECUTE,CRASH,6613240,198,0.012375
0,238,22,2.996675240996262,EXECUTE,SUCCESS,6693241,0,0.0
0,239,23,2.993346789130855,EXECUTE,SUCCESS,6693242,0,0.0
0,240,24,2.990014632071221,EXECUTE,SUCCESS,6693243,0,0.0
0,241,25,2.9866787574160027,EXECUTE,SUCCESS,6693244,0,0.0
0,242,26,2.98333915269451,EXECUTE,SUCCESS,6693245,0,0.0
0,243,27,2.979995805366175,EXECUTE,SUCCESS,6693246,0,0.0
0,244,28,2.0,EXECUTE,CRASH,6693254,7,0.0004375
0,238,22,2.996675240996262,EXECUTE,SUCCESS,6773255,0,0.0
0,239,23,2.0,EXECUTE,CRASH,6773258,2,0.000125
0,238,22,2.996675240996262,EXECUTE,SUCCESS,6853259,0,0.0
0,239,23,2.993346789130855,EXECUTE,SUCCESS,6853260,0,0.0
0,240,24,2.990014632071221,EXECUTE,SUCCESS,6853261,0,0.0
0,241,25,2.9866787574160027,EXECUTE,SUCCESS,6853262,0,0.0
0,242,26,2.98333915269451,EXECUTE,SUCCESS,6853263,0,0.0
0,243,27,2.979995805366175,EXECUTE,SUCCESS,6853264,0,0.0
0,244,28,2.9766487028200013,EXECUTE,SUCCESS,6853265,0,0.0
0,245,29,2.9732978323740116,EXECUTE,SUCCESS,6853266,0,0.0
0,246,30,2.969943181274685,EXECUTE,SUCCESS,6853267,0,0.0
0,247,31,2.966584736696391,EXECUTE,SUCCESS,6853268,0,0.0
0,248,35,2.8830430971457917,EXECUTE,SUCCESS,6853273,0,0.0
0,249,36,2.879583303188154,EXECUTE,SUCCESS,6853274,0,0.0
0,250,40,2.876119347315058,EXECUTE,SUCCESS,6853275,0,0.0
0,251,41,2.8726512144707015,EXECUTE,SUCCESS,6853276,0,0.0
0,252,42,2.832986498379404,EXECUTE,SUCCESS,6853279,0,0.0
0,253,44,2.829465497227347,EXECUTE,SUCCESS,6853280,0,0.0
0,254,46,2.8170906978654418,EXECUTE,SUCCESS,6853282,0,0.0
0,255,49,2.8135498040731393,EXECUTE,SUCCESS,6853283,0,0.0
0,256,51,2.810004448395056,EXECUTE,SUCCESS,6853284,0,0.0
0,257,52,2.7694426334553315,EXECUTE,SUCCESS,6853287,0,0.0
0,258,54,2.7364210202379318,EXECUTE,SUCCESS,6853290,0,0.0
0,259,55,2.636166724621188,EXECUTE,SUCCESS,6853296,0,0.0
0,260,56,2.5319458919969047,EXECUTE,SUCCESS,6853302,0,0.0
0,261,57,2.423246788917712,EXECUTE,SUCCESS,6853308,0,0.0
0,262,58,2.309437160868423,EXECUTE,SUCCESS,6853314,0,0.0
0,263,61,2.269732913802856,EXECUTE,SUCCESS,6853317,0,0.0
0,264,62,2.2293216457030156,EXECUTE,SUCCESS,6853320,0,0.0
0,265,63,2.1050534435020887,EXECUTE,SUCCESS,6853326,0,0.0
0,266,64,2.0000937478028376,EXECUTE,SUCCESS,6853332,0,0.0
0,267,65,2.0000937478028376,EXECUTE,SUCCESS,6853338,0,0.0
0,268,66,2.0000937478028376,EXECUTE,SUCCESS,6853344,0,0.0
0,269,68,2.000031249755863,EXECUTE,SUCCESS,6853346,0,0.0
0,270,69,2.0000781234741805,EXECUTE,SUCCESS,6853351,0,0.0
0,271,70,2.0000937478028376,EXECUTE,SUCCESS,6853357,0,0.0
0,272,71,2.0000781234741805,EXECUTE,SUCCESS,6853362,0,0.0
0,273,72,2.0000781234741805,EXECUTE,SUCCESS,6853367,0,0.0
0,274,73,2.0000781234741805,EXECUTE,SUCCESS,6853372,0,0.0
0,275,76,2.0000468744506965,EXECUTE,SUCCESS,6853375,0,0.0
0,276,77,2.0000937478028376,EXECUTE,SUCCESS,6853381,0,0.0
0,277,78,2.0000937478028376,EXECUTE,SUCCESS,6853387,0,0.0
0,278,79,2.0000937478028376,EXECUTE,SUCCESS,6853393,0,0.0
0,279,80,2.0000937478028376,EXECUTE,SUCCESS,6853399,0,0.0
0,280,84,2.0000156249389653,EXECUTE,SUCCESS,6853400,0,0.0
0,281,86,2.0000156249389653,EXECUTE,SUCCESS,6853401,0,0.0
0,282,87,2.0000468744506965,EXECUTE,SUCCESS,6853404,0,0.0
0,283,88,2.0000937478028376,EXECUTE,SUCCESS,6853410,0,0.0
0,284,92,2.0000156249389653,EXECUTE,SUCCESS,6853411,0,0.0
0,285,94,2.0000156249389653,EXECUTE,SUCCESS,6853412,0,0.0
0,286,95,2.0000468744506965,EXECUTE,SUCCESS,6853415,0,0.0
0,287,96,2.0000781234741805,EXECUTE,SUCCESS,6853420,0,0.0
0,288,100,2.0000156249389653,EXECUTE,SUCCESS,6853421,0,0.0
0,289,102,2.0000156249389653,EXECUTE,SUCCESS,6853422,0,0.0
0,290,105,2.000031249755863,EXECUTE,SUCCESS,6853424,0,0.0
0,291,106,2.000031249755863,EXECUTE,SUCCESS,6853426,0,0.0
0,292,107,2.000031249755863,EXECUTE,SUCCESS,6853428,0,0.0
0,293,108,2.000031249755863,EXECUTE,SUCCESS,6853430,0,0.0
0,294,109,2.000031249755863,EXECUTE,SUCCESS,6853432,0,0.0
0,295,112,2.000031249755863,EXECUTE,SUCCESS,6853434,0,0.0
0,296,113,2.000031249755863,EXECUTE,SUCCESS,6853436,0,0.0
0,297,114,2.000031249755863,EXECUTE,SUCCESS,6853438,0,0.0
0,298,115,2.000031249755863,EXECUTE,SUCCESS,6853440,0,0.0
0,299,116,2.000031249755863,EXECUTE,SUCCESS,6853442,0,0.0
0,300,117,2.000031249755863,EXECUTE,SUCCESS,6853444,0,0.0
0,301,120,2.000031249755863,EXECUTE,SUCCESS,6853446,0,0.0
0,302,121,2.000031249755863,EXECUTE,SUCCESS,6853448,0,0.0
0,303,122,2.000031249755863,EXECUTE,SUCCESS,6853450,0,0.0
0,304,123,2.000031249755863,EXECUTE,SUCCESS,6853452,0,0.0
0,305,124,2.000031249755863,EXECUTE,SUCCESS,6853454,0,0.0
0,306,127,2.0000156249389653,EXECUTE,SUCCESS,6853455,0,0.0
0,307,129,2.0000156249389653,EXECUTE,SUCCESS,6853456,0,0.0
0,308,130,2.0000156249389653,EXECUTE,SUCCESS,6853457,0,0.0
0,309,131,2.0000468744506965,EXECUTE,SUCCESS,6853460,0,0.0
0,310,132,2.0000468744506965,EXECUTE,SUCCESS,6853463,0,0.0
0,311,133,2.0000468744506965,EXECUTE,SUCCESS,6853466,0,0.0
0,312,134,2.0000468744506965,EXECUTE,SUCCESS,6853469,0,0.0
0,313,135,2.0000468744506965,EXECUTE,SUCCESS,6853472,0,0.0
0,314,136,2.0000468744506965,EXECUTE,SUCCESS,6853475,0,0.0
0,315,138,2.0000468744506965,EXECUTE,SUCCESS,6853478,0,0.0
0,316,139,2.0000468744506965,EXECUTE,SUCCESS,6853481,0,0.0
0,317,140,2.0000468744506965,EXECUTE,SUCCESS,6853484,0,0.0
0,318,141,2.0000468744506965,EXECUTE,SUCCESS,6853487,0,0.0
0,319,145,2.0000156249389653,EXECUTE,SUCCESS,6853488,0,0.0
0,320,147,2.000031249755863,EXECUTE,SUCCESS,6853490,0,0.0
0,321,149,2.0000156249389653,EXECUTE,SUCCESS,6853491,0,0.0
0,322,151,2.0000468744506965,EXECUTE,SUCCESS,6853494,0,0.0
0,323,152,2.0000156249389653,EXECUTE,SUCCESS,6853495,0,0.0
0,324,153,2.0000156249389653,EXECUTE,SUCCESS,6853496,0,0.0
0,325,154,2.0000156249389653,EXECUTE,SUCCESS,6853497,0,0.0
0,326,155,2.0000156249389653,EXECUTE,SUCCESS,6853498,0,0.0
0,327,158,2.0000156249389653,EXECUTE,SUCCESS,6853499,0,0.0
0,328,159,2.0000156249389653,EXECUTE,SUCCESS,6853500,0,0.0
0,329,160,2.0000156249389653,EXECUTE,SUCCESS,6853501,0,0.0
0,330,163,2.0000156249389653,EXECUTE,SUCCESS,6853502,0,0.0
0,331,165,2.0000156249389653,EXECUTE,SUCCESS,6853503,0,0.0
0,332,167,2.0000468744506965,EXECUTE,SUCCESS,6853506,0,0.0
0,333,168,2.0000468744506965,EXECUTE,SUCCESS,6853509,0,0.0
0,334,169,2.0000468744506965,EXECUTE,SUCCESS,6853512,0,0.0
0,335,171,2.0000156249389653,EXECUTE,SUCCESS,6853513,0,0.0
0,336,174,2.0000156249389653,EXECUTE,SUCCESS,6853514,0,0.0
0,337,176,2.0000156249389653,EXECUTE,SUCCESS,6853515,0,0.0
0,338,182,2.0000468744506965,EXECUTE,SUCCESS,6853518,0,0.0
0,339,183,2.0000156249389653,EXECUTE,SUCCESS,6853519,0,0.0
0,340,186,2.0000156249389653,EXECUTE,SUCCESS,6853520,0,0.0
0,341,189,2.0000156249389653,EXECUTE,SUCCESS,6853521,0,0.0
0,342,191,2.0000156249389653,EXECUTE,SUCCESS,6853522,0,0.0
0,343,192,2.0000156249389653,EXECUTE,SUCCESS,6853523,0,0.0
0,344,193,2.0000156249389653,EXECUTE,SUCCESS,6853524,0,0.0
0,345,7,2.0000156249389653,EXECUTE,SUCCESS,6853525,0,0.0
0,346,15,2.0000781234741805,EXECUTE,SUCCESS,6853530,0,0.0
0,347,16,2.0000156249389653,EXECUTE,SUCCESS,6853531,0,0.0
0,348,17,2.0000156249389653,EXECUTE,SUCCESS,6853532,0,0.0
0,349,18,2.0000156249389653,EXECUTE,SUCCESS,6853533,0,0.0
0,350,19,2.0000156249389653,EXECUTE,SUCCESS,6853534,0,0.0
0,351,20,2.0000156249389653,EXECUTE,SUCCESS,6853535,0,0.0
0,352,21,2.0000156249389653,EXECUTE,SUCCESS,6853536,0,0.0
0,353,22,2.0000156249389653,EXECUTE,SUCCESS,6853537,0,0.0
0,354,23,2.0000156249389653,EXECUTE,SUCCESS,6853538,0,0.0
0,355,24,2.0000156249389653,EXECUTE,SUCCESS,6853539,0,0.0
0,356,25,2.0000156249389653,EXECUTE,SUCCESS,6853540,0,0.0
0,357,26,2.0000156249389653,EXECUTE,SUCCESS,6853541,0,0.0
0,358,27,2.0,EXECUTE,CRASH,6853826,284,0.01775
0,238,22,2.996675240996262,EXECUTE,SUCCESS,6933827,0,0.0
0,239,23,2.993346789130855,EXECUTE,SUCCESS,6933828,0,0.0
0,240,24,2.990014632071221,EXECUTE,SUCCESS,6933829,0,0.0
0,241,25,2.9866787574160027,EXECUTE,SUCCESS,6933830,0,0.0
0,242,26,2.98333915269451,EXECUTE,SUCCESS,6933831,0,0.0
0,243,27,2.979995805366175,EXECUTE,SUCCESS,6933832,0,0.0
0,244,28,2.9766487028200013,EXECUTE,SUCCESS,6933833,0,0.0
0,245,29,2.9732978323740116,EXECUTE,SUCCESS,6933834,0,0.0
0,246,30,2.969943181274685,EXECUTE,SUCCESS,6933835,0,0.0
0,247,31,2.966584736696391,EXECUTE,SUCCESS,6933836,0,0.0
0,248,35,2.8830430971457917,EXECUTE,SUCCESS,6933841,0,0.0
0,249,36,2.879583303188154,EXECUTE,SUCCESS,6933842,0,0.0
0,250,40,2.876119347315058,EXECUTE,SUCCESS,6933843,0,0.0
0,251,41,2.8726512144707015,EXECUTE,SUCCESS,6933844,0,0.0
0,252,42,2.832986498379404,EXECUTE,SUCCESS,6933847,0,0.0
0,253,44,2.829465497227347,EXECUTE,SUCCESS,6933848,0,0.0
0,254,46,2.8170906978654418,EXECUTE,SUCCESS,6933850,0,0.0
0,255,49,2.8135498040731393,EXECUTE,SUCCESS,6933851,0,0.0
0,256,51,2.810004448395056,EXECUTE,SUCCESS,6933852,0,0.0
0,257,52,2.7694426334553315,EXECUTE,SUCCESS,6933855,0,0.0
0,258,54,2.7364210202379318,EXECUTE,SUCCESS,6933858,0,0.0
0,259,55,2.636166724621188,EXECUTE,SUCCESS,6933864,0,0.0
0,260,56,2.5319458919969047,EXECUTE,SUCCESS,6933870,0,0.0
0,261,57,2.423246788917712,EXECUTE,SUCCESS,6933876,0,0.0
0,262,58,2.309437160868423,EXECUTE,SUCCESS,6933882,0,0.0
0,263,61,2.269732913802856,EXECUTE,SUCCESS,6933885,0,0.0
0,264,62,2.2293216457030156,EXECUTE,SUCCESS,6933888,0,0.0
0,265,63,2.1050534435020887,EXECUTE,SUCCESS,6933894,0,0.0
0,266,64,2.0000937478028376,EXECUTE,SUCCESS,6933900,0,0.0
0,267,65,2.0000937478028376,EXECUTE,SUCCESS,6933906,0,0.0
0,268,66,2.0000937478028376,EXECUTE,SUCCESS,6933912,0,0.0
0,269,68,2.000031249755863,EXECUTE,SUCCESS,6933914,0,0.0
0,270,69,2.0000781234741805,EXECUTE,SUCCESS,6933919,0,0.0
0,271,70,2.0000937478028376,EXECUTE,SUCCESS,6933925,0,0.0
0,272,71,2.0000781234741805,EXECUTE,SUCCESS,6933930,0,0.0
0,273,72,2.0000781234741805,EXECUTE,SUCCESS,6933935,0,0.0
0,274,73,2.0000781234741805,EXECUTE,SUCCESS,6933940,0,0.0
0,275,76,2.0000468744506965,EXECUTE,SUCCESS,6933943,0,0.0
0,276,77,2.0000937478028376,EXECUTE,SUCCESS,6933949,0,0.0
0,277,78,2.0000937478028376,EXECUTE,SUCCESS,6933955,0,0.0
0,278,79,2.0000937478028376,EXECUTE,SUCCESS,6933961,0,0.0
0,279,80,2.0000937478028376,EXECUTE,SUCCESS,6933967,0,0.0
0,280,84,2.0000156249389653,EXECUTE,SUCCESS,6933968,0,0.0
0,281,86,2.0000156249389653,EXECUTE,SUCCESS,6933969,0,0.0
0,282,87,2.0000468744506965,EXECUTE,SUCCESS,6933972,0,0.0
0,283,88,2.0000937478028376,EXECUTE,SUCCESS,6933978,0,0.0
0,284,92,2.0000156249389653,EXECUTE,SUCCESS,6933979,0,0.0
0,285,94,2.0000156249389653,EXECUTE,SUCCESS,6933980,0,0.0
0,286,95,2.0000468744506965,EXECUTE,SUCCESS,6933983,0,0.0
0,287,96,2.0000781234741805,EXECUTE,SUCCESS,6933988,0,0.0
0,288,100,2.0000156249389653,EXECUTE,SUCCESS,6933989,0,0.0
0,289,102,2.0000156249389653,EXECUTE,SUCCESS,6933990,0,0.0
0,290,105,2.000031249755863,EXECUTE,SUCCESS,6933992,0,0.0
0,291,106,2.000031249755863,EXECUTE,SUCCESS,6933994,0,0.0
0,292,107,2.000031249755863,EXECUTE,SUCCESS,6933996,0,0.0
0,293,108,2.000031249755863,EXECUTE,SUCCESS,6933998,0,0.0
0,294,109,2.000031249755863,EXECUTE,SUCCESS,6934000,0,0.0
0,295,112,2.000031249755863,EXECUTE,SUCCESS,6934002,0,0.0
0,296,113,2.000031249755863,EXECUTE,SUCCESS,6934004,0,0.0
0,297,114,2.000031249755863,EXECUTE,SUCCESS,6934006,0,0.0
0,298,115,2.000031249755863,EXECUTE,SUCCESS,6934008,0,0.0
0,299,116,2.000031249755863,EXECUTE,SUCCESS,6934010,0,0.0
0,300,117,2.000031249755863,EXECUTE,SUCCESS,6934012,0,0.0
0,301,120,2.000031249755863,EXECUTE,SUCCESS,6934014,0,0.0
0,302,121,2.000031249755863,EXECUTE,SUCCESS,6934016,0,0.0
0,303,122,2.000031249755863,EXECUTE,SUCCESS,6934018,0,0.0
0,304,123,2.000031249755863,EXECUTE,SUCCESS,6934020,0,0.0
0,305,124,2.000031249755863,EXECUTE,SUCCESS,6934022,0,0.0
0,306,127,2.0000156249389653,EXECUTE,SUCCESS,6934023,0,0.0
0,307,129,2.0000156249389653,EXECUTE,SUCCESS,6934024,0,0.0
0,308,130,2.0000156249389653,EXECUTE,SUCCESS,6934025,0,0.0
0,309,131,2.0000468744506965,EXECUTE,SUCCESS,6934028,0,0.0
0,310,132,2.0000468744506965,EXECUTE,SUCCESS,6934031,0,0.0
0,311,133,2.0000468744506965,EXECUTE,SUCCESS,6934034,0,0.0
0,312,134,2.0000468744506965,EXECUTE,SUCCESS,6934037,0,0.0
0,313,135,2.0000468744506965,EXECUTE,SUCCESS,6934040,0,0.0
0,314,136,2.0000468744506965,EXECUTE,SUCCESS,6934043,0,0.0
0,315,138,2.0000468744506965,EXECUTE,SUCCESS,6934046,0,0.0
0,316,139,2.0000468744506965,EXECUTE,SUCCESS,6934049,0,0.0
0,317,140,2.0000468744506965,EXECUTE,SUCCESS,6934052,0,0.0
0,318,141,2.0000468744506965,EXECUTE,SUCCESS,6934055,0,0.0
0,319,145,2.0000156249389653,EXECUTE,SUCCESS,6934056,0,0.0
0,320,147,2.000031249755863,EXECUTE,SUCCESS,6934058,0,0.0
0,321,149,2.0000156249389653,EXECUTE,SUCCESS,6934059,0,0.0
0,322,151,2.0000468744506965,EXECUTE,SUCCESS,6934062,0,0.0
0,323,152,2.0000156249389653,EXECUTE,SUCCESS,6934063,0,0.0
0,324,153,2.0000156249389653,EXECUTE,SUCCESS,6934064,0,0.0
0,325,154,2.0000156249389653,EXECUTE,SUCCESS,6934065,0,0.0
0,326,155,2.0000156249389653,EXECUTE,SUCCESS,6934066,0,0.0
0,327,158,2.0000156249389653,EXECUTE,SUCCESS,6934067,0,0.0
0,328,159,2.0000156249389653,EXECUTE,SUCCESS,6934068,0,0.0
0,329,160,2.0000156249389653,EXECUTE,SUCCESS,6934069,0,0.0
0,330,163,2.0000156249389653,EXECUTE,SUCCESS,6934070,0,0.0
0,331,165,2.0000156249389653,EXECUTE,SUCCESS,6934071,0,0.0
0,332,167,2.0000468744506965,EXECUTE,SUCCESS,6934074,0,0.0
0,333,168,2.0000468744506965,EXECUTE,SUCCESS,6934077,0,0.0
0,334,169,2.0000468744506965,EXECUTE,SUCCESS,6934080,0,0.0
0,335,171,2.0000156249389653,EXECUTE,SUCCESS,6934081,0,0.0
0,336,174,2.0000156249389653,EXECUTE,SUCCESS,6934082,0,0.0
0,337,176,2.0000156249389653,EXECUTE,SUCCESS,6934083,0,0.0
0,338,182,2.0000468744506965,EXECUTE,SUCCESS,6934086,0,0.0
0,339,183,2.0000156249389653,EXECUTE,SUCCESS,6934087,0,0.0
0,340,186,2.0000156249389653,EXECUTE,SUCCESS,6934088,0,0.0
0,341,189,2.0000156249389653,EXECUTE,SUCCESS,6934089,0,0.0
0,342,191,2.0000156249389653,EXECUTE,SUCCESS,6934090,0,0.0
0,343,192,2.0000156249389653,EXECUTE,SUCCESS,6934091,0,0.0
0,344,193,2.0000156249389653,EXECUTE,SUCCESS,6934092,0,0.0
0,345,7,2.0000156249389653,EXECUTE,SUCCESS,6934093,0,0.0
0,346,15,2.0000781234741805,EXECUTE,SUCCESS,6934098,0,0.0
0,347,16,2.0000156249389653,EXECUTE,SUCCESS,6934099,0,0.0
0,348,17,2.0000156249389653,EXECUTE,SUCCESS,6934100,0,0.0
0,349,18,2.0000156249389653,EXECUTE,SUCCESS,6934101,0,0.0
0,350,19,2.0000156249389653,EXECUTE,SUCCESS,6934102,0,0.0
0,351,20,2.0000156249389653,EXECUTE,SUCCESS,6934103,0,0.0
0,352,21,2.0000156249389653,EXECUTE,SUCCESS,6934104,0,0.0
0,353,22,2.0000156249389653,EXECUTE,SUCCESS,6934105,0,0.0
0,354,23,2.0000156249389653,EXECUTE,SUCCESS,6934106,0,0.0
0,355,24,2.0000156249389653,EXECUTE,SUCCESS,6934107,0,0.0
0,356,25,2.0000156249389653,EXECUTE,SUCCESS,6934108,0,0.0
0,357,26,2.0000156249389653,EXECUTE,SUCCESS,6934109,0,0.0
0,358,27,2.0000156249389653,EXECUTE,SUCCESS,6934110,0,0.0
0,359,28,2.0000156249389653,EXECUTE,SUCCESS,6934111,0,0.0
0,360,29,2.0000156249389653,EXECUTE,SUCCESS,6934112,0,0.0
0,361,30,2.0000156249389653,EXECUTE,SUCCESS,6934113,0,0.0
0,362,31,2.0000156249389653,EXECUTE,SUCCESS,6934114,0,0.0
0,363,35,2.0000781234741805,EXECUTE,SUCCESS,6934119,0,0.0
0,364,36,2.0000156249389653,EXECUTE,SUCCESS,6934120,0,0.0
0,365,40,2.0000156249389653,EXECUTE,SUCCESS,6934121,0,0.0
0,366,41,2.0000156249389653,EXECUTE,SUCCESS,6934122,0,0.0
0,367,42,2.0000468744506965,EXECUTE,SUCCESS,6934125,0,0.0
0,368,44,2.0000156249389653,EXECUTE,SUCCESS,6934126,0,0.0
0,369,46,2.000031249755863,EXECUTE,SUCCESS,6934128,0,0.0
0,370,49,2.0000156249389653,EXECUTE,SUCCESS,6934129,0,0.0
0,371,51,2.0000156249389653,EXECUTE,SUCCESS,6934130,0,0.0
0,372,52,2.0000468744506965,EXECUTE,SUCCESS,6934133,0,0.0
0,373,54,2.0000468744506965,EXECUTE,SUCCESS,6934136,0,0.0
0,374,55,2.0000937478028376,EXECUTE,SUCCESS,6934142,0,0.0
0,375,56,2.0000937478028376,EXECUTE,SUCCESS,6934148,0,0.0
0,376,57,2.0000937478028376,EXECUTE,SUCCESS,6934154,0,0.0
0,377,58,2.0000937478028376,EXECUTE,SUCCESS,6934160,0,0.0
0,378,61,2.0000468744506965,EXECUTE,SUCCESS,6934163,0,0.0
0,379,62,2.0000468744506965,EXECUTE,SUCCESS,6934166,0,0.0
0,380,63,2.0000937478028376,EXECUTE,SUCCESS,6934172,0,0.0
0,381,64,2.0000937478028376,EXECUTE,SUCCESS,6934178,0,0.0
0,382,65,2.0000937478028376,EXECUTE,SUCCESS,6934184,0,0.0
0,383,66,2.0000937478028376,EXECUTE,SUCCESS,6934190,0,0.0
0,384,68,2.000031249755863,EXECUTE,SUCCESS,6934192,0,0.0
0,385,69,2.0000781234741805,EXECUTE,SUCCESS,6934197,0,0.0
0,386,70,2.0000937478028376,EXECUTE,SUCCESS,6934203,0,0.0
0,387,71,2.0000781234741805,EXECUTE,SUCCESS,6934208,0,0.0
0,388,72,2.0000781234741805,EXECUTE,SUCCESS,6934213,0,0.0
0,389,73,2.0000781234741805,EXECUTE,SUCCESS,6934218,0,0.0
0,390,76,2.0,EXECUTE,CRASH,6934616,395,0.0246875
0,238,22,2.996675240996262,EXECUTE,SUCCESS,7014617,0,0.0
0,239,23,2.993346789130855,EXECUTE,SUCCESS,7014618,0,0.0
0,240,24,2.990014632071221,EXECUTE,SUCCESS,7014619,0,0.0
0,241,25,2.9866787574160027,EXECUTE,SUCCESS,7014620,0,0.0
0,242,26,2.98333915269451,EXECUTE,SUCCESS,7014621,0,0.0
0,243,27,2.979995805366175,EXECUTE,SUCCESS,7014622,0,0.0
0,244,28,2.9766487028200013,EXECUTE,SUCCESS,7014623,0,0.0
0,245,29,2.9732978323740116,EXECUTE,SUCCESS,7014624,0,0.0
0,246,30,2.969943181274685,EXECUTE,SUCCESS,7014625,0,0.0
0,247,31,2.966584736696391,EXECUTE,SUCCESS,7014626,0,0.0
0,248,35,2.8830430971457917,EXECUTE,SUCCESS,7014631,0,0.0
0,249,36,2.879583303188154,EXECUTE,SUCCESS,7014632,0,0.0
0,250,40,2.876119347315058,EXECUTE,SUCCESS,7014633,0,0.0
0,251,41,2.8726512144707015,EXECUTE,SUCCESS,7014634,0,0.0
0,252,42,2.832986498379404,EXECUTE,SUCCESS,7014637,0,0.0
0,253,44,2.829465497227347,EXECUTE,SUCCESS,7014638,0,0.0
0,254,46,2.8170906978654418,EXECUTE,SUCCESS,7014640,0,0.0
0,255,49,2.8135498040731393,EXECUTE,SUCCESS,7014641,0,0.0
0,256,51,2.810004448395056,EXECUTE,SUCCESS,7014642,0,0.0
0,257,52,2.7694426334553315,EXECUTE,SUCCESS,7014645,0,0.0
0,258,54,2.7364210202379318,EXECUTE,SUCCESS,7014648,0,0.0
0,259,55,2.636166724621188,EXECUTE,SUCCESS,7014654,0,0.0
0,260,56,2.5319458919969047,EXECUTE,SUCCESS,7014660,0,0.0
0,261,57,2.423246788917712,EXECUTE,SUCCESS,7014666,0,0.0
0,262,58,2.309437160868423,EXECUTE,SUCCESS,7014672,0,0.0
0,263,61,2.269732913802856,EXECUTE,SUCCESS,7014675,0,0.0
0,264,62,2.2293216457030156,EXECUTE,SUCCESS,7014678,0,0.0
0,265,63,2.1050534435020887,EXECUTE,SUCCESS,7014684,0,0.0
0,266,64,2.0000937478028376,EXECUTE,SUCCESS,7014690,0,0.0
0,267,65,2.0000937478028376,EXECUTE,SUCCESS,7014696,0,0.0
0,268,66,2.0000937478028376,EXECUTE,SUCCESS,7014702,0,0.0
0,269,68,2.000031249755863,EXECUTE,SUCCESS,7014704,0,0.0
0,270,69,2.0000781234741805,EXECUTE,SUCCESS,7014709,0,0.0
0,271,70,2.0000937478028376,EXECUTE,SUCCESS,7014715,0,0.0
0,272,71,2.0000781234741805,EXECUTE,SUCCESS,7014720,0,0.0
0,273,72,2.0000781234741805,EXECUTE,SUCCESS,7014725,0,0.0
0,274,73,2.0000781234741805,EXECUTE,SUCCESS,7014730,0,0.0
0,275,76,2.0000468744506965,EXECUTE,SUCCESS,7014733,0,0.0
0,276,77,2.0000937478028376,EXECUTE,SUCCESS,7014739,0,0.0
0,277,78,2.0000937478028376,EXECUTE,SUCCESS,7014745,0,0.0
0,278,79,2.0000937478028376,EXECUTE,SUCCESS,7014751,0,0.0
0,279,80,2.0,EXECUTE,CRASH,7014898,141,0.0088125
0,238,22,2.996675240996262,EXECUTE,SUCCESS,7094899,0,0.0
0,239,23,2.993346789130855,EXECUTE,SUCCESS,7094900,0,0.0
0,240,24,2.990014632071221,EXECUTE,SUCCESS,7094901,0,0.0
0,241,25,2.9866787574160027,EXECUTE,SUCCESS,7094902,0,0.0
0,242,26,2.98333915269451,EXECUTE,SUCCESS,7094903,0,0.0
0,243,27,2.979995805366175,EXECUTE,SUCCESS,7094904,0,0.0
0,244,28,2.9766487028200013,EXECUTE,SUCCESS,7094905,0,0.0
0,245,29,2.9732978323740116,EXECUTE,SUCCESS,7094906,0,0.0
0,246,30,2.969943181274685,EXECUTE,SUCCESS,7094907,0,0.0
0,247,31,2.966584736696391,EXECUTE,SUCCESS,7094908,0,0.0
0,248,35,2.8830430971457917,EXECUTE,SUCCESS,7094913,0,0.0
0,249,36,2.879583303188154,EXECUTE,SUCCESS,7094914,0,0.0
0,250,40,2.876119347315058,EXECUTE,SUCCESS,7094915,0,0.0
0,251,41,2.8726512144707015,EXECUTE,SUCCESS,7094916,0,0.0
0,252,42,2.832986498379404,EXECUTE,SUCCESS,7094919,0,0.0
0,253,44,2.829465497227347,EXECUTE,SUCCESS,7094920,0,0.0
0,254,46,2.8170906978654418,EXECUTE,SUCCESS,7094922,0,0.0
0,255,49,2.8135498040731393,EXECUTE,SUCCESS,7094923,0,0.0
0,256,51,2.810004448395056,EXECUTE,SUCCESS,7094924,0,0.0
0,257,52,2.7694426334553315,EXECUTE,SUCCESS,7094927,0,0.0
0,258,54,2.7364210202379318,EXECUTE,SUCCESS,7094930,0,0.0
0,259,55,2.636166724621188,EXECUTE,SUCCESS,7094936,0,0.0
0,260,56,2.5319458919969047,EXECUTE,SUCCESS,7094942,0,0.0
0,261,57,2.423246788917712,EXECUTE,SUCCESS,7094948,0,0.0
0,262,58,2.309437160868423,EXECUTE,SUCCESS,7094954,0,0.0
0,263,61,2.269732913802856,EXECUTE,SUCCESS,7094957,0,0.0
0,264,62,2.2293216457030156,EXECUTE,SUCCESS,7094960,0,0.0
0,265,63,2.1050534435020887,EXECUTE,SUCCESS,7094966,0,0.0
0,266,64,2.0000937478028376,EXECUTE,SUCCESS,7094972,0,0.0
0,267,65,2.0000937478028376,EXECUTE,SUCCESS,7094978,0,0.0
0,268,66,2.0000937478028376,EXECUTE,SUCCESS,7094984,0,0.0
0,269,68,2.000031249755863,EXECUTE,SUCCESS,7094986,0,0.0
0,270,69,2.0000781234741805,EXECUTE,SUCCESS,7094991,0,0.0
0,271,70,2.0000937478028376,EXECUTE,SUCCESS,7094997,0,0.0
0,272,71,2.0000781234741805,EXECUTE,SUCCESS,7095002,0,0.0
0,273,72,2.0000781234741805,EXECUTE,SUCCESS,7095007,0,0.0
0,274,73,2.0000781234741805,EXECUTE,SUCCESS,7095012,0,0.0
0,275,76,2.0000468744506965,EXECUTE,SUCCESS,7095015,0,0.0
0,276,77,2.0000937478028376,EXECUTE,SUCCESS,7095021,0,0.0
0,277,78,2.0000937478028376,EXECUTE,SUCCESS,7095027,0,0.0
0,278,79,2.0000937478028376,EXECUTE,SUCCESS,7095033,0,0.0
0,279,80,2.0000937478028376,EXECUTE,SUCCESS,7095039,0,0.0
0,280,84,2.0000156249389653,EXECUTE,SUCCESS,7095040,0,0.0
0,281,86,2.0000156249389653,EXECUTE,SUCCESS,7095041,0,0.0
0,282,87,2.0000468744506965,EXECUTE,SUCCESS,7095044,0,0.0
0,283,88,2.0000937478028376,EXECUTE,SUCCESS,7095050,0,0.0
0,284,92,2.0000156249389653,EXECUTE,SUCCESS,7095051,0,0.0
0,285,94,2.0000156249389653,EXECUTE,SUCCESS,7095052,0,0.0
0,286,95,2.0000468744506965,EXECUTE,SUCCESS,7095055,0,0.0
0,287,96,2.0000781234741805,EXECUTE,SUCCESS,7095060,0,0.0
0,288,100,2.0000156249389653,EXECUTE,SUCCESS,7095061,0,0.0
0,289,102,2.0000156249389653,EXECUTE,SUCCESS,7095062,0,0.0
0,290,105,2.000031249755863,EXECUTE,SUCCESS,7095064,0,0.0
0,291,106,2.000031249755863,EXECUTE,SUCCESS,7095066,0,0.0
0,292,107,2.000031249755863,EXECUTE,SUCCESS,7095068,0,0.0
0,293,108,2.000031249755863,EXECUTE,SUCCESS,7095070,0,0.0
0,294,109,2.000031249755863,EXECUTE,SUCCESS,7095072,0,0.0
0,295,112,2.000031249755863,EXECUTE,SUCCESS,7095074,0,0.0
0,296,113,2.000031249755863,EXECUTE,SUCCESS,7095076,0,0.0
0,297,114,2.000031249755863,EXECUTE,SUCCESS,7095078,0,0.0
0,298,115,2.000031249755863,EXECUTE,SUCCESS,7095080,0,0.0
0,299,116,2.000031249755863,EXECUTE,SUCCESS,7095082,0,0.0
0,300,117,2.000031249755863,EXECUTE,SUCCESS,7095084,0,0.0
0,301,120,2.000031249755863,EXECUTE,SUCCESS,7095086,0,0.0
0,302,121,2.000031249755863,EXECUTE,SUCCESS,7095088,0,0.0
0,303,122,2.0,EXECUTE,CRASH,7095282,192,0.012
0,238,22,2.996675240996262,EXECUTE,SUCCESS,7175283,0,0.0
0,239,23,2.993346789130855,EXECUTE,SUCCESS,7175284,0,0.0
0,240,24,2.990014632071221,EXECUTE,SUCCESS,7175285,0,0.0
0,241,25,2.9866787574160027,EXECUTE,SUCCESS,7175286,0,0.0
0,242,26,2.98333915269451,EXECUTE,SUCCESS,7175287,0,0.0
0,243,27,2.979995805366175,EXECUTE,SUCCESS,7175288,0,0.0
0,244,28,2.9766487028200013,EXECUTE,SUCCESS,7175289,0,0.0
0,245,29,2.9732978323740116,EXECUTE,SUCCESS,7175290,0,0.0
0,246,30,2.969943181274685,EXECUTE,SUCCESS,7175291,0,0.0
0,247,31,2.966584736696391,EXECUTE,SUCCESS,7175292,0,0.0
0,248,35,2.8830430971457917,EXECUTE,SUCCESS,7175297,0,0.0
0,249,36,2.879583303188154,EXECUTE,SUCCESS,7175298,0,0.0
0,250,40,2.876119347315058,EXECUTE,SUCCESS,7175299,0,0.0
0,251,41,2.8726512144707015,EXECUTE,SUCCESS,7175300,0,0.0
0,252,42,2.832986498379404,EXECUTE,SUCCESS,7175303,0,0.0
0,253,44,2.829465497227347,EXECUTE,SUCCESS,7175304,0,0.0
0,254,46,2.8170906978654418,EXECUTE,SUCCESS,7175306,0,0.0
0,255,49,2.8135498040731393,EXECUTE,SUCCESS,7175307,0,0.0
0,256,51,2.810004448395056,EXECUTE,SUCCESS,7175308,0,0.0
0,257,52,2.7694426334553315,EXECUTE,SUCCESS,7175311,0,0.0
0,258,54,2.7364210202379318,EXECUTE,SUCCESS,7175314,0,0.0
0,259,55,2.636166724621188,EXECUTE,SUCCESS,7175320,0,0.0
0,260,56,2.5319458919969047,EXECUTE,SUCCESS,7175326,0,0.0
0,261,57,2.423246788917712,EXECUTE,SUCCESS,7175332,0,0.0
0,262,58,2.309437160868423,EXECUTE,SUCCESS,7175338,0,0.0
0,263,61,2.269732913802856,EXECUTE,SUCCESS,7175341,0,0.0
0,264,62,2.2293216457030156,EXECUTE,SUCCESS,7175344,0,0.0
0,265,63,2.1050534435020887,EXECUTE,SUCCESS,7175350,0,0.0
0,266,64,2.0000937478028376,EXECUTE,SUCCESS,7175356,0,0.0
0,267,65,2.0000937478028376,EXECUTE,SUCCESS,7175362,0,0.0
0,268,66,2.0000937478028376,EXECUTE,SUCCESS,7175368,0,0.0
0,269,68,2.000031249755863,EXECUTE,SUCCESS,7175370,0,0.0
0,270,69,2.0000781234741805,EXECUTE,SUCCESS,7175375,0,0.0
0,271,70,2.0000937478028376,EXECUTE,SUCCESS,7175381,0,0.0
0,272,71,2.0000781234741805,EXECUTE,SUCCESS,7175386,0,0.0
0,273,72,2.0000781234741805,EXECUTE,SUCCESS,7175391,0,0.0
0,274,73,2.0000781234741805,EXECUTE,SUCCESS,7175396,0,0.0
0,275,76,2.0000468744506965,EXECUTE,SUCCESS,7175399,0,0.0
0,276,77,2.0000937478028376,EXECUTE,SUCCESS,7175405,0,0.0
0,277,78,2.0000937478028376,EXECUTE,SUCCESS,7175411,0,0.0
0,278,79,2.0000937478028376,EXECUTE,SUCCESS,7175417,0,0.0
0,279,80,2.0000937478028376,EXECUTE,SUCCESS,7175423,0,0.0
0,280,84,2.0000156249389653,EXECUTE,SUCCESS,7175424,0,0.0
0,281,86,2.0000156249389653,EXECUTE,SUCCESS,7175425,0,0.0
0,282,87,2.0000468744506965,EXECUTE,SUCCESS,7175428,0,0.0
0,283,88,2.0000937478028376,EXECUTE,SUCCESS,7175434,0,0.0
0,284,92,2.0000156249389653,EXECUTE,SUCCESS,7175435,0,0.0
0,285,94,2.0000156249389653,EXECUTE,SUCCESS,7175436,0,0.0
0,286,95,2.0000468744506965,EXECUTE,SUCCESS,7175439,0,0.0
0,287,96,2.0,EXECUTE,CRASH,7175606,162,0.010125
0,238,22,2.996675240996262,EXECUTE,SUCCESS,7319607,0,0.0
0,239,23,2.993346789130855,EXECUTE,SUCCESS,7319608,0,0.0
0,240,24,2.990014632071221,EXECUTE,SUCCESS,7319609,0,0.0
0,241,25,2.9866787574160027,EXECUTE,SUCCESS,7319610,0,0.0
0,242,26,2.98333915269451,EXECUTE,SUCCESS,7319611,0,0.0
0,243,27,2.979995805366175,EXECUTE,SUCCESS,7319612,0,0.0
0,244,28,2.9766487028200013,EXECUTE,SUCCESS,7319613,0,0.0
0,245,29,2.9732978323740116,EXECUTE,SUCCESS,7319614,0,0.0
0,246,30,2.969943181274685,EXECUTE,SUCCESS,7319615,0,0.0
0,247,31,2.966584736696391,EXECUTE,SUCCESS,7319616,0,0.0
0,248,35,2.8830430971457917,EXECUTE,SUCCESS,7319621,0,0.0
0,249,36,2.879583303188154,EXECUTE,SUCCESS,7319622,0,0.0
0,250,40,2.876119347315058,EXECUTE,SUCCESS,7319623,0,0.0
0,251,41,2.8726512144707015,EXECUTE,SUCCESS,7319624,0,0.0
0,252,42,2.832986498379404,EXECUTE,SUCCESS,7319627,0,0.0
0,253,44,2.829465497227347,EXECUTE,SUCCESS,7319628,0,0.0
0,254,46,2.8170906978654418,EXECUTE,SUCCESS,7319630,0,0.0
0,255,49,2.8135498040731393,EXECUTE,SUCCESS,7319631,0,0.0
0,256,51,2.810004448395056,EXECUTE,SUCCESS,7319632,0,0.0
0,257,52,2.7694426334553315,EXECUTE,SUCCESS,7319635,0,0.0
0,258,54,2.7364210202379318,EXECUTE,SUCCESS,7319638,0,0.0
0,259,55,2.636166724621188,EXECUTE,SUCCESS,7319644,0,0.0
0,260,56,2.5319458919969047,EXECUTE,SUCCESS,7319650,0,0.0
0,261,57,2.423246788917712,EXECUTE,SUCCESS,7319656,0,0.0
0,262,58,2.309437160868423,EXECUTE,SUCCESS,7319662,0,0.0
0,263,61,2.269732913802856,EXECUTE,SUCCESS,7319665,0,0.0
0,264,62,2.2293216457030156,EXECUTE,SUCCESS,7319668,0,0.0
0,265,63,2.1050534435020887,EXECUTE,SUCCESS,7319674,0,0.0
0,266,64,2.0000937478028376,EXECUTE,SUCCESS,7319680,0,0.0
0,267,65,2.0000937478028376,EXECUTE,SUCCESS,7319686,0,0.0
0,268,66,2.0000937478028376,EXECUTE,SUCCESS,7319692,0,0.0
0,269,68,2.000031249755863,EXECUTE,SUCCESS,7319694,0,0.0
0,270,69,2.0000781234741805,EXECUTE,SUCCESS,7319699,0,0.0
0,271,70,2.0000937478028376,EXECUTE,SUCCESS,7319705,0,0.0
0,272,71,2.0000781234741805,EXECUTE,SUCCESS,7319710,0,0.0
0,273,72,2.0000781234741805,EXECUTE,SUCCESS,7319715,0,0.0
0,274,73,2.0000781234741805,EXECUTE,SUCCESS,7319720,0,0.0
0,275,76,2.0000468744506965,EXECUTE,SUCCESS,7319723,0,0.0
0,276,77,2.0000937478028376,EXECUTE,SUCCESS,7319729,0,0.0
0,277,78,2.0000937478028376,EXECUTE,SUCCESS,7319735,0,0.0
0,278,79,2.0000937478028376,EXECUTE,SUCCESS,7319741,0,0.0
0,279,80,2.0000937478028376,EXECUTE,SUCCESS,7319747,0,0.0
0,280,84,2.0000156249389653,EXECUTE,SUCCESS,7319748,0,0.0
0,281,86,2.0000156249389653,EXECUTE,SUCCESS,7319749,0,0.0
0,282,87,2.0000468744506965,EXECUTE,SUCCESS,7319752,0,0.0
0,283,88,2.0000937478028376,EXECUTE,SUCCESS,7319758,0,0.0
0,284,92,2.0000156249389653,EXECUTE,SUCCESS,7319759,0,0.0
0,285,94,2.0000156249389653,EXECUTE,SUCCESS,7319760,0,0.0
0,286,95,2.0000468744506965,EXECUTE,SUCCESS,7319763,0,0.0
0,287,96,2.0000781234741805,EXECUTE,SUCCESS,7319768,0,0.0
0,288,100,2.0000156249389653,EXECUTE,SUCCESS,7319769,0,0.0
0,289,102,2.0000156249389653,EXECUTE,SUCCESS,7319770,0,0.0
0,290,105,2.000031249755863,EXECUTE,SUCCESS,7319772,0,0.0
0,291,106,2.0,EXECUTE,CRASH,7319942,168,0.0105
0,238,22,2.996675240996262,EXECUTE,SUCCESS,7399943,0,0.0
0,239,23,2.993346789130855,EXECUTE,SUCCESS,7399944,0,0.0
0,240,24,2.990014632071221,EXECUTE,SUCCESS,7399945,0,0.0
0,241,25,2.9866787574160027,EXECUTE,SUCCESS,7399946,0,0.0
0,242,26,2.98333915269451,EXECUTE,SUCCESS,7399947,0,0.0
0,243,27,2.979995805366175,EXECUTE,SUCCESS,7399948,0,0.0
0,244,28,2.9766487028200013,EXECUTE,SUCCESS,7399949,0,0.0
0,245,29,2.9732978323740116,EXECUTE,SUCCESS,7399950,0,0.0
0,246,30,2.969943181274685,EXECUTE,SUCCESS,7399951,0,0.0
0,247,31,2.966584736696391,EXECUTE,SUCCESS,7399952,0,0.0
0,248,35,2.8830430971457917,EXECUTE,SUCCESS,7399957,0,0.0
0,249,36,2.879583303188154,EXECUTE,SUCCESS,7399958,0,0.0
0,250,40,2.876119347315058,EXECUTE,SUCCESS,7399959,0,0.0
0,251,41,2.8726512144707015,EXECUTE,SUCCESS,7399960,0,0.0
0,252,42,2.832986498379404,EXECUTE,SUCCESS,7399963,0,0.0
0,253,44,2.829465497227347,EXECUTE,SUCCESS,7399964,0,0.0
0,254,46,2.8170906978654418,EXECUTE,SUCCESS,7399966,0,0.0
0,255,49,2.8135498040731393,EXECUTE,SUCCESS,7399967,0,0.0
0,256,51,2.810004448395056,EXECUTE,SUCCESS,7399968,0,0.0
0,257,52,2.7694426334553315,EXECUTE,SUCCESS,7399971,0,0.0
0,258,54,2.7364210202379318,EXECUTE,SUCCESS,7399974,0,0.0
0,259,55,2.636166724621188,EXECUTE,SUCCESS,7399980,0,0.0
0,260,56,2.5319458919969047,EXECUTE,SUCCESS,7399986,0,0.0
0,261,57,2.423246788917712,EXECUTE,SUCCESS,7399992,0,0.0
0,262,58,2.309437160868423,EXECUTE,SUCCESS,7399998,0,0.0
0,263,61,2.269732913802856,EXECUTE,SUCCESS,7400001,0,0.0
0,264,62,2.2293216457030156,EXECUTE,SUCCESS,7400004,0,0.0
0,265,63,2.1050534435020887,EXECUTE,SUCCESS,7400010,0,0.0
0,266,64,2.0000937478028376,EXECUTE,SUCCESS,7400016,0,0.0
0,267,65,2.0000937478028376,EXECUTE,SUCCESS,7400022,0,0.0
0,268,66,2.0000937478028376,EXECUTE,SUCCESS,7400028,0,0.0
0,269,68,2.000031249755863,EXECUTE,SUCCESS,7400030,0,0.0
0,270,69,2.0000781234741805,EXECUTE,SUCCESS,7400035,0,0.0
0,271,70,2.0000937478028376,EXECUTE,SUCCESS,7400041,0,0.0
0,272,71,2.0000781234741805,EXECUTE,SUCCESS,7400046,0,0.0
0,273,72,2.0000781234741805,EXECUTE,SUCCESS,7400051,0,0.0
0,274,73,2.0000781234741805,EXECUTE,SUCCESS,7400056,0,0.0
0,275,76,2.0000468744506965,EXECUTE,SUCCESS,7400059,0,0.0
0,276,77,2.0000937478028376,EXECUTE,SUCCESS,7400065,0,0.0
0,277,78,2.0000937478028376,EXECUTE,SUCCESS,7400071,0,0.0
0,278,79,2.0000937478028376,EXECUTE,SUCCESS,7400077,0,0.0
0,279,80,2.0000937478028376,EXECUTE,SUCCESS,7400083,0,0.0
0,280,84,2.0000156249389653,EXECUTE,SUCCESS,7400084,0,0.0
0,281,86,2.0000156249389653,EXECUTE,SUCCESS,7400085,0,0.0
0,282,87,2.0000468744506965,EXECUTE,SUCCESS,7400088,0,0.0
0,283,88,2.0000937478028376,EXECUTE,SUCCESS,7400094,0,0.0
0,284,92,2.0000156249389653,EXECUTE,SUCCESS,7400095,0,0.0
0,285,94,2.0000156249389653,EXECUTE,SUCCESS,7400096,0,0.0
0,286,95,2.0000468744506965,EXECUTE,SUCCESS,7400099,0,0.0
0,287,96,2.0000781234741805,EXECUTE,SUCCESS,7400104,0,0.0
0,288,100,2.0000156249389653,EXECUTE,SUCCESS,7400105,0,0.0
0,289,102,2.0000156249389653,EXECUTE,SUCCESS,7400106,0,0.0
0,290,105,2.000031249755863,EXECUTE,SUCCESS,7400108,0,0.0
0,291,106,2.000031249755863,EXECUTE,SUCCESS,7400110,0,0.0
0,292,107,2.000031249755863,EXECUTE,SUCCESS,7400112,0,0.0
0,293,108,2.000031249755863,EXECUTE,SUCCESS,7400114,0,0.0
0,294,109,2.000031249755863,EXECUTE,SUCCESS,7400116,0,0.0
0,295,112,2.000031249755863,EXECUTE,SUCCESS,7400118,0,0.0
0,296,113,2.000031249755863,EXECUTE,SUCCESS,7400120,0,0.0
0,297,114,2.000031249755863,EXECUTE,SUCCESS,7400122,0,0.0
0,298,115,2.000031249755863,EXECUTE,SUCCESS,7400124,0,0.0
0,299,116,2.000031249755863,EXECUTE,SUCCESS,7400126,0,0.0
0,300,117,2.000031249755863,EXECUTE,SUCCESS,7400128,0,0.0
0,301,120,2.000031249755863,EXECUTE,SUCCESS,7400130,0,0.0
0,302,121,2.000031249755863,EXECUTE,SUCCESS,7400132,0,0.0
0,303,122,2.000031249755863,EXECUTE,SUCCESS,7400134,0,0.0
0,304,123,2.000031249755863,EXECUTE,SUCCESS,7400136,0,0.0
0,305,124,2.000031249755863,EXECUTE,SUCCESS,7400138,0,0.0
0,306,127,2.0000156249389653,EXECUTE,SUCCESS,7400139,0,0.0
0,307,129,2.0000156249389653,EXECUTE,SUCCESS,7400140,0,0.0
0,308,130,2.0000156249389653,EXECUTE,SUCCESS,7400141,0,0.0
0,309,131,2.0000468744506965,EXECUTE,SUCCESS,7400144,0,0.0
0,310,132,2.0000468744506965,EXECUTE,SUCCESS,7400147,0,0.0
0,311,133,2.0000468744506965,EXECUTE,SUCCESS,7400150,0,0.0
0,312,134,2.0,EXECUTE,CRASH,7400364,211,0.0131875
0,238,22,2.996675240996262,EXECUTE,SUCCESS,7480365,0,0.0
0,239,23,2.993346789130855,EXECUTE,SUCCESS,7480366,0,0.0
0,240,24,2.990014632071221,EXECUTE,SUCCESS,7480367,0,0.0
0,241,25,2.9866787574160027,EXECUTE,SUCCESS,7480368,0,0.0
0,242,26,2.98333915269451,EXECUTE,SUCCESS,7480369,0,0.0
0,243,27,2.979995805366175,EXECUTE,SUCCESS,7480370,0,0.0
0,244,28,2.9766487028200013,EXECUTE,SUCCESS,7480371,0,0.0
0,245,29,2.9732978323740116,EXECUTE,SUCCESS,7480372,0,0.0
0,246,30,2.969943181274685,EXECUTE,SUCCESS,7480373,0,0.0
0,247,31,2.966584736696391,EXECUTE,SUCCESS,7480374,0,0.0
0,248,35,2.8830430971457917,EXECUTE,SUCCESS,7480379,0,0.0
0,249,36,2.879583303188154,EXECUTE,SUCCESS,7480380,0,0.0
0,250,40,2.876119347315058,EXECUTE,SUCCESS,7480381,0,0.0
0,251,41,2.8726512144707015,EXECUTE,SUCCESS,7480382,0,0.0
0,252,42,2.832986498379404,EXECUTE,SUCCESS,7480385,0,0.0
0,253,44,2.829465497227347,EXECUTE,SUCCESS,7480386,0,0.0
0,254,46,2.8170906978654418,EXECUTE,SUCCESS,7480388,0,0.0
0,255,49,2.8135498040731393,EXECUTE,SUCCESS,7480389,0,0.0
0,256,51,2.810004448395056,EXECUTE,SUCCESS,7480390,0,0.0
0,257,52,2.7694426334553315,EXECUTE,SUCCESS,7480393,0,0.0
0,258,54,2.7364210202379318,EXECUTE,SUCCESS,7480396,0,0.0
0,259,55,2.636166724621188,EXECUTE,SUCCESS,7480402,0,0.0
0,260,56,2.5319458919969047,EXECUTE,SUCCESS,7480408,0,0.0
0,261,57,2.423246788917712,EXECUTE,SUCCESS,7480414,0,0.0
0,262,58,2.309437160868423,EXECUTE,SUCCESS,7480420,0,0.0
0,263,61,2.269732913802856,EXECUTE,SUCCESS,7480423,0,0.0
0,264,62,2.2293216457030156,EXECUTE,SUCCESS,7480426,0,0.0
0,265,63,2.1050534435020887,EXECUTE,SUCCESS,7480432,0,0.0
0,266,64,2.0000937478028376,EXECUTE,SUCCESS,7480438,0,0.0
0,267,65,2.0000937478028376,EXECUTE,SUCCESS,7480444,0,0.0
0,268,66,2.0000937478028376,EXECUTE,SUCCESS,7480450,0,0.0
0,269,68,2.000031249755863,EXECUTE,SUCCESS,7480452,0,0.0
0,270,69,2.0000781234741805,EXECUTE,SUCCESS,7480457,0,0.0
0,271,70,2.0000937478028376,EXECUTE,SUCCESS,7480463,0,0.0
0,272,71,2.0000781234741805,EXECUTE,SUCCESS,7480468,0,0.0
0,273,72,2.0000781234741805,EXECUTE,SUCCESS,7480473,0,0.0
0,274,73,2.0000781234741805,EXECUTE,SUCCESS,7480478,0,0.0
0,275,76,2.0,EXECUTE,CRASH,7480598,117,0.0073125
0,238,22,2.996675240996262,EXECUTE,SUCCESS,7560599,0,0.0
0,239,23,2.993346789130855,EXECUTE,SUCCESS,7560600,0,0.0
0,240,24,2.990014632071221,EXECUTE,SUCCESS,7560601,0,0.0
0,241,25,2.9866787574160027,EXECUTE,SUCCESS,7560602,0,0.0
0,242,26,2.98333915269451,EXECUTE,SUCCESS,7560603,0,0.0
0,243,27,2.979995805366175,EXECUTE,SUCCESS,7560604,0,0.0
0,244,28,2.0,EXECUTE,CRASH,7560612,7,0.0004375
0,238,22,2.996675240996262,EXECUTE,SUCCESS,7640613,0,0.0
0,239,23,2.993346789130855,EXECUTE,SUCCESS,7640614,0,0.0
0,240,24,2.990014632071221,EXECUTE,SUCCESS,7640615,0,0.0
0,241,25,2.9866787574160027,EXECUTE,SUCCESS,7640616,0,0.0
0,242,26,2.98333915269451,EXECUTE,SUCCESS,7640617,0,0.0
0,243,27,2.979995805366175,EXECUTE,SUCCESS,7640618,0,0.0
0,244,28,2.1671121336931316,CHECKPOINT,SUCCESS,7640874,0,0.0
0,244,28,2.1625072254214546,EXECUTE,SUCCESS,7640875,0,0.0
0,245,29,2.1578924903711023,EXECUTE,SUCCESS,7640876,0,0.0
0,246,30,2.1532678653618547,EXECUTE,SUCCESS,7640877,0,0.0
0,247,31,2.148633286533558,EXECUTE,SUCCESS,7640878,0,0.0
0,248,35,2.0317326349694733,EXECUTE,SUCCESS,7640883,0,0.0
0,249,36,2.026820169625317,EXECUTE,SUCCESS,7640884,0,0.0
0,250,40,2.02189576882687,EXECUTE,SUCCESS,7640885,0,0.0
0,251,41,2.0169593451529955,EXECUTE,SUCCESS,7640886,0,0.0
0,252,42,2.0000468744506965,EXECUTE,SUCCESS,7640889,0,0.0
0,253,44,2.0000156249389653,EXECUTE,SUCCESS,7640890,0,0.0
0,254,46,2.000031249755863,EXECUTE,SUCCESS,7640892,0,0.0
0,255,49,2.0000156249389653,EXECUTE,SUCCESS,7640893,0,0.0
0,256,51,2.0000156249389653,EXECUTE,SUCCESS,7640894,0,0.0
0,257,52,2.0000468744506965,EXECUTE,SUCCESS,7640897,0,0.0
0,258,54,2.0000468744506965,EXECUTE,SUCCESS,7640900,0,0.0
0,259,55,2.0000937478028376,EXECUTE,SUCCESS,7640906,0,0.0
0,260,56,2.0000937478028376,EXECUTE,SUCCESS,7640912,0,0.0
0,261,57,2.0000937478028376,EXECUTE,SUCCESS,7640918,0,0.0
0,262,58,2.0000937478028376,EXECUTE,SUCCESS,7640924,0,0.0
0,263,61,2.0000468744506965,EXECUTE,SUCCESS,7640927,0,0.0
0,264,62,2.0000468744506965,EXECUTE,SUCCESS,7640930,0,0.0
0,265,63,2.0000937478028376,EXECUTE,SUCCESS,7640936,0,0.0
0,266,64,2.0000937478028376,EXECUTE,SUCCESS,7640942,0,0.0
0,267,65,2.0000937478028376,EXECUTE,SUCCESS,7640948,0,0.0
0,268,66,2.0000937478028376,EXECUTE,SUCCESS,7640954,0,0.0
0,269,68,2.000031249755863,EXECUTE,SUCCESS,7640956,0,0.0
0,270,69,2.0000781234741805,EXECUTE,SUCCESS,7640961,0,0.0
0,271,70,2.0000937478028376,EXECUTE,SUCCESS,7640967,0,0.0
0,272,71,2.0000781234741805,EXECUTE,SUCCESS,7640972,0,0.0
0,273,72,2.0000781234741805,EXECUTE,SUCCESS,7640977,0,0.0
0,274,73,2.0000781234741805,EXECUTE,SUCCESS,7640982,0,0.0
0,275,76,2.0000468744506965,EXECUTE,SUCCESS,7640985,0,0.0
0,276,77,2.0000937478028376,EXECUTE,SUCCESS,7640991,0,0.0
0,277,78,2.0000937478028376,EXECUTE,SUCCESS,7640997,0,0.0
0,278,79,2.0000937478028376,EXECUTE,SUCCESS,7641003,0,0.0
0,279,80,2.0000937478028376,EXECUTE,SUCCESS,7641009,0,0.0
0,280,84,2.0000156249389653,EXECUTE,SUCCESS,7641010,0,0.0
0,281,86,2.0000156249389653,EXECUTE,SUCCESS,7641011,0,0.0
0,282,87,2.0000468744506965,EXECUTE,SUCCESS,7641014,0,0.0
0,283,88,2.0000937478028376,EXECUTE,SUCCESS,7641020,0,0.0
0,284,92,2.0000156249389653,EXECUTE,SUCCESS,7641021,0,0.0
0,285,94,2.0000156249389653,EXECUTE,SUCCESS,7641022,0,0.0
0,286,95,2.0000468744506965,EXECUTE,SUCCESS,7641025,0,0.0
0,287,96,2.0000781234741805,EXECUTE,SUCCESS,7641030,0,0.0
0,288,100,2.0000156249389653,EXECUTE,SUCCESS,7641031,0,0.0
0,289,102,2.0000156249389653,EXECUTE,SUCCESS,7641032,0,0.0
0,290,105,2.000031249755863,EXECUTE,SUCCESS,7641034,0,0.0
0,291,106,2.000031249755863,EXECUTE,SUCCESS,7641036,0,0.0
0,292,107,2.000031249755863,EXECUTE,SUCCESS,7641038,0,0.0
0,293,108,2.000031249755863,EXECUTE,SUCCESS,7641040,0,0.0
0,294,109,2.000031249755863,EXECUTE,SUCCESS,7641042,0,0.0
0,295,112,2.000031249755863,EXECUTE,SUCCESS,7641044,0,0.0
0,296,113,2.000031249755863,EXECUTE,SUCCESS,7641046,0,0.0
0,297,114,2.000031249755863,EXECUTE,SUCCESS,7641048,0,0.0
0,298,115,2.000031249755863,EXECUTE,SUCCESS,7641050,0,0.0
0,299,116,2.000031249755863,EXECUTE,SUCCESS,7641052,0,0.0
0,300,117,2.000031249755863,EXECUTE,SUCCESS,7641054,0,0.0
0,301,120,2.000031249755863,EXECUTE,SUCCESS,7641056,0,0.0
0,302,121,2.000031249755863,EXECUTE,SUCCESS,7641058,0,0.0
0,303,122,2.000031249755863,EXECUTE,SUCCESS,7641060,0,0.0
0,304,123,2.000031249755863,EXECUTE,SUCCESS,7641062,0,0.0
0,305,124,2.000031249755863,EXECUTE,SUCCESS,7641064,0,0.0
0,306,127,2.0000156249389653,EXECUTE,SUCCESS,7641065,0,0.0
0,307,129,2.0000156249389653,EXECUTE,SUCCESS,7641066,0,0.0
0,308,130,2.0000156249389653,EXECUTE,SUCCESS,7641067,0,0.0
0,309,131,2.0000468744506965,EXECUTE,SUCCESS,7641070,0,0.0
0,310,132,2.0000468744506965,EXECUTE,SUCCESS,7641073,0,0.0
0,311,133,2.0000468744506965,EXECUTE,SUCCESS,7641076,0,0.0
0,312,134,2.0000468744506965,EXECUTE,SUCCESS,7641079,0,0.0
0,313,135,2.0000468744506965,EXECUTE,SUCCESS,7641082,0,0.0
0,314,136,2.0000468744506965,EXECUTE,SUCCESS,7641085,0,0.0
0,315,138,2.0000468744506965,EXECUTE,SUCCESS,7641088,0,0.0
0,316,139,2.0000468744506965,EXECUTE,SUCCESS,7641091,0,0.0
0,317,140,2.0000468744506965,EXECUTE,SUCCESS,7641094,0,0.0
0,318,141,2.0000468744506965,EXECUTE,SUCCESS,7641097,0,0.0
0,319,145,2.0000156249389653,EXECUTE,SUCCESS,7641098,0,0.0
0,320,147,2.000031249755863,EXECUTE,SUCCESS,7641100,0,0.0
0,321,149,2.0000156249389653,EXECUTE,SUCCESS,7641101,0,0.0
0,322,151,2.0000468744506965,EXECUTE,SUCCESS,7641104,0,0.0
0,323,152,2.0,EXECUTE,CRASH,7641336,231,0.0144375
0,244,28,2.996675240996262,EXECUTE,SUCCESS,7721337,0,0.0
0,245,29,2.993346789130855,EXECUTE,SUCCESS,7721338,0,0.0
0,246,30,2.990014632071221,EXECUTE,SUCCESS,7721339,0,0.0
0,247,31,2.0,EXECUTE,CRASH,7721344,4,0.00025
0,244,28,2.996675240996262,EXECUTE,SUCCESS,7801345,0,0.0
0,245,29,2.993346789130855,EXECUTE,SUCCESS,7801346,0,0.0
0,246,30,2.990014632071221,EXECUTE,SUCCESS,7801347,0,0.0
0,247,31,2.180868519649912,CHECKPOINT,SUCCESS,7801603,0,0.0
0,247,31,2.1762927192820363,EXECUTE,SUCCESS,7801604,0,0.0
0,248,35,2.0609615474336245,EXECUTE,SUCCESS,7801609,0,0.0
0,249,36,2.0561189167944542,EXECUTE,SUCCESS,7801610,0,0.0
0,250,40,2.051264853693935,EXECUTE,SUCCESS,7801611,0,0.0
0,251,41,2.0463992767786054,EXECUTE,SUCCESS,7801612,0,0.0
0,252,42,2.0000468744506965,EXECUTE,SUCCESS,7801615,0,0.0
0,253,44,2.0000156249389653,EXECUTE,SUCCESS,7801616,0,0.0
0,254,46,2.000031249755863,EXECUTE,SUCCESS,7801618,0,0.0
0,255,49,2.0000156249389653,EXECUTE,SUCCESS,7801619,0,0.0
0,256,51,2.0000156249389653,EXECUTE,SUCCESS,7801620,0,0.0
0,257,52,2.0000468744506965,EXECUTE,SUCCESS,7801623,0,0.0
0,258,54,2.0000468744506965,EXECUTE,SUCCESS,7801626,0,0.0
0,259,55,2.0000937478028376,EXECUTE,SUCCESS,7801632,0,0.0
0,260,56,2.0000937478028376,EXECUTE,SUCCESS,7801638,0,0.0
0,261,57,2.0000937478028376,EXECUTE,SUCCESS,7801644,0,0.0
0,262,58,2.0000937478028376,EXECUTE,SUCCESS,7801650,0,0.0
0,263,61,2.0000468744506965,EXECUTE,SUCCESS,7801653,0,0.0
0,264,62,2.0000468744506965,EXECUTE,SUCCESS,7801656,0,0.0
0,265,63,2.0000937478028376,EXECUTE,SUCCESS,7801662,0,0.0
0,266,64,2.0000937478028376,EXECUTE,SUCCESS,7801668,0,0.0
0,267,65,2.0000937478028376,EXECUTE,SUCCESS,7801674,0,0.0
0,268,66,2.0000937478028376,EXECUTE,SUCCESS,7801680,0,0.0
0,269,68,2.000031249755863,EXECUTE,SUCCESS,7801682,0,0.0
0,270,69,2.0000781234741805,EXECUTE,SUCCESS,7801687,0,0.0
0,271,70,2.0000937478028376,EXECUTE,SUCCESS,7801693,0,0.0
0,272,71,2.0000781234741805,EXECUTE,SUCCESS,7801698,0,0.0
0,273,72,2.0000781234741805,EXECUTE,SUCCESS,7801703,0,0.0
0,274,73,2.0000781234741805,EXECUTE,SUCCESS,7801708,0,0.0
0,275,76,2.0000468744506965,EXECUTE,SUCCESS,7801711,0,0.0
0,276,77,2.0000937478028376,EXECUTE,SUCCESS,7801717,0,0.0
0,277,78,2.0000937478028376,EXECUTE,SUCCESS,7801723,0,0.0
0,278,79,2.0000937478028376,EXECUTE,SUCCESS,7801729,0,0.0
0,279,80,2.0000937478028376,EXECUTE,SUCCESS,7801735,0,0.0
0,280,84,2.0000156249389653,EXECUTE,SUCCESS,7801736,0,0.0
0,281,86,2.0000156249389653,EXECUTE,SUCCESS,7801737,0,0.0
0,282,87,2.0000468744506965,EXECUTE,SUCCESS,7801740,0,0.0
0,283,88,2.0000937478028376,EXECUTE,SUCCESS,7801746,0,0.0
0,284,92,2.0000156249389653,EXECUTE,SUCCESS,7801747,0,0.0
0,285,94,2.0000156249389653,EXECUTE,SUCCESS,7801748,0,0.0
0,286,95,2.0000468744506965,EXECUTE,SUCCESS,7801751,0,0.0
0,287,96,2.0000781234741805,EXECUTE,SUCCESS,7801756,0,0.0
0,288,100,2.0000156249389653,EXECUTE,SUCCESS,7801757,0,0.0
0,289,102,2.0000156249389653,EXECUTE,SUCCESS,7801758,0,0.0
0,290,105,2.000031249755863,EXECUTE,SUCCESS,7801760,0,0.0
0,291,106,2.000031249755863,EXECUTE,SUCCESS,7801762,0,0.0
0,292,107,2.000031249755863,EXECUTE,SUCCESS,7801764,0,0.0
0,293,108,2.000031249755863,EXECUTE,SUCCESS,7801766,0,0.0
0,294,109,2.000031249755863,EXECUTE,SUCCESS,7801768,0,0.0
0,295,112,2.000031249755863,EXECUTE,SUCCESS,7801770,0,0.0
0,296,113,2.000031249755863,EXECUTE,SUCCESS,7801772,0,0.0
0,297,114,2.000031249755863,EXECUTE,SUCCESS,7801774,0,0.0
0,298,115,2.000031249755863,EXECUTE,SUCCESS,7801776,0,0.0
0,299,116,2.000031249755863,EXECUTE,SUCCESS,7801778,0,0.0
0,300,117,2.000031249755863,EXECUTE,SUCCESS,7801780,0,0.0
0,301,120,2.000031249755863,EXECUTE,SUCCESS,7801782,0,0.0
0,302,121,2.000031249755863,EXECUTE,SUCCESS,7801784,0,0.0
0,303,122,2.000031249755863,EXECUTE,SUCCESS,7801786,0,0.0
0,304,123,2.000031249755863,EXECUTE,SUCCESS,7801788,0,0.0
0,305,124,2.000031249755863,EXECUTE,SUCCESS,7801790,0,0.0
0,306,127,2.0000156249389653,EXECUTE,SUCCESS,7801791,0,0.0
0,307,129,2.0000156249389653,EXECUTE,SUCCESS,7801792,0,0.0
0,308,130,2.0000156249389653,EXECUTE,SUCCESS,7801793,0,0.0
0,309,131,2.0000468744506965,EXECUTE,SUCCESS,7801796,0,0.0
0,310,132,2.0000468744506965,EXECUTE,SUCCESS,7801799,0,0.0
0,311,133,2.0000468744506965,EXECUTE,SUCCESS,7801802,0,0.0
0,312,134,2.0000468744506965,EXECUTE,SUCCESS,7801805,0,0.0
0,313,135,2.0000468744506965,EXECUTE,SUCCESS,7801808,0,0.0
0,314,136,2.0000468744506965,EXECUTE,SUCCESS,7801811,0,0.0
0,315,138,2.0000468744506965,EXECUTE,SUCCESS,7801814,0,0.0
0,316,139,2.0000468744506965,EXECUTE,SUCCESS,7801817,0,0.0
0,317,140,2.0000468744506965,EXECUTE,SUCCESS,7801820,0,0.0
0,318,141,2.0000468744506965,EXECUTE,SUCCESS,7801823,0,0.0
0,319,145,2.0000156249389653,EXECUTE,SUCCESS,7801824,0,0.0
0,320,147,2.000031249755863,EXECUTE,SUCCESS,7801826,0,0.0
0,321,149,2.0000156249389653,EXECUTE,SUCCESS,7801827,0,0.0
0,322,151,2.0000468744506965,EXECUTE,SUCCESS,7801830,0,0.0
0,323,152,2.0,EXECUTE,CRASH,7802059,228,0.01425
0,247,31,2.996675240996262,EXECUTE,SUCCESS,7882060,0,0.0
0,248,35,2.913996396703332,EXECUTE,SUCCESS,7882065,0,0.0
0,249,36,2.9105733971161083,EXECUTE,SUCCESS,7882066,0,0.0
0,250,40,2.907146367144248,EXECUTE,SUCCESS,7882067,0,0.0
0,251,41,2.9037152925175014,EXECUTE,SUCCESS,7882068,0,0.0
0,252,42,2.8644807557391614,EXECUTE,SUCCESS,7882071,0,0.0
0,253,44,2.860998514505031,EXECUTE,SUCCESS,7882072,0,0.0
0,254,46,2.8487606954603955,EXECUTE,SUCCESS,7882074,0,0.0
0,255,49,2.84525921490468,EXECUTE,SUCCESS,7882075,0,0.0
0,256,51,2.8417534199856247,EXECUTE,SUCCESS,7882076,0,0.0
0,257,52,2.0,EXECUTE,CRASH,7882099,20,0.00125
0,247,31,2.996675240996262,EXECUTE,SUCCESS,7962100,0,0.0
0,248,35,2.913996396703332,EXECUTE,SUCCESS,7962105,0,0.0
0,249,36,2.9105733971161083,EXECUTE,SUCCESS,7962106,0,0.0
0,250,40,2.907146367144248,EXECUTE,SUCCESS,7962107,0,0.0
0,251,41,2.9037152925175014,EXECUTE,SUCCESS,7962108,0,0.0
0,252,42,2.8644807557391614,EXECUTE,SUCCESS,7962111,0,0.0
0,253,44,2.860998514505031,EXECUTE,SUCCESS,7962112,0,0.0
0,254,46,2.8487606954603955,EXECUTE,SUCCESS,7962114,0,0.0
0,255,49,2.84525921490468,EXECUTE,SUCCESS,7962115,0,0.0
0,256,51,2.8417534199856247,EXECUTE,SUCCESS,7962116,0,0.0
0,257,52,2.8016512987879123,EXECUTE,SUCCESS,7962119,0,0.0
0,258,54,2.7690138136166813,EXECUTE,SUCCESS,7962122,0,0.0
0,259,55,2.6699836141819295,EXECUTE,SUCCESS,7962128,0,0.0
0,260,56,2.5671360501539455,EXECUTE,SUCCESS,7962134,0,0.0
0,261,57,2.459992378036973,EXECUTE,SUCCESS,7962140,0,0.0
0,262,58,2.3479645440253143,EXECUTE,SUCCESS,7962146,0,0.0
0,263,61,2.308922909063878,EXECUTE,SUCCESS,7962149,0,0.0
0,264,62,2.2692096641782573,EXECUTE,SUCCESS,7962152,0,0.0
0,265,63,2.1472511497260864,EXECUTE,SUCCESS,7962158,0,0.0
0,266,64,2.017935207086689,EXECUTE,SUCCESS,7962164,0,0.0
0,267,65,2.0000937478028376,EXECUTE,SUCCESS,7962170,0,0.0
0,268,66,2.0000937478028376,EXECUTE,SUCCESS,7962176,0,0.0
0,269,68,2.000031249755863,EXECUTE,SUCCESS,7962178,0,0.0
0,270,69,2.0000781234741805,EXECUTE,SUCCESS,7962183,0,0.0
0,271,70,2.0000937478028376,EXECUTE,SUCCESS,7962189,0,0.0
0,272,71,2.0000781234741805,EXECUTE,SUCCESS,7962194,0,0.0
0,273,72,2.0000781234741805,EXECUTE,SUCCESS,7962199,0,0.0
0,274,73,2.0000781234741805,EXECUTE,SUCCESS,7962204,0,0.0
0,275,76,2.0000468744506965,EXECUTE,SUCCESS,7962207,0,0.0
0,276,77,2.0000937478028376,EXECUTE,SUCCESS,7962213,0,0.0
0,277,78,2.0000937478028376,EXECUTE,SUCCESS,7962219,0,0.0
0,278,79,2.0000937478028376,EXECUTE,SUCCESS,7962225,0,0.0
0,279,80,2.0000937478028376,EXECUTE,SUCCESS,7962231,0,0.0
0,280,84,2.0000156249389653,EXECUTE,SUCCESS,7962232,0,0.0
0,281,86,2.0000156249389653,EXECUTE,SUCCESS,7962233,0,0.0
0,282,87,2.0000468744506965,EXECUTE,SUCCESS,7962236,0,0.0
0,283,88,2.0000937478028376,EXECUTE,SUCCESS,7962242,0,0.0
0,284,92,2.0000156249389653,EXECUTE,SUCCESS,7962243,0,0.0
0,285,94,2.0000156249389653,EXECUTE,SUCCESS,7962244,0,0.0
0,286,95,2.0000468744506965,EXECUTE,SUCCESS,7962247,0,0.0
0,287,96,2.0000781234741805,EXECUTE,SUCCESS,7962252,0,0.0
0,288,100,2.0000156249389653,EXECUTE,SUCCESS,7962253,0,0.0
0,289,102,2.0000156249389653,EXECUTE,SUCCESS,7962254,0,0.0
0,290,105,2.000031249755863,EXECUTE,SUCCESS,7962256,0,0.0
0,291,106,2.000031249755863,EXECUTE,SUCCESS,7962258,0,0.0
0,292,107,2.000031249755863,EXECUTE,SUCCESS,7962260,0,0.0
0,293,108,2.000031249755863,EXECUTE,SUCCESS,7962262,0,0.0
0,294,109,2.000031249755863,EXECUTE,SUCCESS,7962264,0,0.0
0,295,112,2.000031249755863,EXECUTE,SUCCESS,7962266,0,0.0
0,296,113,2.000031249755863,EXECUTE,SUCCESS,7962268,0,0.0
0,297,114,2.000031249755863,EXECUTE,SUCCESS,7962270,0,0.0
0,298,115,2.000031249755863,EXECUTE,SUCCESS,7962272,0,0.0
0,299,116,2.000031249755863,EXECUTE,SUCCESS,7962274,0,0.0
0,300,117,2.000031249755863,EXECUTE,SUCCESS,7962276,0,0.0
0,301,120,2.000031249755863,EXECUTE,SUCCESS,7962278,0,0.0
0,302,121,2.000031249755863,EXECUTE,SUCCESS,7962280,0,0.0
0,303,122,2.000031249755863,EXECUTE,SUCCESS,7962282,0,0.0
0,304,123,2.000031249755863,EXECUTE,SUCCESS,7962284,0,0.0
0,305,124,2.000031249755863,EXECUTE,SUCCESS,7962286,0,0.0
0,306,127,2.0000156249389653,EXECUTE,SUCCESS,7962287,0,0.0
0,307,129,2.0000156249389653,EXECUTE,SUCCESS,7962288,0,0.0
0,308,130,2.0000156249389653,EXECUTE,SUCCESS,7962289,0,0.0
0,309,131,2.0,EXECUTE,CRASH,7962485,193,0.0120625
0,247,31,2.996675240996262,EXECUTE,SUCCESS,8042486,0,0.0
0,248,35,2.913996396703332,EXECUTE,SUCCESS,8042491,0,0.0
0,249,36,2.9105733971161083,EXECUTE,SUCCESS,8042492,0,0.0
0,250,40,2.907146367144248,EXECUTE,SUCCESS,8042493,0,0.0
0,251,41,2.9037152925175014,EXECUTE,SUCCESS,8042494,0,0.0
0,252,42,2.8644807557391614,EXECUTE,SUCCESS,8042497,0,0.0
0,253,44,2.860998514505031,EXECUTE,SUCCESS,8042498,0,0.0
0,254,46,2.8487606954603955,EXECUTE,SUCCESS,8042500,0,0.0
0,255,49,2.84525921490468,EXECUTE,SUCCESS,8042501,0,0.0
0,256,51,2.8417534199856247,EXECUTE,SUCCESS,8042502,0,0.0
0,257,52,2.8016512987879123,EXECUTE,SUCCESS,8042505,0,0.0
0,258,54,2.7690138136166813,EXECUTE,SUCCESS,8042508,0,0.0
0,259,55,2.6699836141819295,EXECUTE,SUCCESS,8042514,0,0.0
0,260,56,2.5671360501539455,EXECUTE,SUCCESS,8042520,0,0.0
0,261,57,2.459992378036973,EXECUTE,SUCCESS,8042526,0,0.0
0,262,58,2.3479645440253143,EXECUTE,SUCCESS,8042532,0,0.0
0,263,61,2.308922909063878,EXECUTE,SUCCESS,8042535,0,0.0
0,264,62,2.2692096641782573,EXECUTE,SUCCESS,8042538,0,0.0
0,265,63,2.1472511497260864,EXECUTE,SUCCESS,8042544,0,0.0
0,266,64,2.017935207086689,EXECUTE,SUCCESS,8042550,0,0.0
0,267,65,2.0000937478028376,EXECUTE,SUCCESS,8042556,0,0.0
0,268,66,2.0000937478028376,EXECUTE,SUCCESS,8042562,0,0.0
0,269,68,2.000031249755863,EXECUTE,SUCCESS,8042564,0,0.0
0,270,69,2.0000781234741805,EXECUTE,SUCCESS,8042569,0,0.0
0,271,70,2.0000937478028376,EXECUTE,SUCCESS,8042575,0,0.0
0,272,71,2.0000781234741805,EXECUTE,SUCCESS,8042580,0,0.0
0,273,72,2.0000781234741805,EXECUTE,SUCCESS,8042585,0,0.0
0,274,73,2.0000781234741805,EXECUTE,SUCCESS,8042590,0,0.0
0,275,76,2.0000468744506965,EXECUTE,SUCCESS,8042593,0,0.0
0,276,77,2.0000937478028376,EXECUTE,SUCCESS,8042599,0,0.0
0,277,78,2.0000937478028376,EXECUTE,SUCCESS,8042605,0,0.0
0,278,79,2.0000937478028376,EXECUTE,SUCCESS,8042611,0,0.0
0,279,80,2.0000937478028376,EXECUTE,SUCCESS,8042617,0,0.0
0,280,84,2.0000156249389653,EXECUTE,SUCCESS,8042618,0,0.0
0,281,86,2.0000156249389653,EXECUTE,SUCCESS,8042619,0,0.0
0,282,87,2.0000468744506965,EXECUTE,SUCCESS,8042622,0,0.0
0,283,88,2.0000937478028376,EXECUTE,SUCCESS,8042628,0,0.0
0,284,92,2.0000156249389653,EXECUTE,SUCCESS,8042629,0,0.0
0,285,94,2.0000156249389653,EXECUTE,SUCCESS,8042630,0,0.0
0,286,95,2.0000468744506965,EXECUTE,SUCCESS,8042633,0,0.0
0,287,96,2.0000781234741805,EXECUTE,SUCCESS,8042638,0,0.0
0,288,100,2.0000156249389653,EXECUTE,SUCCESS,8042639,0,0.0
0,289,102,2.0000156249389653,EXECUTE,SUCCESS,8042640,0,0.0
0,290,105,2.000031249755863,EXECUTE,SUCCESS,8042642,0,0.0
0,291,106,2.000031249755863,EXECUTE,SUCCESS,8042644,0,0.0
0,292,107,2.000031249755863,EXECUTE,SUCCESS,8042646,0,0.0
0,293,108,2.000031249755863,EXECUTE,SUCCESS,8042648,0,0.0
0,294,109,2.000031249755863,EXECUTE,SUCCESS,8042650,0,0.0
0,295,112,2.000031249755863,EXECUTE,SUCCESS,8042652,0,0.0
0,296,113,2.000031249755863,EXECUTE,SUCCESS,8042654,0,0.0
0,297,114,2.000031249755863,EXECUTE,SUCCESS,8042656,0,0.0
0,298,115,2.000031249755863,EXECUTE,SUCCESS,8042658,0,0.0
0,299,116,2.000031249755863,EXECUTE,SUCCESS,8042660,0,0.0
0,300,117,2.000031249755863,EXECUTE,SUCCESS,8042662,0,0.0
0,301,120,2.000031249755863,EXECUTE,SUCCESS,8042664,0,0.0
0,302,121,2.000031249755863,EXECUTE,SUCCESS,8042666,0,0.0
0,303,122,2.000031249755863,EXECUTE,SUCCESS,8042668,0,0.0
0,304,123,2.000031249755863,EXECUTE,SUCCESS,8042670,0,0.0
0,305,124,2.000031249755863,EXECUTE,SUCCESS,8042672,0,0.0
0,306,127,2.0000156249389653,EXECUTE,SUCCESS,8042673,0,0.0
0,307,129,2.0000156249389653,EXECUTE,SUCCESS,8042674,0,0.0
0,308,130,2.0000156249389653,EXECUTE,SUCCESS,8042675,0,0.0
0,309,131,2.0039960079800556,CHECKPOINT,SUCCESS,8042931,0,0.0
0,309,131,2.0000468744506965,EXECUTE,SUCCESS,8042934,0,0.0
0,310,132,2.0000468744506965,EXECUTE,SUCCESS,8042937,0,0.0
0,311,133,2.0000468744506965,EXECUTE,SUCCESS,8042940,0,0.0
0,312,134,2.0000468744506965,EXECUTE,SUCCESS,8042943,0,0.0
0,313,135,2.0000468744506965,EXECUTE,SUCCESS,8042946,0,0.0
0,314,136,2.0000468744506965,EXECUTE,SUCCESS,8042949,0,0.0
0,315,138,2.0000468744506965,EXECUTE,SUCCESS,8042952,0,0.0
0,316,139,2.0000468744506965,EXECUTE,SUCCESS,8042955,0,0.0
0,317,140,2.0000468744506965,EXECUTE,SUCCESS,8042958,0,0.0
0,318,141,2.0000468744506965,EXECUTE,SUCCESS,8042961,0,0.0
0,319,145,2.0000156249389653,EXECUTE,SUCCESS,8042962,0,0.0
0,320,147,2.000031249755863,EXECUTE,SUCCESS,8042964,0,0.0
0,321,149,2.0000156249389653,EXECUTE,SUCCESS,8042965,0,0.0
0,322,151,2.0000468744506965,EXECUTE,SUCCESS,8042968,0,0.0
0,323,152,2.0039960079800556,CHECKPOINT,SUCCESS,8043224,0,0.0
0,323,152,2.0000156249389653,EXECUTE,SUCCESS,8043225,0,0.0
0,324,153,2.0000156249389653,EXECUTE,SUCCESS,8043226,0,0.0
0,325,154,2.0000156249389653,EXECUTE,SUCCESS,8043227,0,0.0
0,326,155,2.0000156249389653,EXECUTE,SUCCESS,8043228,0,0.0
0,327,158,2.0000156249389653,EXECUTE,SUCCESS,8043229,0,0.0
0,328,159,2.0000156249389653,EXECUTE,SUCCESS,8043230,0,0.0
0,329,160,2.0000156249389653,EXECUTE,SUCCESS,8043231,0,0.0
0,330,163,2.0000156249389653,EXECUTE,SUCCESS,8043232,0,0.0
0,331,165,2.0000156249389653,EXECUTE,SUCCESS,8043233,0,0.0
0,332,167,2.0000468744506965,EXECUTE,SUCCESS,8043236,0,0.0
0,333,168,2.0000468744506965,EXECUTE,SUCCESS,8043239,0,0.0
0,334,169,2.0000468744506965,EXECUTE,SUCCESS,8043242,0,0.0
0,335,171,2.0000156249389653,EXECUTE,SUCCESS,8043243,0,0.0
0,336,174,2.0000156249389653,EXECUTE,SUCCESS,8043244,0,0.0
0,337,176,2.0000156249389653,EXECUTE,SUCCESS,8043245,0,0.0
0,338,182,2.0000468744506965,EXECUTE,SUCCESS,8043248,0,0.0
0,339,183,2.0000156249389653,EXECUTE,SUCCESS,8043249,0,0.0
0,340,186,2.0000156249389653,EXECUTE,SUCCESS,8043250,0,0.0
0,341,189,2.0000156249389653,EXECUTE,SUCCESS,8043251,0,0.0
0,342,191,2.0000156249389653,EXECUTE,SUCCESS,8043252,0,0.0
0,343,192,2.0000156249389653,EXECUTE,SUCCESS,8043253,0,0.0
0,344,193,2.0,EXECUTE,CRASH,8043284,30,0.001875
0,323,152,2.996675240996262,EXECUTE,SUCCESS,8123285,0,0.0
0,324,153,2.993346789130855,EXECUTE,SUCCESS,8123286,0,0.0
0,325,154,2.990014632071221,EXECUTE,SUCCESS,8123287,0,0.0
0,326,155,2.9866787574160027,EXECUTE,SUCCESS,8123288,0,0.0
0,327,158,2.98333915269451,EXECUTE,SUCCESS,8123289,0,0.0
0,328,159,2.979995805366175,EXECUTE,SUCCESS,8123290,0,0.0
0,329,160,2.9766487028200013,EXECUTE,SUCCESS,8123291,0,0.0
0,330,163,2.9732978323740116,EXECUTE,SUCCESS,8123292,0,0.0
0,331,165,2.969943181274685,EXECUTE,SUCCESS,8123293,0,0.0
0,332,167,2.939175054330721,EXECUTE,SUCCESS,8123296,0,0.0
0,333,168,2.908081412202897,EXECUTE,SUCCESS,8123299,0,0.0
0,334,169,2.8766516994589377,EXECUTE,SUCCESS,8123302,0,0.0
0,335,171,2.0,EXECUTE,CRASH,8123322,19,0.0011875
0,323,152,2.996675240996262,EXECUTE,SUCCESS,8203323,0,0.0
0,324,153,2.993346789130855,EXECUTE,SUCCESS,8203324,0,0.0
0,325,154,2.990014632071221,EXECUTE,SUCCESS,8203325,0,0.0
0,326,155,2.9866787574160027,EXECUTE,SUCCESS,8203326,0,0.0
0,327,158,2.98333915269451,EXECUTE,SUCCESS,8203327,0,0.0
0,328,159,2.979995805366175,EXECUTE,SUCCESS,8203328,0,0.0
0,329,160,2.9766487028200013,EXECUTE,SUCCESS,8203329,0,0.0
0,330,163,2.9732978323740116,EXECUTE,SUCCESS,8203330,0,0.0
0,331,165,2.969943181274685,EXECUTE,SUCCESS,8203331,0,0.0
0,332,167,2.939175054330721,EXECUTE,SUCCESS,8203334,0,0.0
0,333,168,2.908081412202897,EXECUTE,SUCCESS,8203337,0,0.0
0,334,169,2.8766516994589377,EXECUTE,SUCCESS,8203340,0,0.0
0,335,171,2.873184209200655,EXECUTE,SUCCESS,8203341,0,0.0
0,336,174,2.869712529156883,EXECUTE,SUCCESS,8203342,0,0.0
0,337,176,2.8662366441032034,EXECUTE,SUCCESS,8203343,0,0.0
0,338,182,2.8343429573712484,EXECUTE,SUCCESS,8203346,0,0.0
0,339,183,2.8308236433942677,EXECUTE,SUCCESS,8203347,0,0.0
0,340,186,2.8272999487143196,EXECUTE,SUCCESS,8203348,0,0.0
0,341,189,2.8237718569317876,EXECUTE,SUCCESS,8203349,0,0.0
0,342,191,2.820239351544474,EXECUTE,SUCCESS,8203350,0,0.0
0,343,192,2.816702415946703,EXECUTE,SUCCESS,8203351,0,0.0
0,344,193,2.813161033428409,EXECUTE,SUCCESS,8203352,0,0.0
0,345,7,2.809615187174214,EXECUTE,SUCCESS,8203353,0,0.0
0,346,15,2.721258899847641,EXECUTE,SUCCESS,8203358,0,0.0
0,347,16,2.71759314467784,EXECUTE,SUCCESS,8203359,0,0.0
0,348,17,2.7139224380958256,EXECUTE,SUCCESS,8203360,0,0.0
0,349,18,2.7102467599833027,EXECUTE,SUCCESS,8203361,0,0.0
0,350,19,2.7065660900853663,EXECUTE,SUCCESS,8203362,0,0.0
0,351,20,2.702880408009201,EXECUTE,SUCCESS,8203363,0,0.0
0,352,21,2.6991896932227615,EXECUTE,SUCCESS,8203364,0,0.0
0,353,22,2.6954939250534373,EXECUTE,SUCCESS,8203365,0,0.0
0,354,23,2.691793082686703,EXECUTE,SUCCESS,8203366,0,0.0
0,355,24,2.6880871451647512,EXECUTE,SUCCESS,8203367,0,0.0
0,356,25,2.6843760913851065,EXECUTE,SUCCESS,8203368,0,0.0
0,357,26,2.6806599000992235,EXECUTE,SUCCESS,8203369,0,0.0
0,358,27,2.6769385499110694,EXECUTE,SUCCESS,8203370,0,0.0
0,359,28,2.0,EXECUTE,CRASH,8203420,49,0.0030625
0,323,152,2.996675240996262,EXECUTE,SUCCESS,8283421,0,0.0
0,324,153,2.993346789130855,EXECUTE,SUCCESS,8283422,0,0.0
0,325,154,2.990014632071221,EXECUTE,SUCCESS,8283423,0,0.0
0,326,155,2.9866787574160027,EXECUTE,SUCCESS,8283424,0,0.0
0,327,158,2.98333915269451,EXECUTE,SUCCESS,8283425,0,0.0
0,328,159,2.979995805366175,EXECUTE,SUCCESS,8283426,0,0.0
0,329,160,2.9766487028200013,EXECUTE,SUCCESS,8283427,0,0.0
0,330,163,2.9732978323740116,EXECUTE,SUCCESS,8283428,0,0.0
0,331,165,2.969943181274685,EXECUTE,SUCCESS,8283429,0,0.0
0,332,167,2.939175054330721,EXECUTE,SUCCESS,8283432,0,0.0
0,333,168,2.908081412202897,EXECUTE,SUCCESS,8283435,0,0.0
0,334,169,2.8766516994589377,EXECUTE,SUCCESS,8283438,0,0.0
0,335,171,2.873184209200655,EXECUTE,SUCCESS,8283439,0,0.0
0,336,174,2.869712529156883,EXECUTE,SUCCESS,8283440,0,0.0
0,337,176,2.8662366441032034,EXECUTE,SUCCESS,8283441,0,0.0
0,338,182,2.8343429573712484,EXECUTE,SUCCESS,8283444,0,0.0
0,339,183,2.8308236433942677,EXECUTE,SUCCESS,8283445,0,0.0
0,340,186,2.8272999487143196,EXECUTE,SUCCESS,8283446,0,0.0
0,341,189,2.8237718569317876,EXECUTE,SUCCESS,8283447,0,0.0
0,342,191,2.820239351544474,EXECUTE,SUCCESS,8283448,0,0.0
0,343,192,2.0,EXECUTE,CRASH,8283478,29,0.0018125
0,323,152,2.996675240996262,EXECUTE,SUCCESS,8363479,0,0.0
0,324,153,2.993346789130855,EXECUTE,SUCCESS,8363480,0,0.0
0,325,154,2.990014632071221,EXECUTE,SUCCESS,8363481,0,0.0
0,326,155,2.9866787574160027,EXECUTE,SUCCESS,8363482,0,0.0
0,327,158,2.98333915269451,EXECUTE,SUCCESS,8363483,0,0.0
0,328,159,2.979995805366175,EXECUTE,SUCCESS,8363484,0,0.0
0,329,160,2.9766487028200013,EXECUTE,SUCCESS,8363485,0,0.0
0,330,163,2.9732978323740116,EXECUTE,SUCCESS,8363486,0,0.0
0,331,165,2.969943181274685,EXECUTE,SUCCESS,8363487,0,0.0
0,332,167,2.939175054330721,EXECUTE,SUCCESS,8363490,0,0.0
0,333,168,2.908081412202897,EXECUTE,SUCCESS,8363493,0,0.0
0,334,169,2.8766516994589377,EXECUTE,SUCCESS,8363496,0,0.0
0,335,171,2.873184209200655,EXECUTE,SUCCESS,8363497,0,0.0
0,336,174,2.869712529156883,EXECUTE,SUCCESS,8363498,0,0.0
0,337,176,2.8662366441032034,EXECUTE,SUCCESS,8363499,0,0.0
0,338,182,2.8343429573712484,EXECUTE,SUCCESS,8363502,0,0.0
0,339,183,2.8308236433942677,EXECUTE,SUCCESS,8363503,0,0.0
0,340,186,2.8272999487143196,EXECUTE,SUCCESS,8363504,0,0.0
0,341,189,2.8237718569317876,EXECUTE,SUCCESS,8363505,0,0.0
0,342,191,2.820239351544474,EXECUTE,SUCCESS,8363506,0,0.0
0,343,192,2.816702415946703,EXECUTE,SUCCESS,8363507,0,0.0
0,344,193,2.813161033428409,EXECUTE,SUCCESS,8363508,0,0.0
0,345,7,2.809615187174214,EXECUTE,SUCCESS,8363509,0,0.0
0,346,15,2.721258899847641,EXECUTE,SUCCESS,8363514,0,0.0
0,347,16,2.71759314467784,EXECUTE,SUCCESS,8363515,0,0.0
0,348,17,2.0,EXECUTE,CRASH,8363554,38,0.002375
0,323,152,2.996675240996262,EXECUTE,SUCCESS,8443555,0,0.0
0,324,153,2.993346789130855,EXECUTE,SUCCESS,8443556,0,0.0
0,325,154,2.990014632071221,EXECUTE,SUCCESS,8443557,0,0.0
0,326,155,2.9866787574160027,EXECUTE,SUCCESS,8443558,0,0.0
0,327,158,2.98333915269451,EXECUTE,SUCCESS,8443559,0,0.0
0,328,159,2.979995805366175,EXECUTE,SUCCESS,8443560,0,0.0
0,329,160,2.9766487028200013,EXECUTE,SUCCESS,8443561,0,0.0
0,330,163,2.9732978323740116,EXECUTE,SUCCESS,8443562,0,0.0
0,331,165,2.969943181274685,EXECUTE,SUCCESS,8443563,0,0.0
0,332,167,2.939175054330721,EXECUTE,SUCCESS,8443566,0,0.0
0,333,168,2.908081412202897,EXECUTE,SUCCESS,8443569,0,0.0
0,334,169,2.8766516994589377,EXECUTE,SUCCESS,8443572,0,0.0
0,335,171,2.873184209200655,EXECUTE,SUCCESS,8443573,0,0.0
0,336,174,2.869712529156883,EXECUTE,SUCCESS,8443574,0,0.0
0,337,176,2.8662366441032034,EXECUTE,SUCCESS,8443575,0,0.0
0,338,182,2.8343429573712484,EXECUTE,SUCCESS,8443578,0,0.0
0,339,183,2.8308236433942677,EXECUTE,SUCCESS,8443579,0,0.0
0,340,186,2.8272999487143196,EXECUTE,SUCCESS,8443580,0,0.0
0,341,189,2.8237718569317876,EXECUTE,SUCCESS,8443581,0,0.0
0,342,191,2.820239351544474,EXECUTE,SUCCESS,8443582,0,0.0
0,343,192,2.0,EXECUTE,CRASH,8443612,29,0.0018125
0,323,152,2.996675240996262,EXECUTE,SUCCESS,8523613,0,0.0
0,324,153,2.993346789130855,EXECUTE,SUCCESS,8523614,0,0.0
0,325,154,2.990014632071221,EXECUTE,SUCCESS,8523615,0,0.0
0,326,155,2.9866787574160027,EXECUTE,SUCCESS,8523616,0,0.0
0,327,158,2.98333915269451,EXECUTE,SUCCESS,8523617,0,0.0
0,328,159,2.979995805366175,EXECUTE,SUCCESS,8523618,0,0.0
0,329,160,2.9766487028200013,EXECUTE,SUCCESS,8523619,0,0.0
0,330,163,2.9732978323740116,EXECUTE,SUCCESS,8523620,0,0.0
0,331,165,2.969943181274685,EXECUTE,SUCCESS,8523621,0,0.0
0,332,167,2.939175054330721,EXECUTE,SUCCESS,8523624,0,0.0
0,333,168,2.908081412202897,EXECUTE,SUCCESS,8523627,0,0.0
0,334,169,2.8766516994589377,EXECUTE,SUCCESS,8523630,0,0.0
0,335,171,2.873184209200655,EXECUTE,SUCCESS,8523631,0,0.0
0,336,174,2.869712529156883,EXECUTE,SUCCESS,8523632,0,0.0
0,337,176,2.8662366441032034,EXECUTE,SUCCESS,8523633,0,0.0
0,338,182,2.8343429573712484,EXECUTE,SUCCESS,8523636,0,0.0
0,339,183,2.8308236433942677,EXECUTE,SUCCESS,8523637,0,0.0
0,340,186,2.8272999487143196,EXECUTE,SUCCESS,8523638,0,0.0
0,341,189,2.8237718569317876,EXECUTE,SUCCESS,8523639,0,0.0
0,342,191,2.820239351544474,EXECUTE,SUCCESS,8523640,0,0.0
0,343,192,2.0039960079800556,CHECKPOINT,SUCCESS,8523896,0,0.0
0,343,192,2.0000156249389653,EXECUTE,SUCCESS,8523897,0,0.0
0,344,193,2.0,EXECUTE,CRASH,8523900,2,0.000125
0,343,192,2.996675240996262,EXECUTE,SUCCESS,8603901,0,0.0
0,344,193,2.1899914383394297,CHECKPOINT,SUCCESS,8604157,0,0.0
0,344,193,2.185434739359655,EXECUTE,SUCCESS,8604158,0,0.0
0,345,7,2.1808685196499136,EXECUTE,SUCCESS,8604159,0,0.0
0,346,15,2.065792826011361,EXECUTE,SUCCESS,8604164,0,0.0
0,347,16,2.0609615474336263,EXECUTE,SUCCESS,8604165,0,0.0
0,348,17,2.056118916794456,EXECUTE,SUCCESS,8604166,0,0.0
0,349,18,2.0512648536939366,EXECUTE,SUCCESS,8604167,0,0.0
0,350,19,2.0463992767786077,EXECUTE,SUCCESS,8604168,0,0.0
0,351,20,2.041522103725553,EXECUTE,SUCCESS,8604169,0,0.0
0,352,21,2.0366332512261525,EXECUTE,SUCCESS,8604170,0,0.0
0,353,22,2.0317326349694755,EXECUTE,SUCCESS,8604171,0,0.0
0,354,23,2.0268201696253194,EXECUTE,SUCCESS,8604172,0,0.0
0,355,24,2.021895768826872,EXECUTE,SUCCESS,8604173,0,0.0
0,356,25,2.0169593451529972,EXECUTE,SUCCESS,8604174,0,0.0
0,357,26,2.0120108101101266,EXECUTE,SUCCESS,8604175,0,0.0
0,358,27,2.00705007411375,EXECUTE,SUCCESS,8604176,0,0.0
0,359,28,2.0020770464694935,EXECUTE,SUCCESS,8604177,0,0.0
0,360,29,2.0000156249389653,EXECUTE,SUCCESS,8604178,0,0.0
0,361,30,2.0000156249389653,EXECUTE,SUCCESS,8604179,0,0.0
0,362,31,2.0000156249389653,EXECUTE,SUCCESS,8604180,0,0.0
0,363,35,2.0000781234741805,EXECUTE,SUCCESS,8604185,0,0.0
0,364,36,2.0000156249389653,EXECUTE,SUCCESS,8604186,0,0.0
0,365,40,2.0000156249389653,EXECUTE,SUCCESS,8604187,0,0.0
0,366,41,2.0000156249389653,EXECUTE,SUCCESS,8604188,0,0.0
0,367,42,2.0000468744506965,EXECUTE,SUCCESS,8604191,0,0.0
0,368,44,2.0000156249389653,EXECUTE,SUCCESS,8604192,0,0.0
0,369,46,2.000031249755863,EXECUTE,SUCCESS,8604194,0,0.0
0,370,49,2.0000156249389653,EXECUTE,SUCCESS,8604195,0,0.0
0,371,51,2.0000156249389653,EXECUTE,SUCCESS,8604196,0,0.0
0,372,52,2.0000468744506965,EXECUTE,SUCCESS,8604199,0,0.0
0,373,54,2.0000468744506965,EXECUTE,SUCCESS,8604202,0,0.0
0,374,55,2.0000937478028376,EXECUTE,SUCCESS,8604208,0,0.0
0,375,56,2.0000937478028376,EXECUTE,SUCCESS,8604214,0,0.0
0,376,57,2.0000937478028376,EXECUTE,SUCCESS,8604220,0,0.0
0,377,58,2.0000937478028376,EXECUTE,SUCCESS,8604226,0,0.0
0,378,61,2.0000468744506965,EXECUTE,SUCCESS,8604229,0,0.0
0,379,62,2.0000468744506965,EXECUTE,SUCCESS,8604232,0,0.0
0,380,63,2.0000937478028376,EXECUTE,SUCCESS,8604238,0,0.0
0,381,64,2.0000937478028376,EXECUTE,SUCCESS,8604244,0,0.0
0,382,65,2.0000937478028376,EXECUTE,SUCCESS,8604250,0,0.0
0,383,66,2.0000937478028376,EXECUTE,SUCCESS,8604256,0,0.0
0,384,68,2.000031249755863,EXECUTE,SUCCESS,8604258,0,0.0
0,385,69,2.0000781234741805,EXECUTE,SUCCESS,8604263,0,0.0
0,386,70,2.0000937478028376,EXECUTE,SUCCESS,8604269,0,0.0
0,387,71,2.0000781234741805,EXECUTE,SUCCESS,8604274,0,0.0
0,388,72,2.0000781234741805,EXECUTE,SUCCESS,8604279,0,0.0
0,389,73,2.0000781234741805,EXECUTE,SUCCESS,8604284,0,0.0
0,390,76,2.0000468744506965,EXECUTE,SUCCESS,8604287,0,0.0
0,391,77,2.0000937478028376,EXECUTE,SUCCESS,8604293,0,0.0
0,392,78,2.0000937478028376,EXECUTE,SUCCESS,8604299,0,0.0
0,393,79,2.0000937478028376,EXECUTE,SUCCESS,8604305,0,0.0
0,394,80,2.0000937478028376,EXECUTE,SUCCESS,8604311,0,0.0
0,395,84,2.0000156249389653,EXECUTE,SUCCESS,8604312,0,0.0
0,396,86,2.0000156249389653,EXECUTE,SUCCESS,8604313,0,0.0
0,397,87,2.0000468744506965,EXECUTE,SUCCESS,8604316,0,0.0
0,398,88,2.0000937478028376,EXECUTE,SUCCESS,8604322,0,0.0
0,399,92,2.0000156249389653,EXECUTE,SUCCESS,8604323,0,0.0
0,400,94,2.0000156249389653,EXECUTE,SUCCESS,8604324,0,0.0
0,401,95,2.0000468744506965,EXECUTE,SUCCESS,8604327,0,0.0
0,402,96,2.0000781234741805,EXECUTE,SUCCESS,8604332,0,0.0
0,403,100,2.0000156249389653,EXECUTE,SUCCESS,8604333,0,0.0
0,404,102,2.0000156249389653,EXECUTE,SUCCESS,8604334,0,0.0
0,405,105,2.000031249755863,EXECUTE,SUCCESS,8604336,0,0.0
0,406,106,2.000031249755863,EXECUTE,SUCCESS,8604338,0,0.0
0,407,107,2.000031249755863,EXECUTE,SUCCESS,8604340,0,0.0
0,408,108,2.000031249755863,EXECUTE,SUCCESS,8604342,0,0.0
0,409,109,2.000031249755863,EXECUTE,SUCCESS,8604344,0,0.0
0,410,112,2.000031249755863,EXECUTE,SUCCESS,8604346,0,0.0
0,411,113,2.000031249755863,EXECUTE,SUCCESS,8604348,0,0.0
0,412,114,2.000031249755863,EXECUTE,SUCCESS,8604350,0,0.0
0,413,115,2.000031249755863,EXECUTE,SUCCESS,8604352,0,0.0
0,414,116,2.000031249755863,EXECUTE,SUCCESS,8604354,0,0.0
0,415,117,2.000031249755863,EXECUTE,SUCCESS,8604356,0,0.0
0,416,120,2.000031249755863,EXECUTE,SUCCESS,8604358,0,0.0
0,417,121,2.000031249755863,EXECUTE,SUCCESS,8604360,0,0.0
0,418,122,2.000031249755863,EXECUTE,SUCCESS,8604362,0,0.0
0,419,123,2.000031249755863,EXECUTE,SUCCESS,8604364,0,0.0
0,420,124,2.000031249755863,EXECUTE,SUCCESS,8604366,0,0.0
0,421,127,2.0000156249389653,EXECUTE,SUCCESS,8604367,0,0.0
0,422,129,2.0000156249389653,EXECUTE,SUCCESS,8604368,0,0.0
0,423,130,2.0000156249389653,EXECUTE,SUCCESS,8604369,0,0.0
0,424,131,2.0000468744506965,EXECUTE,SUCCESS,8604372,0,0.0
0,425,132,2.0000468744506965,EXECUTE,SUCCESS,8604375,0,0.0
0,426,133,2.0000468744506965,EXECUTE,SUCCESS,8604378,0,0.0
0,427,134,2.0000468744506965,EXECUTE,SUCCESS,8604381,0,0.0
0,428,135,2.0000468744506965,EXECUTE,SUCCESS,8604384,0,0.0
0,429,136,2.0000468744506965,EXECUTE,SUCCESS,8604387,0,0.0
0,430,138,2.0000468744506965,EXECUTE,SUCCESS,8604390,0,0.0
0,431,139,2.0000468744506965,EXECUTE,SUCCESS,8604393,0,0.0
0,432,140,2.0000468744506965,EXECUTE,SUCCESS,8604396,0,0.0
0,433,141,2.0000468744506965,EXECUTE,SUCCESS,8604399,0,0.0
0,434,145,2.0,EXECUTE,CRASH,8604643,243,0.0151875
0,344,193,2.996675240996262,EXECUTE,SUCCESS,8684644,0,0.0
0,345,7,2.993346789130855,EXECUTE,SUCCESS,8684645,0,0.0
0,346,15,2.9105733971161074,EXECUTE,SUCCESS,8684650,0,0.0
0,347,16,2.9071463671442475,EXECUTE,SUCCESS,8684651,0,0.0
0,348,17,2.9037152925175005,EXECUTE,SUCCESS,8684652,0,0.0
0,349,18,2.900280158881206,EXECUTE,SUCCESS,8684653,0,0.0
0,350,19,2.8968409517955926,EXECUTE,SUCCESS,8684654,0,0.0
0,351,20,2.89339765673507,EXECUTE,SUCCESS,8684655,0,0.0
0,352,21,2.8899502590875152,EXECUTE,SUCCESS,8684656,0,0.0
0,353,22,2.886498744153545,EXECUTE,SUCCESS,8684657,0,0.0
0,354,23,2.8830430971457903,EXECUTE,SUCCESS,8684658,0,0.0
0,355,24,2.879583303188152,EXECUTE,SUCCESS,8684659,0,0.0
0,356,25,2.876119347315057,EXECUTE,SUCCESS,8684660,0,0.0
0,357,26,2.8726512144706997,EXECUTE,SUCCESS,8684661,0,0.0
0,358,27,2.869178889508283,EXECUTE,SUCCESS,8684662,0,0.0
0,359,28,2.865702357189243,EXECUTE,SUCCESS,8684663,0,0.0
0,360,29,2.862221602182469,EXECUTE,SUCCESS,8684664,0,0.0
0,361,30,2.858736609063518,EXECUTE,SUCCESS,8684665,0,0.0
0,362,31,2.8552473623138117,EXECUTE,SUCCESS,8684666,0,0.0
0,363,35,2.768347882763288,EXECUTE,SUCCESS,8684671,0,0.0
0,364,36,2.7647445632463006,EXECUTE,SUCCESS,8684672,0,0.0
0,365,40,2.7611365413539364,EXECUTE,SUCCESS,8684673,0,0.0
0,366,41,2.757523798628033,EXECUTE,SUCCESS,8684674,0,0.0
0,367,42,2.7161783814764404,EXECUTE,SUCCESS,8684677,0,0.0
0,368,44,2.7125057603625424,EXECUTE,SUCCESS,8684678,0,0.0
0,369,46,2.699594877013952,EXECUTE,SUCCESS,8684680,0,0.0
0,370,49,2.6958996643050295,EXECUTE,SUCCESS,8684681,0,0.0
0,371,51,2.6921993796893964,EXECUTE,SUCCESS,8684682,0,0.0
0,372,52,2.6498349005173827,EXECUTE,SUCCESS,8684685,0,0.0
0,373,54,2.6153035196703205,EXECUTE,SUCCESS,8684688,0,0.0
0,374,55,2.510216624118318,EXECUTE,SUCCESS,8684694,0,0.0
0,375,56,2.4005337948048067,EXECUTE,SUCCESS,8684700,0,0.0
0,376,57,2.2855934677890484,EXECUTE,SUCCESS,8684706,0,0.0
0,377,58,2.164558269023952,EXECUTE,SUCCESS,8684712,0,0.0
0,378,61,2.122145141124887,EXECUTE,SUCCESS,8684715,0,0.0
0,379,62,2.078866878854913,EXECUTE,SUCCESS,8684718,0,0.0
0,380,63,2.0000937478028376,EXECUTE,SUCCESS,8684724,0,0.0
0,381,64,2.0000937478028376,EXECUTE,SUCCESS,8684730,0,0.0
0,382,65,2.0000937478028376,EXECUTE,SUCCESS,8684736,0,0.0
0,383,66,2.0000937478028376,EXECUTE,SUCCESS,8684742,0,0.0
0,384,68,2.000031249755863,EXECUTE,SUCCESS,8684744,0,0.0
0,385,69,2.0000781234741805,EXECUTE,SUCCESS,8684749,0,0.0
0,386,70,2.0000937478028376,EXECUTE,SUCCESS,8684755,0,0.0
0,387,71,2.0000781234741805,EXECUTE,SUCCESS,8684760,0,0.0
0,388,72,2.0000781234741805,EXECUTE,SUCCESS,8684765,0,0.0
0,389,73,2.0000781234741805,EXECUTE,SUCCESS,8684770,0,0.0
0,390,76,2.0000468744506965,EXECUTE,SUCCESS,8684773,0,0.0
0,391,77,2.0000937478028376,EXECUTE,SUCCESS,8684779,0,0.0
0,392,78,2.0000937478028376,EXECUTE,SUCCESS,8684785,0,0.0
0,393,79,2.0000937478028376,EXECUTE,SUCCESS,8684791,0,0.0
0,394,80,2.0000937478028376,EXECUTE,SUCCESS,8684797,0,0.0
0,395,84,2.0000156249389653,EXECUTE,SUCCESS,8684798,0,0.0
0,396,86,2.0000156249389653,EXECUTE,SUCCESS,8684799,0,0.0
0,397,87,2.0000468744506965,EXECUTE,SUCCESS,8684802,0,0.0
0,398,88,2.0000937478028376,EXECUTE,SUCCESS,8684808,0,0.0
0,399,92,2.0000156249389653,EXECUTE,SUCCESS,8684809,0,0.0
0,400,94,2.0000156249389653,EXECUTE,SUCCESS,8684810,0,0.0
0,401,95,2.0000468744506965,EXECUTE,SUCCESS,8684813,0,0.0
0,402,96,2.0000781234741805,EXECUTE,SUCCESS,8684818,0,0.0
0,403,100,2.0000156249389653,EXECUTE,SUCCESS,8684819,0,0.0
0,404,102,2.0000156249389653,EXECUTE,SUCCESS,8684820,0,0.0
0,405,105,2.000031249755863,EXECUTE,SUCCESS,8684822,0,0.0
0,406,106,2.000031249755863,EXECUTE,SUCCESS,8684824,0,0.0
0,407,107,2.000031249755863,EXECUTE,SUCCESS,8684826,0,0.0
0,408,108,2.000031249755863,EXECUTE,SUCCESS,8684828,0,0.0
0,409,109,2.000031249755863,EXECUTE,SUCCESS,8684830,0,0.0
0,410,112,2.000031249755863,EXECUTE,SUCCESS,8684832,0,0.0
0,411,113,2.000031249755863,EXECUTE,SUCCESS,8684834,0,0.0
0,412,114,2.000031249755863,EXECUTE,SUCCESS,8684836,0,0.0
0,413,115,2.000031249755863,EXECUTE,SUCCESS,8684838,0,0.0
0,414,116,2.000031249755863,EXECUTE,SUCCESS,8684840,0,0.0
0,415,117,2.000031249755863,EXECUTE,SUCCESS,8684842,0,0.0
0,416,120,2.000031249755863,EXECUTE,SUCCESS,8684844,0,0.0
0,417,121,2.000031249755863,EXECUTE,SUCCESS,8684846,0,0.0
0,418,122,2.000031249755863,EXECUTE,SUCCESS,8684848,0,0.0
0,419,123,2.000031249755863,EXECUTE,SUCCESS,8684850,0,0.0
0,420,124,2.000031249755863,EXECUTE,SUCCESS,8684852,0,0.0
0,421,127,2.0000156249389653,EXECUTE,SUCCESS,8684853,0,0.0
0,422,129,2.0000156249389653,EXECUTE,SUCCESS,8684854,0,0.0
0,423,130,2.0000156249389653,EXECUTE,SUCCESS,8684855,0,0.0
0,424,131,2.0000468744506965,EXECUTE,SUCCESS,8684858,0,0.0
0,425,132,2.0000468744506965,EXECUTE,SUCCESS,8684861,0,0.0
0,426,133,2.0000468744506965,EXECUTE,SUCCESS,8684864,0,0.0
0,427,134,2.0000468744506965,EXECUTE,SUCCESS,8684867,0,0.0
0,428,135,2.0000468744506965,EXECUTE,SUCCESS,8684870,0,0.0
0,429,136,2.0000468744506965,EXECUTE,SUCCESS,8684873,0,0.0
0,430,138,2.0000468744506965,EXECUTE,SUCCESS,8684876,0,0.0
0,431,139,2.0000468744506965,EXECUTE,SUCCESS,8684879,0,0.0
0,432,140,2.0000468744506965,EXECUTE,SUCCESS,8684882,0,0.0
0,433,141,2.0000468744506965,EXECUTE,SUCCESS,8684885,0,0.0
0,434,145,2.0000156249389653,EXECUTE,SUCCESS,8684886,0,0.0
0,435,147,2.000031249755863,EXECUTE,SUCCESS,8684888,0,0.0
0,436,149,2.0000156249389653,EXECUTE,SUCCESS,8684889,0,0.0
0,437,151,2.0000468744506965,EXECUTE,SUCCESS,8684892,0,0.0
0,438,152,2.0000156249389653,EXECUTE,SUCCESS,8684893,0,0.0
0,439,153,2.0000156249389653,EXECUTE,SUCCESS,8684894,0,0.0
0,440,154,2.0000156249389653,EXECUTE,SUCCESS,8684895,0,0.0
0,441,155,2.0000156249389653,EXECUTE,SUCCESS,8684896,0,0.0
0,442,158,2.0000156249389653,EXECUTE,SUCCESS,8684897,0,0.0
0,443,159,2.0000156249389653,EXECUTE,SUCCESS,8684898,0,0.0
0,444,160,2.0000156249389653,EXECUTE,SUCCESS,8684899,0,0.0
0,445,163,2.0000156249389653,EXECUTE,SUCCESS,8684900,0,0.0
0,446,165,2.0,EXECUTE,CRASH,8685159,258,0.016125
0,344,193,2.996675240996262,EXECUTE,SUCCESS,8765160,0,0.0
0,345,7,2.993346789130855,EXECUTE,SUCCESS,8765161,0,0.0
0,346,15,2.9105733971161074,EXECUTE,SUCCESS,8765166,0,0.0
0,347,16,2.9071463671442475,EXECUTE,SUCCESS,8765167,0,0.0
0,348,17,2.9037152925175005,EXECUTE,SUCCESS,8765168,0,0.0
0,349,18,2.900280158881206,EXECUTE,SUCCESS,8765169,0,0.0
0,350,19,2.8968409517955926,EXECUTE,SUCCESS,8765170,0,0.0
0,351,20,2.89339765673507,EXECUTE,SUCCESS,8765171,0,0.0
0,352,21,2.8899502590875152,EXECUTE,SUCCESS,8765172,0,0.0
0,353,22,2.886498744153545,EXECUTE,SUCCESS,8765173,0,0.0
0,354,23,2.8830430971457903,EXECUTE,SUCCESS,8765174,0,0.0
0,355,24,2.879583303188152,EXECUTE,SUCCESS,8765175,0,0.0
0,356,25,2.876119347315057,EXECUTE,SUCCESS,8765176,0,0.0
0,357,26,2.8726512144706997,EXECUTE,SUCCESS,8765177,0,0.0
0,358,27,2.869178889508283,EXECUTE,SUCCESS,8765178,0,0.0
0,359,28,2.865702357189243,EXECUTE,SUCCESS,8765179,0,0.0
0,360,29,2.862221602182469,EXECUTE,SUCCESS,8765180,0,0.0
0,361,30,2.858736609063518,EXECUTE,SUCCESS,8765181,0,0.0
0,362,31,2.8552473623138117,EXECUTE,SUCCESS,8765182,0,0.0
0,363,35,2.768347882763288,EXECUTE,SUCCESS,8765187,0,0.0
0,364,36,2.7647445632463006,EXECUTE,SUCCESS,8765188,0,0.0
0,365,40,2.7611365413539364,EXECUTE,SUCCESS,8765189,0,0.0
0,366,41,2.757523798628033,EXECUTE,SUCCESS,8765190,0,0.0
0,367,42,2.7161783814764404,EXECUTE,SUCCESS,8765193,0,0.0
0,368,44,2.7125057603625424,EXECUTE,SUCCESS,8765194,0,0.0
0,369,46,2.699594877013952,EXECUTE,SUCCESS,8765196,0,0.0
0,370,49,2.6958996643050295,EXECUTE,SUCCESS,8765197,0,0.0
0,371,51,2.6921993796893964,EXECUTE,SUCCESS,8765198,0,0.0
0,372,52,2.6498349005173827,EXECUTE,SUCCESS,8765201,0,0.0
0,373,54,2.6153035196703205,EXECUTE,SUCCESS,8765204,0,0.0
0,374,55,2.510216624118318,EXECUTE,SUCCESS,8765210,0,0.0
0,375,56,2.4005337948048067,EXECUTE,SUCCESS,8765216,0,0.0
0,376,57,2.2855934677890484,EXECUTE,SUCCESS,8765222,0,0.0
0,377,58,2.164558269023952,EXECUTE,SUCCESS,8765228,0,0.0
0,378,61,2.122145141124887,EXECUTE,SUCCESS,8765231,0,0.0
0,379,62,2.078866878854913,EXECUTE,SUCCESS,8765234,0,0.0
0,380,63,2.0000937478028376,EXECUTE,SUCCESS,8765240,0,0.0
0,381,64,2.0000937478028376,EXECUTE,SUCCESS,8765246,0,0.0
0,382,65,2.0000937478028376,EXECUTE,SUCCESS,8765252,0,0.0
0,383,66,2.0000937478028376,EXECUTE,SUCCESS,8765258,0,0.0
0,384,68,2.000031249755863,EXECUTE,SUCCESS,8765260,0,0.0
0,385,69,2.0000781234741805,EXECUTE,SUCCESS,8765265,0,0.0
0,386,70,2.0000937478028376,EXECUTE,SUCCESS,8765271,0,0.0
0,387,71,2.0000781234741805,EXECUTE,SUCCESS,8765276,0,0.0
0,388,72,2.0000781234741805,EXECUTE,SUCCESS,8765281,0,0.0
0,389,73,2.0000781234741805,EXECUTE,SUCCESS,8765286,0,0.0
0,390,76,2.0000468744506965,EXECUTE,SUCCESS,8765289,0,0.0
0,391,77,2.0000937478028376,EXECUTE,SUCCESS,8765295,0,0.0
0,392,78,2.0000937478028376,EXECUTE,SUCCESS,8765301,0,0.0
0,393,79,2.0000937478028376,EXECUTE,SUCCESS,8765307,0,0.0
0,394,80,2.0000937478028376,EXECUTE,SUCCESS,8765313,0,0.0
0,395,84,2.0000156249389653,EXECUTE,SUCCESS,8765314,0,0.0
0,396,86,2.0000156249389653,EXECUTE,SUCCESS,8765315,0,0.0
0,397,87,2.0000468744506965,EXECUTE,SUCCESS,8765318,0,0.0
0,398,88,2.0000937478028376,EXECUTE,SUCCESS,8765324,0,0.0
0,399,92,2.0000156249389653,EXECUTE,SUCCESS,8765325,0,0.0
0,400,94,2.0000156249389653,EXECUTE,SUCCESS,8765326,0,0.0
0,401,95,2.0000468744506965,EXECUTE,SUCCESS,8765329,0,0.0
0,402,96,2.0000781234741805,EXECUTE,SUCCESS,8765334,0,0.0
0,403,100,2.0000156249389653,EXECUTE,SUCCESS,8765335,0,0.0
0,404,102,2.0000156249389653,EXECUTE,SUCCESS,8765336,0,0.0
0,405,105,2.000031249755863,EXECUTE,SUCCESS,8765338,0,0.0
0,406,106,2.000031249755863,EXECUTE,SUCCESS,8765340,0,0.0
0,407,107,2.000031249755863,EXECUTE,SUCCESS,8765342,0,0.0
0,408,108,2.000031249755863,EXECUTE,SUCCESS,8765344,0,0.0
0,409,109,2.000031249755863,EXECUTE,SUCCESS,8765346,0,0.0
0,410,112,2.000031249755863,EXECUTE,SUCCESS,8765348,0,0.0
0,411,113,2.000031249755863,EXECUTE,SUCCESS,8765350,0,0.0
0,412,114,2.000031249755863,EXECUTE,SUCCESS,8765352,0,0.0
0,413,115,2.000031249755863,EXECUTE,SUCCESS,8765354,0,0.0
0,414,116,2.000031249755863,EXECUTE,SUCCESS,8765356,0,0.0
0,415,117,2.000031249755863,EXECUTE,SUCCESS,8765358,0,0.0
0,416,120,2.000031249755863,EXECUTE,SUCCESS,8765360,0,0.0
0,417,121,2.000031249755863,EXECUTE,SUCCESS,8765362,0,0.0
0,418,122,2.000031249755863,EXECUTE,SUCCESS,8765364,0,0.0
0,419,123,2.000031249755863,EXECUTE,SUCCESS,8765366,0,0.0
0,420,124,2.000031249755863,EXECUTE,SUCCESS,8765368,0,0.0
0,421,127,2.0000156249389653,EXECUTE,SUCCESS,8765369,0,0.0
0,422,129,2.0000156249389653,EXECUTE,SUCCESS,8765370,0,0.0
0,423,130,2.0000156249389653,EXECUTE,SUCCESS,8765371,0,0.0
0,424,131,2.0000468744506965,EXECUTE,SUCCESS,8765374,0,0.0
0,425,132,2.0000468744506965,EXECUTE,SUCCESS,8765377,0,0.0
0,426,133,2.0000468744506965,EXECUTE,SUCCESS,8765380,0,0.0
0,427,134,2.0000468744506965,EXECUTE,SUCCESS,8765383,0,0.0
0,428,135,2.0000468744506965,EXECUTE,SUCCESS,8765386,0,0.0
0,429,136,2.0000468744506965,EXECUTE,SUCCESS,8765389,0,0.0
0,430,138,2.0000468744506965,EXECUTE,SUCCESS,8765392,0,0.0
0,431,139,2.0000468744506965,EXECUTE,SUCCESS,8765395,0,0.0
0,432,140,2.0,EXECUTE,CRASH,8765637,239,0.0149375
0,344,193,2.996675240996262,EXECUTE,SUCCESS,8845638,0,0.0
0,345,7,2.993346789130855,EXECUTE,SUCCESS,8845639,0,0.0
0,346,15,2.9105733971161074,EXECUTE,SUCCESS,8845644,0,0.0
0,347,16,2.9071463671442475,EXECUTE,SUCCESS,8845645,0,0.0
0,348,17,2.0,EXECUTE,CRASH,8845655,9,0.0005625
0,344,193,2.996675240996262,EXECUTE,SUCCESS,8925656,0,0.0
0,345,7,2.993346789130855,EXECUTE,SUCCESS,8925657,0,0.0
0,346,15,2.9105733971161074,EXECUTE,SUCCESS,8925662,0,0.0
0,347,16,2.9071463671442475,EXECUTE,SUCCESS,8925663,0,0.0
0,348,17,2.065792826011358,CHECKPOINT,SUCCESS,8925919,0,0.0
0,348,17,2.0609615474336227,EXECUTE,SUCCESS,8925920,0,0.0
0,349,18,2.056118916794453,EXECUTE,SUCCESS,8925921,0,0.0
0,350,19,2.0512648536939335,EXECUTE,SUCCESS,8925922,0,0.0
0,351,20,2.0463992767786046,EXECUTE,SUCCESS,8925923,0,0.0
0,352,21,2.04152210372555,EXECUTE,SUCCESS,8925924,0,0.0
0,353,22,2.0366332512261494,EXECUTE,SUCCESS,8925925,0,0.0
0,354,23,2.0317326349694724,EXECUTE,SUCCESS,8925926,0,0.0
0,355,24,2.0268201696253163,EXECUTE,SUCCESS,8925927,0,0.0
0,356,25,2.0218957688268695,EXECUTE,SUCCESS,8925928,0,0.0
0,357,26,2.016959345152995,EXECUTE,SUCCESS,8925929,0,0.0
0,358,27,2.0120108101101244,EXECUTE,SUCCESS,8925930,0,0.0
0,359,28,2.0070500741137476,EXECUTE,SUCCESS,8925931,0,0.0
0,360,29,2.002077046469491,EXECUTE,SUCCESS,8925932,0,0.0
0,361,30,2.0000156249389653,EXECUTE,SUCCESS,8925933,0,0.0
0,362,31,2.0000156249389653,EXECUTE,SUCCESS,8925934,0,0.0
0,363,35,2.0000781234741805,EXECUTE,SUCCESS,8925939,0,0.0
0,364,36,2.0000156249389653,EXECUTE,SUCCESS,8925940,0,0.0
0,365,40,2.0000156249389653,EXECUTE,SUCCESS,8925941,0,0.0
0,366,41,2.0000156249389653,EXECUTE,SUCCESS,8925942,0,0.0
0,367,42,2.0000468744506965,EXECUTE,SUCCESS,8925945,0,0.0
0,368,44,2.0000156249389653,EXECUTE,SUCCESS,8925946,0,0.0
0,369,46,2.000031249755863,EXECUTE,SUCCESS,8925948,0,0.0
0,370,49,2.0000156249389653,EXECUTE,SUCCESS,8925949,0,0.0
0,371,51,2.0000156249389653,EXECUTE,SUCCESS,8925950,0,0.0
0,372,52,2.0000468744506965,EXECUTE,SUCCESS,8925953,0,0.0
0,373,54,2.0000468744506965,EXECUTE,SUCCESS,8925956,0,0.0
0,374,55,2.0000937478028376,EXECUTE,SUCCESS,8925962,0,0.0
0,375,56,2.0000937478028376,EXECUTE,SUCCESS,8925968,0,0.0
0,376,57,2.0000937478028376,EXECUTE,SUCCESS,8925974,0,0.0
0,377,58,2.0000937478028376,EXECUTE,SUCCESS,8925980,0,0.0
0,378,61,2.0000468744506965,EXECUTE,SUCCESS,8925983,0,0.0
0,379,62,2.0000468744506965,EXECUTE,SUCCESS,8925986,0,0.0
0,380,63,2.0000937478028376,EXECUTE,SUCCESS,8925992,0,0.0
0,381,64,2.0000937478028376,EXECUTE,SUCCESS,8925998,0,0.0
0,382,65,2.0000937478028376,EXECUTE,SUCCESS,8926004,0,0.0
0,383,66,2.0000937478028376,EXECUTE,SUCCESS,8926010,0,0.0
0,384,68,2.000031249755863,EXECUTE,SUCCESS,8926012,0,0.0
0,385,69,2.0000781234741805,EXECUTE,SUCCESS,8926017,0,0.0
0,386,70,2.0000937478028376,EXECUTE,SUCCESS,8926023,0,0.0
0,387,71,2.0000781234741805,EXECUTE,SUCCESS,8926028,0,0.0
0,388,72,2.0000781234741805,EXECUTE,SUCCESS,8926033,0,0.0
0,389,73,2.0000781234741805,EXECUTE,SUCCESS,8926038,0,0.0
0,390,76,2.0000468744506965,EXECUTE,SUCCESS,8926041,0,0.0
0,391,77,2.0000937478028376,EXECUTE,SUCCESS,8926047,0,0.0
0,392,78,2.0000937478028376,EXECUTE,SUCCESS,8926053,0,0.0
0,393,79,2.0000937478028376,EXECUTE,SUCCESS,8926059,0,0.0
0,394,80,2.0000937478028376,EXECUTE,SUCCESS,8926065,0,0.0
0,395,84,2.0000156249389653,EXECUTE,SUCCESS,8926066,0,0.0
0,396,86,2.0000156249389653,EXECUTE,SUCCESS,8926067,0,0.0
0,397,87,2.0000468744506965,EXECUTE,SUCCESS,8926070,0,0.0
0,398,88,2.0000937478028376,EXECUTE,SUCCESS,8926076,0,0.0
0,399,92,2.0000156249389653,EXECUTE,SUCCESS,8926077,0,0.0
0,400,94,2.0000156249389653,EXECUTE,SUCCESS,8926078,0,0.0
0,401,95,2.0000468744506965,EXECUTE,SUCCESS,8926081,0,0.0
0,402,96,2.0000781234741805,EXECUTE,SUCCESS,8926086,0,0.0
0,403,100,2.0000156249389653,EXECUTE,SUCCESS,8926087,0,0.0
0,404,102,2.0000156249389653,EXECUTE,SUCCESS,8926088,0,0.0
0,405,105,2.000031249755863,EXECUTE,SUCCESS,8926090,0,0.0
0,406,106,2.000031249755863,EXECUTE,SUCCESS,8926092,0,0.0
0,407,107,2.000031249755863,EXECUTE,SUCCESS,8926094,0,0.0
0,408,108,2.000031249755863,EXECUTE,SUCCESS,8926096,0,0.0
0,409,109,2.000031249755863,EXECUTE,SUCCESS,8926098,0,0.0
0,410,112,2.000031249755863,EXECUTE,SUCCESS,8926100,0,0.0
0,411,113,2.000031249755863,EXECUTE,SUCCESS,8926102,0,0.0
0,412,114,2.000031249755863,EXECUTE,SUCCESS,8926104,0,0.0
0,413,115,2.000031249755863,EXECUTE,SUCCESS,8926106,0,0.0
0,414,116,2.000031249755863,EXECUTE,SUCCESS,8926108,0,0.0
0,415,117,2.000031249755863,EXECUTE,SUCCESS,8926110,0,0.0
0,416,120,2.000031249755863,EXECUTE,SUCCESS,8926112,0,0.0
0,417,121,2.000031249755863,EXECUTE,SUCCESS,8926114,0,0.0
0,418,122,2.000031249755863,EXECUTE,SUCCESS,8926116,0,0.0
0,419,123,2.000031249755863,EXECUTE,SUCCESS,8926118,0,0.0
0,420,124,2.0,EXECUTE,CRASH,8926321,201,0.0125625
0,348,17,2.996675240996262,EXECUTE,SUCCESS,9006322,0,0.0
0,349,18,2.993346789130855,EXECUTE,SUCCESS,9006323,0,0.0
0,350,19,2.990014632071221,EXECUTE,SUCCESS,9006324,0,0.0
0,351,20,2.9866787574160027,EXECUTE,SUCCESS,9006325,0,0.0
0,352,21,2.98333915269451,EXECUTE,SUCCESS,9006326,0,0.0
0,353,22,2.979995805366175,EXECUTE,SUCCESS,9006327,0,0.0
0,354,23,2.9766487028200013,EXECUTE,SUCCESS,9006328,0,0.0
0,355,24,2.9732978323740116,EXECUTE,SUCCESS,9006329,0,0.0
0,356,25,2.969943181274685,EXECUTE,SUCCESS,9006330,0,0.0
0,357,26,2.966584736696391,EXECUTE,SUCCESS,9006331,0,0.0
0,358,27,2.9632224857408187,EXECUTE,SUCCESS,9006332,0,0.0
0,359,28,2.959856415436397,EXECUTE,SUCCESS,9006333,0,0.0
0,360,29,2.956486512737712,EXECUTE,SUCCESS,9006334,0,0.0
0,361,30,2.9531127645249162,EXECUTE,SUCCESS,9006335,0,0.0
0,362,31,2.9497351576031354,EXECUTE,SUCCESS,9006336,0,0.0
0,363,35,2.8657023571892446,EXECUTE,SUCCESS,9006341,0,0.0
0,364,36,2.8622216021824705,EXECUTE,SUCCESS,9006342,0,0.0
0,365,40,2.858736609063519,EXECUTE,SUCCESS,9006343,0,0.0
0,366,41,2.8552473623138126,EXECUTE,SUCCESS,9006344,0,0.0
0,367,42,2.815337457570581,EXECUTE,SUCCESS,9006347,0,0.0
0,368,44,2.811794355922919,EXECUTE,SUCCESS,9006348,0,0.0
0,369,46,2.7993414404105805,EXECUTE,SUCCESS,9006350,0,0.0
0,370,49,2.7957780670146164,EXECUTE,SUCCESS,9006351,0,0.0
0,371,51,2.792210146102901,EXECUTE,SUCCESS,9006352,0,0.0
0,372,52,2.7513860143571245,EXECUTE,SUCCESS,9006355,0,0.0
0,373,54,2.7181450476381834,EXECUTE,SUCCESS,9006358,0,0.0
0,374,55,2.0,EXECUTE,CRASH,9006407,43,0.0026875
0,348,17,2.996675240996262,EXECUTE,SUCCESS,9086408,0,0.0
0,349,18,2.993346789130855,EXECUTE,SUCCESS,9086409,0,0.0
0,350,19,2.990014632071221,EXECUTE,SUCCESS,9086410,0,0.0
0,351,20,2.9866787574160027,EXECUTE,SUCCESS,9086411,0,0.0
0,352,21,2.98333915269451,EXECUTE,SUCCESS,9086412,0,0.0
0,353,22,2.979995805366175,EXECUTE,SUCCESS,9086413,0,0.0
0,354,23,2.9766487028200013,EXECUTE,SUCCESS,9086414,0,0.0
0,355,24,2.0,EXECUTE,CRASH,9086423,8,0.0005
0,348,17,2.996675240996262,EXECUTE,SUCCESS,9230424,0,0.0
0,349,18,2.993346789130855,EXECUTE,SUCCESS,9230425,0,0.0
0,350,19,2.990014632071221,EXECUTE,SUCCESS,9230426,0,0.0
0,351,20,2.0,EXECUTE,CRASH,9230431,4,0.00025
0,348,17,2.996675240996262,EXECUTE,SUCCESS,9310432,0,0.0
0,349,18,2.993346789130855,EXECUTE,SUCCESS,9310433,0,0.0
0,350,19,2.990014632071221,EXECUTE,SUCCESS,9310434,0,0.0
0,351,20,2.9866787574160027,EXECUTE,SUCCESS,9310435,0,0.0
0,352,21,2.98333915269451,EXECUTE,SUCCESS,9310436,0,0.0
0,353,22,2.979995805366175,EXECUTE,SUCCESS,9310437,0,0.0
0,354,23,2.9766487028200013,EXECUTE,SUCCESS,9310438,0,0.0
0,355,24,2.9732978323740116,EXECUTE,SUCCESS,9310439,0,0.0
0,356,25,2.969943181274685,EXECUTE,SUCCESS,9310440,0,0.0
0,357,26,2.966584736696391,EXECUTE,SUCCESS,9310441,0,0.0
0,358,27,2.9632224857408187,EXECUTE,SUCCESS,9310442,0,0.0
0,359,28,2.959856415436397,EXECUTE,SUCCESS,9310443,0,0.0
0,360,29,2.956486512737712,EXECUTE,SUCCESS,9310444,0,0.0
0,361,30,2.9531127645249162,EXECUTE,SUCCESS,9310445,0,0.0
0,362,31,2.9497351576031354,EXECUTE,SUCCESS,9310446,0,0.0
0,363,35,2.8657023571892446,EXECUTE,SUCCESS,9310451,0,0.0
0,364,36,2.8622216021824705,EXECUTE,SUCCESS,9310452,0,0.0
0,365,40,2.858736609063519,EXECUTE,SUCCESS,9310453,0,0.0
0,366,41,2.8552473623138126,EXECUTE,SUCCESS,9310454,0,0.0
0,367,42,2.815337457570581,EXECUTE,SUCCESS,9310457,0,0.0
0,368,44,2.811794355922919,EXECUTE,SUCCESS,9310458,0,0.0
0,369,46,2.7993414404105805,EXECUTE,SUCCESS,9310460,0,0.0
0,370,49,2.7957780670146164,EXECUTE,SUCCESS,9310461,0,0.0
0,371,51,2.792210146102901,EXECUTE,SUCCESS,9310462,0,0.0
0,372,52,2.7513860143571245,EXECUTE,SUCCESS,9310465,0,0.0
0,373,54,2.7181450476381834,EXECUTE,SUCCESS,9310468,0,0.0
0,374,55,2.617190764923334,EXECUTE,SUCCESS,9310474,0,0.0
0,375,56,2.5121828157998345,EXECUTE,SUCCESS,9310480,0,0.0
0,376,57,2.4025897485838037,EXECUTE,SUCCESS,9310486,0,0.0
0,377,58,2.287752718280537,EXECUTE,SUCCESS,9310492,0,0.0
0,378,61,2.2476654555338045,EXECUTE,SUCCESS,9310495,0,0.0
0,379,62,2.2068501308425965,EXECUTE,SUCCESS,9310498,0,0.0
0,380,63,2.0812406155944543,EXECUTE,SUCCESS,9310504,0,0.0
0,381,64,2.0000937478028376,EXECUTE,SUCCESS,9310510,0,0.0
0,382,65,2.0000937478028376,EXECUTE,SUCCESS,9310516,0,0.0
0,383,66,2.0000937478028376,EXECUTE,SUCCESS,9310522,0,0.0
0,384,68,2.000031249755863,EXECUTE,SUCCESS,9310524,0,0.0
0,385,69,2.0000781234741805,EXECUTE,SUCCESS,9310529,0,0.0
0,386,70,2.0000937478028376,EXECUTE,SUCCESS,9310535,0,0.0
0,387,71,2.0000781234741805,EXECUTE,SUCCESS,9310540,0,0.0
0,388,72,2.0000781234741805,EXECUTE,SUCCESS,9310545,0,0.0
0,389,73,2.0000781234741805,EXECUTE,SUCCESS,9310550,0,0.0
0,390,76,2.0000468744506965,EXECUTE,SUCCESS,9310553,0,0.0
0,391,77,2.0000937478028376,EXECUTE,SUCCESS,9310559,0,0.0
0,392,78,2.0000937478028376,EXECUTE,SUCCESS,9310565,0,0.0
0,393,79,2.0000937478028376,EXECUTE,SUCCESS,9310571,0,0.0
0,394,80,2.0000937478028376,EXECUTE,SUCCESS,9310577,0,0.0
0,395,84,2.0000156249389653,EXECUTE,SUCCESS,9310578,0,0.0
0,396,86,2.0000156249389653,EXECUTE,SUCCESS,9310579,0,0.0
0,397,87,2.0000468744506965,EXECUTE,SUCCESS,9310582,0,0.0
0,398,88,2.0000937478028376,EXECUTE,SUCCESS,9310588,0,0.0
0,399,92,2.0000156249389653,EXECUTE,SUCCESS,9310589,0,0.0
0,400,94,2.0000156249389653,EXECUTE,SUCCESS,9310590,0,0.0
0,401,95,2.0000468744506965,EXECUTE,SUCCESS,9310593,0,0.0
0,402,96,2.0,EXECUTE,CRASH,9310765,167,0.0104375
0,348,17,2.996675240996262,EXECUTE,SUCCESS,9390766,0,0.0
0,349,18,2.993346789130855,EXECUTE,SUCCESS,9390767,0,0.0
0,350,19,2.990014632071221,EXECUTE,SUCCESS,9390768,0,0.0
0,351,20,2.9866787574160027,EXECUTE,SUCCESS,9390769,0,0.0
0,352,21,2.0,EXECUTE,CRASH,9390775,5,0.0003125
0,348,17,2.996675240996262,EXECUTE,SUCCESS,9470776,0,0.0
0,349,18,2.993346789130855,EXECUTE,SUCCESS,9470777,0,0.0
0,350,19,2.990014632071221,EXECUTE,SUCCESS,9470778,0,0.0
0,351,20,2.9866787574160027,EXECUTE,SUCCESS,9470779,0,0.0
0,352,21,2.98333915269451,EXECUTE,SUCCESS,9470780,0,0.0
0,353,22,2.979995805366175,EXECUTE,SUCCESS,9470781,0,0.0
0,354,23,2.9766487028200013,EXECUTE,SUCCESS,9470782,0,0.0
0,355,24,2.9732978323740116,EXECUTE,SUCCESS,9470783,0,0.0
0,356,25,2.969943181274685,EXECUTE,SUCCESS,9470784,0,0.0
0,357,26,2.966584736696391,EXECUTE,SUCCESS,9470785,0,0.0
0,358,27,2.9632224857408187,EXECUTE,SUCCESS,9470786,0,0.0
0,359,28,2.959856415436397,EXECUTE,SUCCESS,9470787,0,0.0
0,360,29,2.956486512737712,EXECUTE,SUCCESS,9470788,0,0.0
0,361,30,2.9531127645249162,EXECUTE,SUCCESS,9470789,0,0.0
0,362,31,2.9497351576031354,EXECUTE,SUCCESS,9470790,0,0.0
0,363,35,2.8657023571892446,EXECUTE,SUCCESS,9470795,0,0.0
0,364,36,2.8622216021824705,EXECUTE,SUCCESS,9470796,0,0.0
0,365,40,2.858736609063519,EXECUTE,SUCCESS,9470797,0,0.0
0,366,41,2.8552473623138126,EXECUTE,SUCCESS,9470798,0,0.0
0,367,42,2.815337457570581,EXECUTE,SUCCESS,9470801,0,0.0
0,368,44,2.811794355922919,EXECUTE,SUCCESS,9470802,0,0.0
0,369,46,2.7993414404105805,EXECUTE,SUCCESS,9470804,0,0.0
0,370,49,2.7957780670146164,EXECUTE,SUCCESS,9470805,0,0.0
0,371,51,2.792210146102901,EXECUTE,SUCCESS,9470806,0,0.0
0,372,52,2.7513860143571245,EXECUTE,SUCCESS,9470809,0,0.0
0,373,54,2.7181450476381834,EXECUTE,SUCCESS,9470812,0,0.0
0,374,55,2.617190764923334,EXECUTE,SUCCESS,9470818,0,0.0
0,375,56,2.5121828157998345,EXECUTE,SUCCESS,9470824,0,0.0
0,376,57,2.4025897485838037,EXECUTE,SUCCESS,9470830,0,0.0
0,377,58,2.287752718280537,EXECUTE,SUCCESS,9470836,0,0.0
0,378,61,2.2476654555338045,EXECUTE,SUCCESS,9470839,0,0.0
0,379,62,2.2068501308425965,EXECUTE,SUCCESS,9470842,0,0.0
0,380,63,2.0812406155944543,EXECUTE,SUCCESS,9470848,0,0.0
0,381,64,2.0000937478028376,EXECUTE,SUCCESS,9470854,0,0.0
0,382,65,2.0000937478028376,EXECUTE,SUCCESS,9470860,0,0.0
0,383,66,2.0000937478028376,EXECUTE,SUCCESS,9470866,0,0.0
0,384,68,2.000031249755863,EXECUTE,SUCCESS,9470868,0,0.0
0,385,69,2.0000781234741805,EXECUTE,SUCCESS,9470873,0,0.0
0,386,70,2.0000937478028376,EXECUTE,SUCCESS,9470879,0,0.0
0,387,71,2.0000781234741805,EXECUTE,SUCCESS,9470884,0,0.0
0,388,72,2.0000781234741805,EXECUTE,SUCCESS,9470889,0,0.0
0,389,73,2.0000781234741805,EXECUTE,SUCCESS,9470894,0,0.0
0,390,76,2.0000468744506965,EXECUTE,SUCCESS,9470897,0,0.0
0,391,77,2.0000937478028376,EXECUTE,SUCCESS,9470903,0,0.0
0,392,78,2.0000937478028376,EXECUTE,SUCCESS,9470909,0,0.0
0,393,79,2.0000937478028376,EXECUTE,SUCCESS,9470915,0,0.0
0,394,80,2.0000937478028376,EXECUTE,SUCCESS,9470921,0,0.0
0,395,84,2.0000156249389653,EXECUTE,SUCCESS,9470922,0,0.0
0,396,86,2.0000156249389653,EXECUTE,SUCCESS,9470923,0,0.0
0,397,87,2.0000468744506965,EXECUTE,SUCCESS,9470926,0,0.0
0,398,88,2.0000937478028376,EXECUTE,SUCCESS,9470932,0,0.0
0,399,92,2.0000156249389653,EXECUTE,SUCCESS,9470933,0,0.0
0,400,94,2.0000156249389653,EXECUTE,SUCCESS,9470934,0,0.0
0,401,95,2.0000468744506965,EXECUTE,SUCCESS,9470937,0,0.0
0,402,96,2.0000781234741805,EXECUTE,SUCCESS,9470942,0,0.0
0,403,100,2.0000156249389653,EXECUTE,SUCCESS,9470943,0,0.0
0,404,102,2.0000156249389653,EXECUTE,SUCCESS,9470944,0,0.0
0,405,105,2.000031249755863,EXECUTE,SUCCESS,9470946,0,0.0
0,406,106,2.000031249755863,EXECUTE,SUCCESS,9470948,0,0.0
0,407,107,2.000031249755863,EXECUTE,SUCCESS,9470950,0,0.0
0,408,108,2.000031249755863,EXECUTE,SUCCESS,9470952,0,0.0
0,409,109,2.000031249755863,EXECUTE,SUCCESS,9470954,0,0.0
0,410,112,2.000031249755863,EXECUTE,SUCCESS,9470956,0,0.0
0,411,113,2.0,EXECUTE,CRASH,9471141,183,0.0114375
0,348,17,2.996675240996262,EXECUTE,SUCCESS,9599142,0,0.0
0,349,18,2.993346789130855,EXECUTE,SUCCESS,9599143,0,0.0
0,350,19,2.990014632071221,EXECUTE,SUCCESS,9599144,0,0.0
0,351,20,2.9866787574160027,EXECUTE,SUCCESS,9599145,0,0.0
0,352,21,2.0,EXECUTE,CRASH,9599151,5,0.0003125
0,348,17,2.996675240996262,EXECUTE,SUCCESS,9679152,0,0.0
0,349,18,2.993346789130855,EXECUTE,SUCCESS,9679153,0,0.0
0,350,19,2.990014632071221,EXECUTE,SUCCESS,9679154,0,0.0
0,351,20,2.9866787574160027,EXECUTE,SUCCESS,9679155,0,0.0
0,352,21,2.1762927192820354,CHECKPOINT,SUCCESS,9679411,0,0.0
0,352,21,2.1717072776965125,EXECUTE,SUCCESS,9679412,0,0.0
0,353,22,2.167112133693132,EXECUTE,SUCCESS,9679413,0,0.0
0,354,23,2.1625072254214546,EXECUTE,SUCCESS,9679414,0,0.0
0,355,24,2.1578924903711023,EXECUTE,SUCCESS,9679415,0,0.0
0,356,25,2.1532678653618547,EXECUTE,SUCCESS,9679416,0,0.0
0,357,26,2.148633286533558,EXECUTE,SUCCESS,9679417,0,0.0
0,358,27,2.143988689335837,EXECUTE,SUCCESS,9679418,0,0.0
0,359,28,2.1393340085176042,EXECUTE,SUCCESS,9679419,0,0.0
0,360,29,2.1346691781163654,EXECUTE,SUCCESS,9679420,0,0.0
0,361,30,2.129994131447314,EXECUTE,SUCCESS,9679421,0,0.0
0,362,31,2.1253088010922077,EXECUTE,SUCCESS,9679422,0,0.0
0,363,35,2.007050074113747,EXECUTE,SUCCESS,9679427,0,0.0
0,364,36,2.002077046469491,EXECUTE,SUCCESS,9679428,0,0.0
0,365,40,2.0000156249389653,EXECUTE,SUCCESS,9679429,0,0.0
0,366,41,2.0000156249389653,EXECUTE,SUCCESS,9679430,0,0.0
0,367,42,2.0000468744506965,EXECUTE,SUCCESS,9679433,0,0.0
0,368,44,2.0000156249389653,EXECUTE,SUCCESS,9679434,0,0.0
0,369,46,2.000031249755863,EXECUTE,SUCCESS,9679436,0,0.0
0,370,49,2.0000156249389653,EXECUTE,SUCCESS,9679437,0,0.0
0,371,51,2.0000156249389653,EXECUTE,SUCCESS,9679438,0,0.0
0,372,52,2.0000468744506965,EXECUTE,SUCCESS,9679441,0,0.0
0,373,54,2.0000468744506965,EXECUTE,SUCCESS,9679444,0,0.0
0,374,55,2.0000937478028376,EXECUTE,SUCCESS,9679450,0,0.0
0,375,56,2.0000937478028376,EXECUTE,SUCCESS,9679456,0,0.0
0,376,57,2.0000937478028376,EXECUTE,SUCCESS,9679462,0,0.0
0,377,58,2.0000937478028376,EXECUTE,SUCCESS,9679468,0,0.0
0,378,61,2.0000468744506965,EXECUTE,SUCCESS,9679471,0,0.0
0,379,62,2.0000468744506965,EXECUTE,SUCCESS,9679474,0,0.0
0,380,63,2.0000937478028376,EXECUTE,SUCCESS,9679480,0,0.0
0,381,64,2.0000937478028376,EXECUTE,SUCCESS,9679486,0,0.0
0,382,65,2.0000937478028376,EXECUTE,SUCCESS,9679492,0,0.0
0,383,66,2.0000937478028376,EXECUTE,SUCCESS,9679498,0,0.0
0,384,68,2.000031249755863,EXECUTE,SUCCESS,9679500,0,0.0
0,385,69,2.0,EXECUTE,CRASH,9679599,94,0.005875
0,352,21,2.996675240996262,EXECUTE,SUCCESS,9775600,0,0.0
0,353,22,2.993346789130855,EXECUTE,SUCCESS,9775601,0,0.0
0,354,23,2.990014632071221,EXECUTE,SUCCESS,9775602,0,0.0
0,355,24,2.9866787574160027,EXECUTE,SUCCESS,9775603,0,0.0
0,356,25,2.98333915269451,EXECUTE,SUCCESS,9775604,0,0.0
0,357,26,2.979995805366175,EXECUTE,SUCCESS,9775605,0,0.0
0,358,27,2.9766487028200013,EXECUTE,SUCCESS,9775606,0,0.0
0,359,28,2.9732978323740116,EXECUTE,SUCCESS,9775607,0,0.0
0,360,29,2.969943181274685,EXECUTE,SUCCESS,9775608,0,0.0
0,361,30,2.966584736696391,EXECUTE,SUCCESS,9775609,0,0.0
0,362,31,2.9632224857408187,EXECUTE,SUCCESS,9775610,0,0.0
0,363,35,2.8795833031881535,EXECUTE,SUCCESS,9775615,0,0.0
0,364,36,2.8761193473150577,EXECUTE,SUCCESS,9775616,0,0.0
0,365,40,2.8726512144707006,EXECUTE,SUCCESS,9775617,0,0.0
0,366,41,2.869178889508284,EXECUTE,SUCCESS,9775618,0,0.0
0,367,42,2.829465497227346,EXECUTE,SUCCESS,9775621,0,0.0
0,368,44,2.825940109061052,EXECUTE,SUCCESS,9775622,0,0.0
0,369,46,2.8135498040731375,EXECUTE,SUCCESS,9775624,0,0.0
0,370,49,2.8100044483950533,EXECUTE,SUCCESS,9775625,0,0.0
0,371,51,2.8064546139212703,EXECUTE,SUCCESS,9775626,0,0.0
0,372,52,2.765840740172866,EXECUTE,SUCCESS,9775629,0,0.0
0,373,54,2.732775603667448,EXECUTE,SUCCESS,9775632,0,0.0
0,374,55,2.6323824760091354,EXECUTE,SUCCESS,9775638,0,0.0
0,375,56,2.5280056368608017,EXECUTE,SUCCESS,9775644,0,0.0
0,376,57,2.4191294921934188,EXECUTE,SUCCESS,9775650,0,0.0
0,377,58,2.305116591411373,EXECUTE,SUCCESS,9775656,0,0.0
0,378,61,2.265336619577759,EXECUTE,SUCCESS,9775659,0,0.0
0,379,62,2.2248455002538914,EXECUTE,SUCCESS,9775662,0,0.0
0,380,63,2.1003124767519687,EXECUTE,SUCCESS,9775668,0,0.0
0,381,64,2.0000937478028376,EXECUTE,SUCCESS,9775674,0,0.0
0,382,65,2.0000937478028376,EXECUTE,SUCCESS,9775680,0,0.0
0,383,66,2.0000937478028376,EXECUTE,SUCCESS,9775686,0,0.0
0,384,68,2.000031249755863,EXECUTE,SUCCESS,9775688,0,0.0
0,385,69,2.0000781234741805,EXECUTE,SUCCESS,9775693,0,0.0
0,386,70,2.0000937478028376,EXECUTE,SUCCESS,9775699,0,0.0
0,387,71,2.0000781234741805,EXECUTE,SUCCESS,9775704,0,0.0
0,388,72,2.0000781234741805,EXECUTE,SUCCESS,9775709,0,0.0
0,389,73,2.0000781234741805,EXECUTE,SUCCESS,9775714,0,0.0
0,390,76,2.0000468744506965,EXECUTE,SUCCESS,9775717,0,0.0
0,391,77,2.0000937478028376,EXECUTE,SUCCESS,9775723,0,0.0
0,392,78,2.0,EXECUTE,CRASH,9775859,130,0.008125
0,352,21,2.996675240996262,EXECUTE,SUCCESS,9855860,0,0.0
0,353,22,2.993346789130855,EXECUTE,SUCCESS,9855861,0,0.0
0,354,23,2.990014632071221,EXECUTE,SUCCESS,9855862,0,0.0
0,355,24,2.9866787574160027,EXECUTE,SUCCESS,9855863,0,0.0
0,356,25,2.98333915269451,EXECUTE,SUCCESS,9855864,0,0.0
0,357,26,2.979995805366175,EXECUTE,SUCCESS,9855865,0,0.0
0,358,27,2.9766487028200013,EXECUTE,SUCCESS,9855866,0,0.0
0,359,28,2.9732978323740116,EXECUTE,SUCCESS,9855867,0,0.0
0,360,29,2.969943181274685,EXECUTE,SUCCESS,9855868,0,0.0
0,361,30,2.966584736696391,EXECUTE,SUCCESS,9855869,0,0.0
0,362,31,2.9632224857408187,EXECUTE,SUCCESS,9855870,0,0.0
0,363,35,2.8795833031881535,EXECUTE,SUCCESS,9855875,0,0.0
0,364,36,2.8761193473150577,EXECUTE,SUCCESS,9855876,0,0.0
0,365,40,2.8726512144707006,EXECUTE,SUCCESS,9855877,0,0.0
0,366,41,2.869178889508284,EXECUTE,SUCCESS,9855878,0,0.0
0,367,42,2.829465497227346,EXECUTE,SUCCESS,9855881,0,0.0
0,368,44,2.825940109061052,EXECUTE,SUCCESS,9855882,0,0.0
0,369,46,2.8135498040731375,EXECUTE,SUCCESS,9855884,0,0.0
0,370,49,2.8100044483950533,EXECUTE,SUCCESS,9855885,0,0.0
0,371,51,2.8064546139212703,EXECUTE,SUCCESS,9855886,0,0.0
0,372,52,2.765840740172866,EXECUTE,SUCCESS,9855889,0,0.0
0,373,54,2.732775603667448,EXECUTE,SUCCESS,9855892,0,0.0
0,374,55,2.6323824760091354,EXECUTE,SUCCESS,9855898,0,0.0
0,375,56,2.5280056368608017,EXECUTE,SUCCESS,9855904,0,0.0
0,376,57,2.4191294921934188,EXECUTE,SUCCESS,9855910,0,0.0
0,377,58,2.305116591411373,EXECUTE,SUCCESS,9855916,0,0.0
0,378,61,2.265336619577759,EXECUTE,SUCCESS,9855919,0,0.0
0,379,62,2.2248455002538914,EXECUTE,SUCCESS,9855922,0,0.0
0,380,63,2.1003124767519687,EXECUTE,SUCCESS,9855928,0,0.0
0,381,64,2.0000937478028376,EXECUTE,SUCCESS,9855934,0,0.0
0,382,65,2.0000937478028376,EXECUTE,SUCCESS,9855940,0,0.0
0,383,66,2.0000937478028376,EXECUTE,SUCCESS,9855946,0,0.0
0,384,68,2.000031249755863,EXECUTE,SUCCESS,9855948,0,0.0
0,385,69,2.0000781234741805,EXECUTE,SUCCESS,9855953,0,0.0
0,386,70,2.0000937478028376,EXECUTE,SUCCESS,9855959,0,0.0
0,387,71,2.0000781234741805,EXECUTE,SUCCESS,9855964,0,0.0
0,388,72,2.0000781234741805,EXECUTE,SUCCESS,9855969,0,0.0
0,389,73,2.0000781234741805,EXECUTE,SUCCESS,9855974,0,0.0
0,390,76,2.0000468744506965,EXECUTE,SUCCESS,9855977,0,0.0
0,391,77,2.0000937478028376,EXECUTE,SUCCESS,9855983,0,0.0
0,392,78,2.0000937478028376,EXECUTE,SUCCESS,9855989,0,0.0
0,393,79,2.0000937478028376,EXECUTE,SUCCESS,9855995,0,0.0
0,394,80,2.0000937478028376,EXECUTE,SUCCESS,9856001,0,0.0
0,395,84,2.0000156249389653,EXECUTE,SUCCESS,9856002,0,0.0
0,396,86,2.0000156249389653,EXECUTE,SUCCESS,9856003,0,0.0
0,397,87,2.0000468744506965,EXECUTE,SUCCESS,9856006,0,0.0
0,398,88,2.0000937478028376,EXECUTE,SUCCESS,9856012,0,0.0
0,399,92,2.0000156249389653,EXECUTE,SUCCESS,9856013,0,0.0
0,400,94,2.0000156249389653,EXECUTE,SUCCESS,9856014,0,0.0
0,401,95,2.0000468744506965,EXECUTE,SUCCESS,9856017,0,0.0
0,402,96,2.0000781234741805,EXECUTE,SUCCESS,9856022,0,0.0
0,403,100,2.0000156249389653,EXECUTE,SUCCESS,9856023,0,0.0
0,404,102,2.0000156249389653,EXECUTE,SUCCESS,9856024,0,0.0
0,405,105,2.000031249755863,EXECUTE,SUCCESS,9856026,0,0.0
0,406,106,2.000031249755863,EXECUTE,SUCCESS,9856028,0,0.0
0,407,107,2.000031249755863,EXECUTE,SUCCESS,9856030,0,0.0
0,408,108,2.000031249755863,EXECUTE,SUCCESS,9856032,0,0.0
0,409,109,2.000031249755863,EXECUTE,SUCCESS,9856034,0,0.0
0,410,112,2.000031249755863,EXECUTE,SUCCESS,9856036,0,0.0
0,411,113,2.000031249755863,EXECUTE,SUCCESS,9856038,0,0.0
0,412,114,2.000031249755863,EXECUTE,SUCCESS,9856040,0,0.0
0,413,115,2.000031249755863,EXECUTE,SUCCESS,9856042,0,0.0
0,414,116,2.000031249755863,EXECUTE,SUCCESS,9856044,0,0.0
0,415,117,2.000031249755863,EXECUTE,SUCCESS,9856046,0,0.0
0,416,120,2.000031249755863,EXECUTE,SUCCESS,9856048,0,0.0
0,417,121,2.000031249755863,EXECUTE,SUCCESS,9856050,0,0.0
0,418,122,2.000031249755863,EXECUTE,SUCCESS,9856052,0,0.0
0,419,123,2.000031249755863,EXECUTE,SUCCESS,9856054,0,0.0
0,420,124,2.000031249755863,EXECUTE,SUCCESS,9856056,0,0.0
0,421,127,2.0000156249389653,EXECUTE,SUCCESS,9856057,0,0.0
0,422,129,2.0000156249389653,EXECUTE,SUCCESS,9856058,0,0.0
0,423,130,2.0000156249389653,EXECUTE,SUCCESS,9856059,0,0.0
0,424,131,2.0000468744506965,EXECUTE,SUCCESS,9856062,0,0.0
0,425,132,2.0000468744506965,EXECUTE,SUCCESS,9856065,0,0.0
0,426,133,2.0000468744506965,EXECUTE,SUCCESS,9856068,0,0.0
0,427,134,2.0000468744506965,EXECUTE,SUCCESS,9856071,0,0.0
0,428,135,2.0000468744506965,EXECUTE,SUCCESS,9856074,0,0.0
0,429,136,2.0000468744506965,EXECUTE,SUCCESS,9856077,0,0.0
0,430,138,2.0000468744506965,EXECUTE,SUCCESS,9856080,0,0.0
0,431,139,2.0000468744506965,EXECUTE,SUCCESS,9856083,0,0.0
0,432,140,2.0000468744506965,EXECUTE,SUCCESS,9856086,0,0.0
0,433,141,2.0000468744506965,EXECUTE,SUCCESS,9856089,0,0.0
0,434,145,2.0000156249389653,EXECUTE,SUCCESS,9856090,0,0.0
0,435,147,2.000031249755863,EXECUTE,SUCCESS,9856092,0,0.0
0,436,149,2.0000156249389653,EXECUTE,SUCCESS,9856093,0,0.0
0,437,151,2.0000468744506965,EXECUTE,SUCCESS,9856096,0,0.0
0,438,152,2.0000156249389653,EXECUTE,SUCCESS,9856097,0,0.0
0,439,153,2.0000156249389653,EXECUTE,SUCCESS,9856098,0,0.0
0,440,154,2.0000156249389653,EXECUTE,SUCCESS,9856099,0,0.0
0,441,155,2.0000156249389653,EXECUTE,SUCCESS,9856100,0,0.0
0,442,158,2.0000156249389653,EXECUTE,SUCCESS,9856101,0,0.0
0,443,159,2.0000156249389653,EXECUTE,SUCCESS,9856102,0,0.0
0,444,160,2.0000156249389653,EXECUTE,SUCCESS,9856103,0,0.0
0,445,163,2.0000156249389653,EXECUTE,SUCCESS,9856104,0,0.0
0,446,165,2.0000156249389653,EXECUTE,SUCCESS,9856105,0,0.0
0,447,167,2.0000468744506965,EXECUTE,SUCCESS,9856108,0,0.0
0,448,168,2.0000468744506965,EXECUTE,SUCCESS,9856111,0,0.0
0,449,169,2.0000468744506965,EXECUTE,SUCCESS,9856114,0,0.0
0,450,171,2.0000156249389653,EXECUTE,SUCCESS,9856115,0,0.0
0,451,174,2.0000156249389653,EXECUTE,SUCCESS,9856116,0,0.0
0,452,176,2.0000156249389653,EXECUTE,SUCCESS,9856117,0,0.0
0,453,182,2.0000468744506965,EXECUTE,SUCCESS,9856120,0,0.0
0,454,183,2.0000156249389653,EXECUTE,SUCCESS,9856121,0,0.0
0,455,186,2.0000156249389653,EXECUTE,SUCCESS,9856122,0,0.0
0,456,189,2.0000156249389653,EXECUTE,SUCCESS,9856123,0,0.0
0,457,191,2.0000156249389653,EXECUTE,SUCCESS,9856124,0,0.0
0,458,192,2.0,EXECUTE,CRASH,9856391,266,0.016625
0,352,21,2.996675240996262,EXECUTE,SUCCESS,9936392,0,0.0
0,353,22,2.993346789130855,EXECUTE,SUCCESS,9936393,0,0.0
0,354,23,2.990014632071221,EXECUTE,SUCCESS,9936394,0,0.0
0,355,24,2.9866787574160027,EXECUTE,SUCCESS,9936395,0,0.0
0,356,25,2.98333915269451,EXECUTE,SUCCESS,9936396,0,0.0
0,357,26,2.979995805366175,EXECUTE,SUCCESS,9936397,0,0.0
0,358,27,2.9766487028200013,EXECUTE,SUCCESS,9936398,0,0.0
0,359,28,2.9732978323740116,EXECUTE,SUCCESS,9936399,0,0.0
0,360,29,2.969943181274685,EXECUTE,SUCCESS,9936400,0,0.0
0,361,30,2.966584736696391,EXECUTE,SUCCESS,9936401,0,0.0
0,362,31,2.9632224857408187,EXECUTE,SUCCESS,9936402,0,0.0
0,363,35,2.8795833031881535,EXECUTE,SUCCESS,9936407,0,0.0
0,364,36,2.8761193473150577,EXECUTE,SUCCESS,9936408,0,0.0
0,365,40,2.8726512144707006,EXECUTE,SUCCESS,9936409,0,0.0
0,366,41,2.869178889508284,EXECUTE,SUCCESS,9936410,0,0.0
0,367,42,2.829465497227346,EXECUTE,SUCCESS,9936413,0,0.0
0,368,44,2.825940109061052,EXECUTE,SUCCESS,9936414,0,0.0
0,369,46,2.8135498040731375,EXECUTE,SUCCESS,9936416,0,0.0
0,370,49,2.8100044483950533,EXECUTE,SUCCESS,9936417,0,0.0
0,371,51,2.8064546139212703,EXECUTE,SUCCESS,9936418,0,0.0
0,372,52,2.765840740172866,EXECUTE,SUCCESS,9936421,0,0.0
0,373,54,2.732775603667448,EXECUTE,SUCCESS,9936424,0,0.0
0,374,55,2.6323824760091354,EXECUTE,SUCCESS,9936430,0,0.0
0,375,56,2.5280056368608017,EXECUTE,SUCCESS,9936436,0,0.0
0,376,57,2.4191294921934188,EXECUTE,SUCCESS,9936442,0,0.0
0,377,58,2.305116591411373,EXECUTE,SUCCESS,9936448,0,0.0
0,378,61,2.265336619577759,EXECUTE,SUCCESS,9936451,0,0.0
0,379,62,2.2248455002538914,EXECUTE,SUCCESS,9936454,0,0.0
0,380,63,2.1003124767519687,EXECUTE,SUCCESS,9936460,0,0.0
0,381,64,2.0000937478028376,EXECUTE,SUCCESS,9936466,0,0.0
0,382,65,2.0000937478028376,EXECUTE,SUCCESS,9936472,0,0.0
0,383,66,2.0000937478028376,EXECUTE,SUCCESS,9936478,0,0.0
0,384,68,2.000031249755863,EXECUTE,SUCCESS,9936480,0,0.0
0,385,69,2.0000781234741805,EXECUTE,SUCCESS,9936485,0,0.0
0,386,70,2.0000937478028376,EXECUTE,SUCCESS,9936491,0,0.0
0,387,71,2.0000781234741805,EXECUTE,SUCCESS,9936496,0,0.0
0,388,72,2.0000781234741805,EXECUTE,SUCCESS,9936501,0,0.0
0,389,73,2.0000781234741805,EXECUTE,SUCCESS,9936506,0,0.0
0,390,76,2.0000468744506965,EXECUTE,SUCCESS,9936509,0,0.0
0,391,77,2.0000937478028376,EXECUTE,SUCCESS,9936515,0,0.0
0,392,78,2.0000937478028376,EXECUTE,SUCCESS,9936521,0,0.0
0,393,79,2.0000937478028376,EXECUTE,SUCCESS,9936527,0,0.0
0,394,80,2.0000937478028376,EXECUTE,SUCCESS,9936533,0,0.0
0,395,84,2.0000156249389653,EXECUTE,SUCCESS,9936534,0,0.0
0,396,86,2.0000156249389653,EXECUTE,SUCCESS,9936535,0,0.0
0,397,87,2.0000468744506965,EXECUTE,SUCCESS,9936538,0,0.0
0,398,88,2.0000937478028376,EXECUTE,SUCCESS,9936544,0,0.0
0,399,92,2.0000156249389653,EXECUTE,SUCCESS,9936545,0,0.0
0,400,94,2.0000156249389653,EXECUTE,SUCCESS,9936546,0,0.0
0,401,95,2.0000468744506965,EXECUTE,SUCCESS,9936549,0,0.0
0,402,96,2.0000781234741805,EXECUTE,SUCCESS,9936554,0,0.0
0,403,100,2.0000156249389653,EXECUTE,SUCCESS,9936555,0,0.0
0,404,102,2.0000156249389653,EXECUTE,SUCCESS,9936556,0,0.0
0,405,105,2.000031249755863,EXECUTE,SUCCESS,9936558,0,0.0
0,406,106,2.000031249755863,EXECUTE,SUCCESS,9936560,0,0.0
0,407,107,2.000031249755863,EXECUTE,SUCCESS,9936562,0,0.0
0,408,108,2.000031249755863,EXECUTE,SUCCESS,9936564,0,0.0
0,409,109,2.000031249755863,EXECUTE,SUCCESS,9936566,0,0.0
0,410,112,2.000031249755863,EXECUTE,SUCCESS,9936568,0,0.0
0,411,113,2.000031249755863,EXECUTE,SUCCESS,9936570,0,0.0
0,412,114,2.000031249755863,EXECUTE,SUCCESS,9936572,0,0.0
0,413,115,2.000031249755863,EXECUTE,SUCCESS,9936574,0,0.0
0,414,116,2.000031249755863,EXECUTE,SUCCESS,9936576,0,0.0
0,415,117,2.000031249755863,EXECUTE,SUCCESS,9936578,0,0.0
0,416,120,2.000031249755863,EXECUTE,SUCCESS,9936580,0,0.0
0,417,121,2.000031249755863,EXECUTE,SUCCESS,9936582,0,0.0
0,418,122,2.000031249755863,EXECUTE,SUCCESS,9936584,0,0.0
0,419,123,2.000031249755863,EXECUTE,SUCCESS,9936586,0,0.0
0,420,124,2.000031249755863,EXECUTE,SUCCESS,9936588,0,0.0
0,421,127,2.0000156249389653,EXECUTE,SUCCESS,9936589,0,0.0
0,422,129,2.0000156249389653,EXECUTE,SUCCESS,9936590,0,0.0
0,423,130,2.0000156249389653,EXECUTE,SUCCESS,9936591,0,0.0
0,424,131,2.0,EXECUTE,CRASH,9936797,203,0.0126875
0,352,21,2.996675240996262,EXECUTE,SUCCESS,10016798,0,0.0
0,353,22,2.993346789130855,EXECUTE,SUCCESS,10016799,0,0.0
0,354,23,2.990014632071221,EXECUTE,SUCCESS,10016800,0,0.0
0,355,24,2.9866787574160027,EXECUTE,SUCCESS,10016801,0,0.0
0,356,25,2.98333915269451,EXECUTE,SUCCESS,10016802,0,0.0
0,357,26,2.979995805366175,EXECUTE,SUCCESS,10016803,0,0.0
0,358,27,2.9766487028200013,EXECUTE,SUCCESS,10016804,0,0.0
0,359,28,2.9732978323740116,EXECUTE,SUCCESS,10016805,0,0.0
0,360,29,2.969943181274685,EXECUTE,SUCCESS,10016806,0,0.0
0,361,30,2.966584736696391,EXECUTE,SUCCESS,10016807,0,0.0
0,362,31,2.9632224857408187,EXECUTE,SUCCESS,10016808,0,0.0
0,363,35,2.8795833031881535,EXECUTE,SUCCESS,10016813,0,0.0
0,364,36,2.8761193473150577,EXECUTE,SUCCESS,10016814,0,0.0
0,365,40,2.8726512144707006,EXECUTE,SUCCESS,10016815,0,0.0
0,366,41,2.869178889508284,EXECUTE,SUCCESS,10016816,0,0.0
0,367,42,2.829465497227346,EXECUTE,SUCCESS,10016819,0,0.0
0,368,44,2.825940109061052,EXECUTE,SUCCESS,10016820,0,0.0
0,369,46,2.8135498040731375,EXECUTE,SUCCESS,10016822,0,0.0
0,370,49,2.8100044483950533,EXECUTE,SUCCESS,10016823,0,0.0
0,371,51,2.8064546139212703,EXECUTE,SUCCESS,10016824,0,0.0
0,372,52,2.765840740172866,EXECUTE,SUCCESS,10016827,0,0.0
0,373,54,2.732775603667448,EXECUTE,SUCCESS,10016830,0,0.0
0,374,55,2.6323824760091354,EXECUTE,SUCCESS,10016836,0,0.0
0,375,56,2.5280056368608017,EXECUTE,SUCCESS,10016842,0,0.0
0,376,57,2.4191294921934188,EXECUTE,SUCCESS,10016848,0,0.0
0,377,58,2.305116591411373,EXECUTE,SUCCESS,10016854,0,0.0
0,378,61,2.265336619577759,EXECUTE,SUCCESS,10016857,0,0.0
0,379,62,2.2248455002538914,EXECUTE,SUCCESS,10016860,0,0.0
0,380,63,2.1003124767519687,EXECUTE,SUCCESS,10016866,0,0.0
0,381,64,2.0000937478028376,EXECUTE,SUCCESS,10016872,0,0.0
0,382,65,2.0000937478028376,EXECUTE,SUCCESS,10016878,0,0.0
0,383,66,2.0000937478028376,EXECUTE,SUCCESS,10016884,0,0.0
0,384,68,2.000031249755863,EXECUTE,SUCCESS,10016886,0,0.0
0,385,69,2.0000781234741805,EXECUTE,SUCCESS,10016891,0,0.0
0,386,70,2.0000937478028376,EXECUTE,SUCCESS,10016897,0,0.0
0,387,71,2.0000781234741805,EXECUTE,SUCCESS,10016902,0,0.0
0,388,72,2.0000781234741805,EXECUTE,SUCCESS,10016907,0,0.0
0,389,73,2.0000781234741805,EXECUTE,SUCCESS,10016912,0,0.0
0,390,76,2.0000468744506965,EXECUTE,SUCCESS,10016915,0,0.0
0,391,77,2.0000937478028376,EXECUTE,SUCCESS,10016921,0,0.0
0,392,78,2.0000937478028376,EXECUTE,SUCCESS,10016927,0,0.0
0,393,79,2.0000937478028376,EXECUTE,SUCCESS,10016933,0,0.0
0,394,80,2.0000937478028376,EXECUTE,SUCCESS,10016939,0,0.0
0,395,84,2.0000156249389653,EXECUTE,SUCCESS,10016940,0,0.0
0,396,86,2.0000156249389653,EXECUTE,SUCCESS,10016941,0,0.0
0,397,87,2.0000468744506965,EXECUTE,SUCCESS,10016944,0,0.0
0,398,88,2.0000937478028376,EXECUTE,SUCCESS,10016950,0,0.0
0,399,92,2.0000156249389653,EXECUTE,SUCCESS,10016951,0,0.0
0,400,94,2.0000156249389653,EXECUTE,SUCCESS,10016952,0,0.0
0,401,95,2.0000468744506965,EXECUTE,SUCCESS,10016955,0,0.0
0,402,96,2.0000781234741805,EXECUTE,SUCCESS,10016960,0,0.0
0,403,100,2.0000156249389653,EXECUTE,SUCCESS,10016961,0,0.0
0,404,102,2.0000156249389653,EXECUTE,SUCCESS,10016962,0,0.0
0,405,105,2.000031249755863,EXECUTE,SUCCESS,10016964,0,0.0
0,406,106,2.000031249755863,EXECUTE,SUCCESS,10016966,0,0.0
0,407,107,2.000031249755863,EXECUTE,SUCCESS,10016968,0,0.0
0,408,108,2.000031249755863,EXECUTE,SUCCESS,10016970,0,0.0
0,409,109,2.000031249755863,EXECUTE,SUCCESS,10016972,0,0.0
0,410,112,2.000031249755863,EXECUTE,SUCCESS,10016974,0,0.0
0,411,113,2.000031249755863,EXECUTE,SUCCESS,10016976,0,0.0
0,412,114,2.000031249755863,EXECUTE,SUCCESS,10016978,0,0.0
0,413,115,2.000031249755863,EXECUTE,SUCCESS,10016980,0,0.0
0,414,116,2.000031249755863,EXECUTE,SUCCESS,10016982,0,0.0
0,415,117,2.000031249755863,EXECUTE,SUCCESS,10016984,0,0.0
0,416,120,2.000031249755863,EXECUTE,SUCCESS,10016986,0,0.0
0,417,121,2.000031249755863,EXECUTE,SUCCESS,10016988,0,0.0
0,418,122,2.000031249755863,EXECUTE,SUCCESS,10016990,0,0.0
0,419,123,2.000031249755863,EXECUTE,SUCCESS,10016992,0,0.0
0,420,124,2.000031249755863,EXECUTE,SUCCESS,10016994,0,0.0
0,421,127,2.0000156249389653,EXECUTE,SUCCESS,10016995,0,0.0
0,422,129,2.0000156249389653,EXECUTE,SUCCESS,10016996,0,0.0
0,423,130,2.0000156249389653,EXECUTE,SUCCESS,10016997,0,0.0
0,424,131,2.0000468744506965,EXECUTE,SUCCESS,10017000,0,0.0
0,425,132,2.0000468744506965,EXECUTE,SUCCESS,10017003,0,0.0
0,426,133,2.0000468744506965,EXECUTE,SUCCESS,10017006,0,0.0
0,427,134,2.0000468744506965,EXECUTE,SUCCESS,10017009,0,0.0
0,428,135,2.0000468744506965,EXECUTE,SUCCESS,10017012,0,0.0
0,429,136,2.0000468744506965,EXECUTE,SUCCESS,10017015,0,0.0
0,430,138,2.0000468744506965,EXECUTE,SUCCESS,10017018,0,0.0
0,431,139,2.0000468744506965,EXECUTE,SUCCESS,10017021,0,0.0
0,432,140,2.0000468744506965,EXECUTE,SUCCESS,10017024,0,0.0
0,433,141,2.0000468744506965,EXECUTE,SUCCESS,10017027,0,0.0
0,434,145,2.0000156249389653,EXECUTE,SUCCESS,10017028,0,0.0
0,435,147,2.000031249755863,EXECUTE,SUCCESS,10017030,0,0.0
0,436,149,2.0000156249389653,EXECUTE,SUCCESS,10017031,0,0.0
0,437,151,2.0000468744506965,EXECUTE,SUCCESS,10017034,0,0.0
0,438,152,2.0000156249389653,EXECUTE,SUCCESS,10017035,0,0.0
0,439,153,2.0000156249389653,EXECUTE,SUCCESS,10017036,0,0.0
0,440,154,2.0,EXECUTE,CRASH,10017277,240,0.015
0,352,21,2.996675240996262,EXECUTE,SUCCESS,10097278,0,0.0
0,353,22,2.993346789130855,EXECUTE,SUCCESS,10097279,0,0.0
0,354,23,2.990014632071221,EXECUTE,SUCCESS,10097280,0,0.0
0,355,24,2.9866787574160027,EXECUTE,SUCCESS,10097281,0,0.0
0,356,25,2.98333915269451,EXECUTE,SUCCESS,10097282,0,0.0
0,357,26,2.979995805366175,EXECUTE,SUCCESS,10097283,0,0.0
0,358,27,2.9766487028200013,EXECUTE,SUCCESS,10097284,0,0.0
0,359,28,2.9732978323740116,EXECUTE,SUCCESS,10097285,0,0.0
0,360,29,2.969943181274685,EXECUTE,SUCCESS,10097286,0,0.0
0,361,30,2.966584736696391,EXECUTE,SUCCESS,10097287,0,0.0
0,362,31,2.9632224857408187,EXECUTE,SUCCESS,10097288,0,0.0
0,363,35,2.8795833031881535,EXECUTE,SUCCESS,10097293,0,0.0
0,364,36,2.8761193473150577,EXECUTE,SUCCESS,10097294,0,0.0
0,365,40,2.8726512144707006,EXECUTE,SUCCESS,10097295,0,0.0
0,366,41,2.869178889508284,EXECUTE,SUCCESS,10097296,0,0.0
0,367,42,2.829465497227346,EXECUTE,SUCCESS,10097299,0,0.0
0,368,44,2.825940109061052,EXECUTE,SUCCESS,10097300,0,0.0
0,369,46,2.8135498040731375,EXECUTE,SUCCESS,10097302,0,0.0
0,370,49,2.8100044483950533,EXECUTE,SUCCESS,10097303,0,0.0
0,371,51,2.8064546139212703,EXECUTE,SUCCESS,10097304,0,0.0
0,372,52,2.765840740172866,EXECUTE,SUCCESS,10097307,0,0.0
0,373,54,2.732775603667448,EXECUTE,SUCCESS,10097310,0,0.0
0,374,55,2.6323824760091354,EXECUTE,SUCCESS,10097316,0,0.0
0,375,56,2.5280056368608017,EXECUTE,SUCCESS,10097322,0,0.0
0,376,57,2.4191294921934188,EXECUTE,SUCCESS,10097328,0,0.0
0,377,58,2.305116591411373,EXECUTE,SUCCESS,10097334,0,0.0
0,378,61,2.265336619577759,EXECUTE,SUCCESS,10097337,0,0.0
0,379,62,2.2248455002538914,EXECUTE,SUCCESS,10097340,0,0.0
0,380,63,2.1003124767519687,EXECUTE,SUCCESS,10097346,0,0.0
0,381,64,2.0000937478028376,EXECUTE,SUCCESS,10097352,0,0.0
0,382,65,2.0000937478028376,EXECUTE,SUCCESS,10097358,0,0.0
0,383,66,2.0000937478028376,EXECUTE,SUCCESS,10097364,0,0.0
0,384,68,2.000031249755863,EXECUTE,SUCCESS,10097366,0,0.0
0,385,69,2.0000781234741805,EXECUTE,SUCCESS,10097371,0,0.0
0,386,70,2.0000937478028376,EXECUTE,SUCCESS,10097377,0,0.0
0,387,71,2.0000781234741805,EXECUTE,SUCCESS,10097382,0,0.0
0,388,72,2.0000781234741805,EXECUTE,SUCCESS,10097387,0,0.0
0,389,73,2.0000781234741805,EXECUTE,SUCCESS,10097392,0,0.0
0,390,76,2.0000468744506965,EXECUTE,SUCCESS,10097395,0,0.0
0,391,77,2.0000937478028376,EXECUTE,SUCCESS,10097401,0,0.0
0,392,78,2.0000937478028376,EXECUTE,SUCCESS,10097407,0,0.0
0,393,79,2.0000937478028376,EXECUTE,SUCCESS,10097413,0,0.0
0,394,80,2.0000937478028376,EXECUTE,SUCCESS,10097419,0,0.0
0,395,84,2.0000156249389653,EXECUTE,SUCCESS,10097420,0,0.0
0,396,86,2.0000156249389653,EXECUTE,SUCCESS,10097421,0,0.0
0,397,87,2.0000468744506965,EXECUTE,SUCCESS,10097424,0,0.0
0,398,88,2.0000937478028376,EXECUTE,SUCCESS,10097430,0,0.0
0,399,92,2.0000156249389653,EXECUTE,SUCCESS,10097431,0,0.0
0,400,94,2.0000156249389653,EXECUTE,SUCCESS,10097432,0,0.0
0,401,95,2.0000468744506965,EXECUTE,SUCCESS,10097435,0,0.0
0,402,96,2.0000781234741805,EXECUTE,SUCCESS,10097440,0,0.0
0,403,100,2.0000156249389653,EXECUTE,SUCCESS,10097441,0,0.0
0,404,102,2.0000156249389653,EXECUTE,SUCCESS,10097442,0,0.0
0,405,105,2.000031249755863,EXECUTE,SUCCESS,10097444,0,0.0
0,406,106,2.000031249755863,EXECUTE,SUCCESS,10097446,0,0.0
0,407,107,2.000031249755863,EXECUTE,SUCCESS,10097448,0,0.0
0,408,108,2.000031249755863,EXECUTE,SUCCESS,10097450,0,0.0
0,409,109,2.0,EXECUTE,CRASH,10097627,175,0.0109375
0,352,21,2.996675240996262,EXECUTE,SUCCESS,10177628,0,0.0
0,353,22,2.993346789130855,EXECUTE,SUCCESS,10177629,0,0.0
0,354,23,2.990014632071221,EXECUTE,SUCCESS,10177630,0,0.0
0,355,24,2.9866787574160027,EXECUTE,SUCCESS,10177631,0,0.0
0,356,25,2.98333915269451,EXECUTE,SUCCESS,10177632,0,0.0
0,357,26,2.979995805366175,EXECUTE,SUCCESS,10177633,0,0.0
0,358,27,2.9766487028200013,EXECUTE,SUCCESS,10177634,0,0.0
0,359,28,2.9732978323740116,EXECUTE,SUCCESS,10177635,0,0.0
0,360,29,2.969943181274685,EXECUTE,SUCCESS,10177636,0,0.0
0,361,30,2.966584736696391,EXECUTE,SUCCESS,10177637,0,0.0
0,362,31,2.9632224857408187,EXECUTE,SUCCESS,10177638,0,0.0
0,363,35,2.8795833031881535,EXECUTE,SUCCESS,10177643,0,0.0
0,364,36,2.8761193473150577,EXECUTE,SUCCESS,10177644,0,0.0
0,365,40,2.8726512144707006,EXECUTE,SUCCESS,10177645,0,0.0
0,366,41,2.869178889508284,EXECUTE,SUCCESS,10177646,0,0.0
0,367,42,2.829465497227346,EXECUTE,SUCCESS,10177649,0,0.0
0,368,44,2.0,EXECUTE,CRASH,10177673,23,0.0014375
0,352,21,2.996675240996262,EXECUTE,SUCCESS,10401674,0,0.0
0,353,22,2.993346789130855,EXECUTE,SUCCESS,10401675,0,0.0
0,354,23,2.990014632071221,EXECUTE,SUCCESS,10401676,0,0.0
0,355,24,2.9866787574160027,EXECUTE,SUCCESS,10401677,0,0.0
0,356,25,2.98333915269451,EXECUTE,SUCCESS,10401678,0,0.0
0,357,26,2.0,EXECUTE,CRASH,10401685,6,0.000375
0,352,21,2.996675240996262,EXECUTE,SUCCESS,10481686,0,0.0
0,353,22,2.993346789130855,EXECUTE,SUCCESS,10481687,0,0.0
0,354,23,2.990014632071221,EXECUTE,SUCCESS,10481688,0,0.0
0,355,24,2.9866787574160027,EXECUTE,SUCCESS,10481689,0,0.0
0,356,25,2.98333915269451,EXECUTE,SUCCESS,10481690,0,0.0
0,357,26,2.979995805366175,EXECUTE,SUCCESS,10481691,0,0.0
0,358,27,2.9766487028200013,EXECUTE,SUCCESS,10481692,0,0.0
0,359,28,2.9732978323740116,EXECUTE,SUCCESS,10481693,0,0.0
0,360,29,2.969943181274685,EXECUTE,SUCCESS,10481694,0,0.0
0,361,30,2.966584736696391,EXECUTE,SUCCESS,10481695,0,0.0
0,362,31,2.9632224857408187,EXECUTE,SUCCESS,10481696,0,0.0
0,363,35,2.8795833031881535,EXECUTE,SUCCESS,10481701,0,0.0
0,364,36,2.8761193473150577,EXECUTE,SUCCESS,10481702,0,0.0
0,365,40,2.8726512144707006,EXECUTE,SUCCESS,10481703,0,0.0
0,366,41,2.869178889508284,EXECUTE,SUCCESS,10481704,0,0.0
0,367,42,2.829465497227346,EXECUTE,SUCCESS,10481707,0,0.0
0,368,44,2.825940109061052,EXECUTE,SUCCESS,10481708,0,0.0
0,369,46,2.8135498040731375,EXECUTE,SUCCESS,10481710,0,0.0
0,370,49,2.8100044483950533,EXECUTE,SUCCESS,10481711,0,0.0
0,371,51,2.8064546139212703,EXECUTE,SUCCESS,10481712,0,0.0
0,372,52,2.765840740172866,EXECUTE,SUCCESS,10481715,0,0.0
0,373,54,2.732775603667448,EXECUTE,SUCCESS,10481718,0,0.0
0,374,55,2.6323824760091354,EXECUTE,SUCCESS,10481724,0,0.0
0,375,56,2.5280056368608017,EXECUTE,SUCCESS,10481730,0,0.0
0,376,57,2.4191294921934188,EXECUTE,SUCCESS,10481736,0,0.0
0,377,58,2.305116591411373,EXECUTE,SUCCESS,10481742,0,0.0
0,378,61,2.265336619577759,EXECUTE,SUCCESS,10481745,0,0.0
0,379,62,2.2248455002538914,EXECUTE,SUCCESS,10481748,0,0.0
0,380,63,2.1003124767519687,EXECUTE,SUCCESS,10481754,0,0.0
0,381,64,2.0000937478028376,EXECUTE,SUCCESS,10481760,0,0.0
0,382,65,2.0000937478028376,EXECUTE,SUCCESS,10481766,0,0.0
0,383,66,2.0000937478028376,EXECUTE,SUCCESS,10481772,0,0.0
0,384,68,2.000031249755863,EXECUTE,SUCCESS,10481774,0,0.0
0,385,69,2.0000781234741805,EXECUTE,SUCCESS,10481779,0,0.0
0,386,70,2.0000937478028376,EXECUTE,SUCCESS,10481785,0,0.0
0,387,71,2.0000781234741805,EXECUTE,SUCCESS,10481790,0,0.0
0,388,72,2.0000781234741805,EXECUTE,SUCCESS,10481795,0,0.0
0,389,73,2.0000781234741805,EXECUTE,SUCCESS,10481800,0,0.0
0,390,76,2.0000468744506965,EXECUTE,SUCCESS,10481803,0,0.0
0,391,77,2.0000937478028376,EXECUTE,SUCCESS,10481809,0,0.0
0,392,78,2.0,EXECUTE,CRASH,10481945,130,0.008125
0,352,21,2.996675240996262,EXECUTE,SUCCESS,10561946,0,0.0
0,353,22,2.993346789130855,EXECUTE,SUCCESS,10561947,0,0.0
0,354,23,2.990014632071221,EXECUTE,SUCCESS,10561948,0,0.0
0,355,24,2.9866787574160027,EXECUTE,SUCCESS,10561949,0,0.0
0,356,25,2.98333915269451,EXECUTE,SUCCESS,10561950,0,0.0
0,357,26,2.979995805366175,EXECUTE,SUCCESS,10561951,0,0.0
0,358,27,2.9766487028200013,EXECUTE,SUCCESS,10561952,0,0.0
0,359,28,2.9732978323740116,EXECUTE,SUCCESS,10561953,0,0.0
0,360,29,2.969943181274685,EXECUTE,SUCCESS,10561954,0,0.0
0,361,30,2.966584736696391,EXECUTE,SUCCESS,10561955,0,0.0
0,362,31,2.9632224857408187,EXECUTE,SUCCESS,10561956,0,0.0
0,363,35,2.8795833031881535,EXECUTE,SUCCESS,10561961,0,0.0
0,364,36,2.8761193473150577,EXECUTE,SUCCESS,10561962,0,0.0
0,365,40,2.8726512144707006,EXECUTE,SUCCESS,10561963,0,0.0
0,366,41,2.869178889508284,EXECUTE,SUCCESS,10561964,0,0.0
0,367,42,2.829465497227346,EXECUTE,SUCCESS,10561967,0,0.0
0,368,44,2.825940109061052,EXECUTE,SUCCESS,10561968,0,0.0
0,369,46,2.8135498040731375,EXECUTE,SUCCESS,10561970,0,0.0
0,370,49,2.8100044483950533,EXECUTE,SUCCESS,10561971,0,0.0
0,371,51,2.8064546139212703,EXECUTE,SUCCESS,10561972,0,0.0
0,372,52,2.765840740172866,EXECUTE,SUCCESS,10561975,0,0.0
0,373,54,2.732775603667448,EXECUTE,SUCCESS,10561978,0,0.0
0,374,55,2.6323824760091354,EXECUTE,SUCCESS,10561984,0,0.0
0,375,56,2.5280056368608017,EXECUTE,SUCCESS,10561990,0,0.0
0,376,57,2.4191294921934188,EXECUTE,SUCCESS,10561996,0,0.0
0,377,58,2.305116591411373,EXECUTE,SUCCESS,10562002,0,0.0
0,378,61,2.265336619577759,EXECUTE,SUCCESS,10562005,0,0.0
0,379,62,2.2248455002538914,EXECUTE,SUCCESS,10562008,0,0.0
0,380,63,2.1003124767519687,EXECUTE,SUCCESS,10562014,0,0.0
0,381,64,2.0000937478028376,EXECUTE,SUCCESS,10562020,0,0.0
0,382,65,2.0000937478028376,EXECUTE,SUCCESS,10562026,0,0.0
0,383,66,2.0000937478028376,EXECUTE,SUCCESS,10562032,0,0.0
0,384,68,2.000031249755863,EXECUTE,SUCCESS,10562034,0,0.0
0,385,69,2.0000781234741805,EXECUTE,SUCCESS,10562039,0,0.0
0,386,70,2.0000937478028376,EXECUTE,SUCCESS,10562045,0,0.0
0,387,71,2.0000781234741805,EXECUTE,SUCCESS,10562050,0,0.0
0,388,72,2.0000781234741805,EXECUTE,SUCCESS,10562055,0,0.0
0,389,73,2.0000781234741805,EXECUTE,SUCCESS,10562060,0,0.0
0,390,76,2.0000468744506965,EXECUTE,SUCCESS,10562063,0,0.0
0,391,77,2.0000937478028376,EXECUTE,SUCCESS,10562069,0,0.0
0,392,78,2.0039960079800556,CHECKPOINT,SUCCESS,10562325,0,0.0
0,392,78,2.0000937478028376,EXECUTE,SUCCESS,10562331,0,0.0
0,393,79,2.0000937478028376,EXECUTE,SUCCESS,10562337,0,0.0
0,394,80,2.0000937478028376,EXECUTE,SUCCESS,10562343,0,0.0
0,395,84,2.0000156249389653,EXECUTE,SUCCESS,10562344,0,0.0
0,396,86,2.0000156249389653,EXECUTE,SUCCESS,10562345,0,0.0
0,397,87,2.0000468744506965,EXECUTE,SUCCESS,10562348,0,0.0
0,398,88,2.0000937478028376,EXECUTE,SUCCESS,10562354,0,0.0
0,399,92,2.0000156249389653,EXECUTE,SUCCESS,10562355,0,0.0
0,400,94,2.0000156249389653,EXECUTE,SUCCESS,10562356,0,0.0
0,401,95,2.0000468744506965,EXECUTE,SUCCESS,10562359,0,0.0
0,402,96,2.0000781234741805,EXECUTE,SUCCESS,10562364,0,0.0
0,403,100,2.0000156249389653,EXECUTE,SUCCESS,10562365,0,0.0
0,404,102,2.0000156249389653,EXECUTE,SUCCESS,10562366,0,0.0
0,405,105,2.000031249755863,EXECUTE,SUCCESS,10562368,0,0.0
0,406,106,2.000031249755863,EXECUTE,SUCCESS,10562370,0,0.0
0,407,107,2.000031249755863,EXECUTE,SUCCESS,10562372,0,0.0
0,408,108,2.000031249755863,EXECUTE,SUCCESS,10562374,0,0.0
0,409,109,2.000031249755863,EXECUTE,SUCCESS,10562376,0,0.0
0,410,112,2.000031249755863,EXECUTE,SUCCESS,10562378,0,0.0
0,411,113,2.000031249755863,EXECUTE,SUCCESS,10562380,0,0.0
0,412,114,2.000031249755863,EXECUTE,SUCCESS,10562382,0,0.0
0,413,115,2.000031249755863,EXECUTE,SUCCESS,10562384,0,0.0
0,414,116,2.000031249755863,EXECUTE,SUCCESS,10562386,0,0.0
0,415,117,2.000031249755863,EXECUTE,SUCCESS,10562388,0,0.0
0,416,120,2.000031249755863,EXECUTE,SUCCESS,10562390,0,0.0
0,417,121,2.000031249755863,EXECUTE,SUCCESS,10562392,0,0.0
0,418,122,2.000031249755863,EXECUTE,SUCCESS,10562394,0,0.0
0,419,123,2.000031249755863,EXECUTE,SUCCESS,10562396,0,0.0
0,420,124,2.000031249755863,EXECUTE,SUCCESS,10562398,0,0.0
0,421,127,2.0000156249389653,EXECUTE,SUCCESS,10562399,0,0.0
0,422,129,2.0000156249389653,EXECUTE,SUCCESS,10562400,0,0.0
0,423,130,2.0000156249389653,EXECUTE,SUCCESS,10562401,0,0.0
0,424,131,2.0000468744506965,EXECUTE,SUCCESS,10562404,0,0.0
0,425,132,2.0000468744506965,EXECUTE,SUCCESS,10562407,0,0.0
0,426,133,2.0000468744506965,EXECUTE,SUCCESS,10562410,0,0.0
0,427,134,2.0000468744506965,EXECUTE,SUCCESS,10562413,0,0.0
0,428,135,2.0000468744506965,EXECUTE,SUCCESS,10562416,0,0.0
0,429,136,2.0000468744506965,EXECUTE,SUCCESS,10562419,0,0.0
0,430,138,2.0000468744506965,EXECUTE,SUCCESS,10562422,0,0.0
0,431,139,2.0000468744506965,EXECUTE,SUCCESS,10562425,0,0.0
0,432,140,2.0000468744506965,EXECUTE,SUCCESS,10562428,0,0.0
0,433,141,2.0000468744506965,EXECUTE,SUCCESS,10562431,0,0.0
0,434,145,2.0000156249389653,EXECUTE,SUCCESS,10562432,0,0.0
0,435,147,2.000031249755863,EXECUTE,SUCCESS,10562434,0,0.0
0,436,149,2.0000156249389653,EXECUTE,SUCCESS,10562435,0,0.0
0,437,151,2.0000468744506965,EXECUTE,SUCCESS,10562438,0,0.0
0,438,152,2.0000156249389653,EXECUTE,SUCCESS,10562439,0,0.0
0,439,153,2.0000156249389653,EXECUTE,SUCCESS,10562440,0,0.0
0,440,154,2.0000156249389653,EXECUTE,SUCCESS,10562441,0,0.0
0,441,155,2.0000156249389653,EXECUTE,SUCCESS,10562442,0,0.0
0,442,158,2.0000156249389653,EXECUTE,SUCCESS,10562443,0,0.0
0,443,159,2.0000156249389653,EXECUTE,SUCCESS,10562444,0,0.0
0,444,160,2.0000156249389653,EXECUTE,SUCCESS,10562445,0,0.0
0,445,163,2.0000156249389653,EXECUTE,SUCCESS,10562446,0,0.0
0,446,165,2.0000156249389653,EXECUTE,SUCCESS,10562447,0,0.0
0,447,167,2.0000468744506965,EXECUTE,SUCCESS,10562450,0,0.0
0,448,168,2.0000468744506965,EXECUTE,SUCCESS,10562453,0,0.0
0,449,169,2.0000468744506965,EXECUTE,SUCCESS,10562456,0,0.0
0,450,171,2.0000156249389653,EXECUTE,SUCCESS,10562457,0,0.0
0,451,174,2.0000156249389653,EXECUTE,SUCCESS,10562458,0,0.0
0,452,176,2.0000156249389653,EXECUTE,SUCCESS,10562459,0,0.0
0,453,182,2.0000468744506965,EXECUTE,SUCCESS,10562462,0,0.0
0,454,183,2.0000156249389653,EXECUTE,SUCCESS,10562463,0,0.0
0,455,186,2.0000156249389653,EXECUTE,SUCCESS,10562464,0,0.0
0,456,189,2.0000156249389653,EXECUTE,SUCCESS,10562465,0,0.0
0,457,191,2.0000156249389653,EXECUTE,SUCCESS,10562466,0,0.0
0,458,192,2.0000156249389653,EXECUTE,SUCCESS,10562467,0,0.0
0,459,193,2.0000156249389653,EXECUTE,SUCCESS,10562468,0,0.0
0,460,7,2.0000156249389653,EXECUTE,SUCCESS,10562469,0,0.0
0,461,15,2.0000781234741805,EXECUTE,SUCCESS,10562474,0,0.0
0,462,16,2.0000156249389653,EXECUTE,SUCCESS,10562475,0,0.0
0,463,17,2.0000156249389653,EXECUTE,SUCCESS,10562476,0,0.0
0,464,18,2.0000156249389653,EXECUTE,SUCCESS,10562477,0,0.0
0,465,19,2.0000156249389653,EXECUTE,SUCCESS,10562478,0,0.0
0,466,20,2.0000156249389653,EXECUTE,SUCCESS,10562479,0,0.0
0,467,21,2.0000156249389653,EXECUTE,SUCCESS,10562480,0,0.0
0,468,22,2.0000156249389653,EXECUTE,SUCCESS,10562481,0,0.0
0,469,23,2.0000156249389653,EXECUTE,SUCCESS,10562482,0,0.0
0,470,24,2.0000156249389653,EXECUTE,SUCCESS,10562483,0,0.0
0,471,25,2.0,EXECUTE,CRASH,10562643,159,0.0099375
0,392,78,2.908844272215342,EXECUTE,SUCCESS,10642649,0,0.0
0,393,79,2.814737998464511,EXECUTE,SUCCESS,10642655,0,0.0
0,394,80,2.7173746521228908,EXECUTE,SUCCESS,10642661,0,0.0
0,395,84,2.7137036499957032,EXECUTE,SUCCESS,10642662,0,0.0
0,396,86,2.7100276751354406,EXECUTE,SUCCESS,10642663,0,0.0
0,397,87,2.6762730615540713,EXECUTE,SUCCESS,10642666,0,0.0
0,398,88,2.573676844516421,EXECUTE,SUCCESS,10642672,0,0.0
0,399,92,2.569800575920241,EXECUTE,SUCCESS,10642673,0,0.0
0,400,94,2.565918451549075,EXECUTE,SUCCESS,10642674,0,0.0
0,401,95,2.5302420832797803,EXECUTE,SUCCESS,10642677,0,0.0
0,402,96,2.4317560527322644,EXECUTE,SUCCESS,10642682,0,0.0
0,403,100,2.427653187751497,EXECUTE,SUCCESS,10642683,0,0.0
0,404,102,2.4235433769586225,EXECUTE,SUCCESS,10642684,0,0.0
0,405,105,2.396181858707724,EXECUTE,SUCCESS,10642686,0,0.0
0,406,106,2.3685042748536476,EXECUTE,SUCCESS,10642688,0,0.0
0,407,107,2.3404994125186196,EXECUTE,SUCCESS,10642690,0,0.0
0,408,108,2.312155379726891,EXECUTE,SUCCESS,10642692,0,0.0
0,409,109,2.283459546390083,EXECUTE,SUCCESS,10642694,0,0.0
0,410,112,2.2543984785303604,EXECUTE,SUCCESS,10642696,0,0.0
0,411,113,2.224957864769579,EXECUTE,SUCCESS,10642698,0,0.0
0,412,114,2.195122433943037,EXECUTE,SUCCESS,10642700,0,0.0
0,413,115,2.1648758624918893,EXECUTE,SUCCESS,10642702,0,0.0
0,414,116,2.1342006700401908,EXECUTE,SUCCESS,10642704,0,0.0
0,415,117,2.10307810126015,EXECUTE,SUCCESS,10642706,0,0.0
0,416,120,2.071487991758581,EXECUTE,SUCCESS,10642708,0,0.0
0,417,121,2.039408615260806,EXECUTE,SUCCESS,10642710,0,0.0
0,418,122,2.0068165088019376,EXECUTE,SUCCESS,10642712,0,0.0
0,419,123,2.000031249755863,EXECUTE,SUCCESS,10642714,0,0.0
0,420,124,2.000031249755863,EXECUTE,SUCCESS,10642716,0,0.0
0,421,127,2.0000156249389653,EXECUTE,SUCCESS,10642717,0,0.0
0,422,129,2.0000156249389653,EXECUTE,SUCCESS,10642718,0,0.0
0,423,130,2.0000156249389653,EXECUTE,SUCCESS,10642719,0,0.0
0,424,131,2.0000468744506965,EXECUTE,SUCCESS,10642722,0,0.0
0,425,132,2.0000468744506965,EXECUTE,SUCCESS,10642725,0,0.0
0,426,133,2.0000468744506965,EXECUTE,SUCCESS,10642728,0,0.0
0,427,134,2.0000468744506965,EXECUTE,SUCCESS,10642731,0,0.0
0,428,135,2.0000468744506965,EXECUTE,SUCCESS,10642734,0,0.0
0,429,136,2.0000468744506965,EXECUTE,SUCCESS,10642737,0,0.0
0,430,138,2.0000468744506965,EXECUTE,SUCCESS,10642740,0,0.0
0,431,139,2.0000468744506965,EXECUTE,SUCCESS,10642743,0,0.0
0,432,140,2.0000468744506965,EXECUTE,SUCCESS,10642746,0,0.0
0,433,141,2.0000468744506965,EXECUTE,SUCCESS,10642749,0,0.0
0,434,145,2.0000156249389653,EXECUTE,SUCCESS,10642750,0,0.0
0,435,147,2.000031249755863,EXECUTE,SUCCESS,10642752,0,0.0
0,436,149,2.0000156249389653,EXECUTE,SUCCESS,10642753,0,0.0
0,437,151,2.0000468744506965,EXECUTE,SUCCESS,10642756,0,0.0
0,438,152,2.0000156249389653,EXECUTE,SUCCESS,10642757,0,0.0
0,439,153,2.0000156249389653,EXECUTE,SUCCESS,10642758,0,0.0
0,440,154,2.0000156249389653,EXECUTE,SUCCESS,10642759,0,0.0
0,441,155,2.0000156249389653,EXECUTE,SUCCESS,10642760,0,0.0
0,442,158,2.0000156249389653,EXECUTE,SUCCESS,10642761,0,0.0
0,443,159,2.0000156249389653,EXECUTE,SUCCESS,10642762,0,0.0
0,444,160,2.0000156249389653,EXECUTE,SUCCESS,10642763,0,0.0
0,445,163,2.0000156249389653,EXECUTE,SUCCESS,10642764,0,0.0
0,446,165,2.0000156249389653,EXECUTE,SUCCESS,10642765,0,0.0
0,447,167,2.0000468744506965,EXECUTE,SUCCESS,10642768,0,0.0
0,448,168,2.0000468744506965,EXECUTE,SUCCESS,10642771,0,0.0
0,449,169,2.0000468744506965,EXECUTE,SUCCESS,10642774,0,0.0
0,450,171,2.0000156249389653,EXECUTE,SUCCESS,10642775,0,0.0
0,451,174,2.0000156249389653,EXECUTE,SUCCESS,10642776,0,0.0
0,452,176,2.0000156249389653,EXECUTE,SUCCESS,10642777,0,0.0
0,453,182,2.0,EXECUTE,CRASH,10642917,137,0.0085625
0,392,78,2.908844272215342,EXECUTE,SUCCESS,10722923,0,0.0
0,393,79,2.814737998464511,EXECUTE,SUCCESS,10722929,0,0.0
0,394,80,2.7173746521228908,EXECUTE,SUCCESS,10722935,0,0.0
0,395,84,2.7137036499957032,EXECUTE,SUCCESS,10722936,0,0.0
0,396,86,2.7100276751354406,EXECUTE,SUCCESS,10722937,0,0.0
0,397,87,2.6762730615540713,EXECUTE,SUCCESS,10722940,0,0.0
0,398,88,2.573676844516421,EXECUTE,SUCCESS,10722946,0,0.0
0,399,92,2.569800575920241,EXECUTE,SUCCESS,10722947,0,0.0
0,400,94,2.565918451549075,EXECUTE,SUCCESS,10722948,0,0.0
0,401,95,2.5302420832797803,EXECUTE,SUCCESS,10722951,0,0.0
0,402,96,2.4317560527322644,EXECUTE,SUCCESS,10722956,0,0.0
0,403,100,2.427653187751497,EXECUTE,SUCCESS,10722957,0,0.0
0,404,102,2.4235433769586225,EXECUTE,SUCCESS,10722958,0,0.0
0,405,105,2.396181858707724,EXECUTE,SUCCESS,10722960,0,0.0
0,406,106,2.3685042748536476,EXECUTE,SUCCESS,10722962,0,0.0
0,407,107,2.3404994125186196,EXECUTE,SUCCESS,10722964,0,0.0
0,408,108,2.312155379726891,EXECUTE,SUCCESS,10722966,0,0.0
0,409,109,2.283459546390083,EXECUTE,SUCCESS,10722968,0,0.0
0,410,112,2.2543984785303604,EXECUTE,SUCCESS,10722970,0,0.0
0,411,113,2.224957864769579,EXECUTE,SUCCESS,10722972,0,0.0
0,412,114,2.195122433943037,EXECUTE,SUCCESS,10722974,0,0.0
0,413,115,2.1648758624918893,EXECUTE,SUCCESS,10722976,0,0.0
0,414,116,2.1342006700401908,EXECUTE,SUCCESS,10722978,0,0.0
0,415,117,2.10307810126015,EXECUTE,SUCCESS,10722980,0,0.0
0,416,120,2.071487991758581,EXECUTE,SUCCESS,10722982,0,0.0
0,417,121,2.039408615260806,EXECUTE,SUCCESS,10722984,0,0.0
0,418,122,2.0068165088019376,EXECUTE,SUCCESS,10722986,0,0.0
0,419,123,2.000031249755863,EXECUTE,SUCCESS,10722988,0,0.0
0,420,124,2.000031249755863,EXECUTE,SUCCESS,10722990,0,0.0
0,421,127,2.0000156249389653,EXECUTE,SUCCESS,10722991,0,0.0
0,422,129,2.0000156249389653,EXECUTE,SUCCESS,10722992,0,0.0
0,423,130,2.0000156249389653,EXECUTE,SUCCESS,10722993,0,0.0
0,424,131,2.0000468744506965,EXECUTE,SUCCESS,10722996,0,0.0
0,425,132,2.0000468744506965,EXECUTE,SUCCESS,10722999,0,0.0
0,426,133,2.0000468744506965,EXECUTE,SUCCESS,10723002,0,0.0
0,427,134,2.0000468744506965,EXECUTE,SUCCESS,10723005,0,0.0
0,428,135,2.0000468744506965,EXECUTE,SUCCESS,10723008,0,0.0
0,429,136,2.0000468744506965,EXECUTE,SUCCESS,10723011,0,0.0
0,430,138,2.0000468744506965,EXECUTE,SUCCESS,10723014,0,0.0
0,431,139,2.0000468744506965,EXECUTE,SUCCESS,10723017,0,0.0
0,432,140,2.0000468744506965,EXECUTE,SUCCESS,10723020,0,0.0
0,433,141,2.0000468744506965,EXECUTE,SUCCESS,10723023,0,0.0
0,434,145,2.0000156249389653,EXECUTE,SUCCESS,10723024,0,0.0
0,435,147,2.000031249755863,EXECUTE,SUCCESS,10723026,0,0.0
0,436,149,2.0000156249389653,EXECUTE,SUCCESS,10723027,0,0.0
0,437,151,2.0000468744506965,EXECUTE,SUCCESS,10723030,0,0.0
0,438,152,2.0000156249389653,EXECUTE,SUCCESS,10723031,0,0.0
0,439,153,2.0000156249389653,EXECUTE,SUCCESS,10723032,0,0.0
0,440,154,2.0000156249389653,EXECUTE,SUCCESS,10723033,0,0.0
0,441,155,2.0000156249389653,EXECUTE,SUCCESS,10723034,0,0.0
0,442,158,2.0000156249389653,EXECUTE,SUCCESS,10723035,0,0.0
0,443,159,2.0000156249389653,EXECUTE,SUCCESS,10723036,0,0.0
0,444,160,2.0000156249389653,EXECUTE,SUCCESS,10723037,0,0.0
0,445,163,2.0000156249389653,EXECUTE,SUCCESS,10723038,0,0.0
0,446,165,2.0000156249389653,EXECUTE,SUCCESS,10723039,0,0.0
0,447,167,2.0000468744506965,EXECUTE,SUCCESS,10723042,0,0.0
0,448,168,2.0000468744506965,EXECUTE,SUCCESS,10723045,0,0.0
0,449,169,2.0000468744506965,EXECUTE,SUCCESS,10723048,0,0.0
0,450,171,2.0000156249389653,EXECUTE,SUCCESS,10723049,0,0.0
0,451,174,2.0000156249389653,EXECUTE,SUCCESS,10723050,0,0.0
0,452,176,2.0000156249389653,EXECUTE,SUCCESS,10723051,0,0.0
0,453,182,2.0000468744506965,EXECUTE,SUCCESS,10723054,0,0.0
0,454,183,2.0000156249389653,EXECUTE,SUCCESS,10723055,0,0.0
0,455,186,2.0000156249389653,EXECUTE,SUCCESS,10723056,0,0.0
0,456,189,2.0000156249389653,EXECUTE,SUCCESS,10723057,0,0.0
0,457,191,2.0000156249389653,EXECUTE,SUCCESS,10723058,0,0.0
0,458,192,2.0000156249389653,EXECUTE,SUCCESS,10723059,0,0.0
0,459,193,2.0000156249389653,EXECUTE,SUCCESS,10723060,0,0.0
0,460,7,2.0000156249389653,EXECUTE,SUCCESS,10723061,0,0.0
0,461,15,2.0000781234741805,EXECUTE,SUCCESS,10723066,0,0.0
0,462,16,2.0000156249389653,EXECUTE,SUCCESS,10723067,0,0.0
0,463,17,2.0000156249389653,EXECUTE,SUCCESS,10723068,0,0.0
0,464,18,2.0000156249389653,EXECUTE,SUCCESS,10723069,0,0.0
0,465,19,2.0000156249389653,EXECUTE,SUCCESS,10723070,0,0.0
0,466,20,2.0000156249389653,EXECUTE,SUCCESS,10723071,0,0.0
0,467,21,2.0000156249389653,EXECUTE,SUCCESS,10723072,0,0.0
0,468,22,2.0000156249389653,EXECUTE,SUCCESS,10723073,0,0.0
0,469,23,2.0000156249389653,EXECUTE,SUCCESS,10723074,0,0.0
0,470,24,2.0000156249389653,EXECUTE,SUCCESS,10723075,0,0.0
0,471,25,2.0000156249389653,EXECUTE,SUCCESS,10723076,0,0.0
0,472,26,2.0000156249389653,EXECUTE,SUCCESS,10723077,0,0.0
0,473,27,2.0000156249389653,EXECUTE,SUCCESS,10723078,0,0.0
0,474,28,2.0000156249389653,EXECUTE,SUCCESS,10723079,0,0.0
0,475,29,2.0000156249389653,EXECUTE,SUCCESS,10723080,0,0.0
0,476,30,2.0000156249389653,EXECUTE,SUCCESS,10723081,0,0.0
0,477,31,2.0000156249389653,EXECUTE,SUCCESS,10723082,0,0.0
0,478,35,2.0000781234741805,EXECUTE,SUCCESS,10723087,0,0.0
0,479,36,2.0000156249389653,EXECUTE,SUCCESS,10723088,0,0.0
0,480,40,2.0000156249389653,EXECUTE,SUCCESS,10723089,0,0.0
0,481,41,2.0000156249389653,EXECUTE,SUCCESS,10723090,0,0.0
0,482,42,2.0000468744506965,EXECUTE,SUCCESS,10723093,0,0.0
0,483,44,2.0000156249389653,EXECUTE,SUCCESS,10723094,0,0.0
0,484,46,2.000031249755863,EXECUTE,SUCCESS,10723096,0,0.0
0,485,49,2.0000156249389653,EXECUTE,SUCCESS,10723097,0,0.0
0,486,51,2.0000156249389653,EXECUTE,SUCCESS,10723098,0,0.0
0,487,52,2.0000468744506965,EXECUTE,SUCCESS,10723101,0,0.0
0,488,54,2.0000468744506965,EXECUTE,SUCCESS,10723104,0,0.0
0,489,55,2.0000937478028376,EXECUTE,SUCCESS,10723110,0,0.0
0,490,56,2.0000937478028376,EXECUTE,SUCCESS,10723116,0,0.0
0,491,57,2.0000937478028376,EXECUTE,SUCCESS,10723122,0,0.0
0,492,58,2.0000937478028376,EXECUTE,SUCCESS,10723128,0,0.0
0,493,61,2.0000468744506965,EXECUTE,SUCCESS,10723131,0,0.0
0,494,62,2.0000468744506965,EXECUTE,SUCCESS,10723134,0,0.0
0,495,63,2.0000937478028376,EXECUTE,SUCCESS,10723140,0,0.0
0,496,64,2.0000937478028376,EXECUTE,SUCCESS,10723146,0,0.0
0,497,65,2.0000937478028376,EXECUTE,SUCCESS,10723152,0,0.0
0,498,66,2.0000937478028376,EXECUTE,SUCCESS,10723158,0,0.0
0,499,68,2.000031249755863,EXECUTE,SUCCESS,10723160,0,0.0
0,500,69,2.0000781234741805,EXECUTE,SUCCESS,10723165,0,0.0
0,501,70,2.0000937478028376,EXECUTE,SUCCESS,10723171,0,0.0
0,502,71,2.0000781234741805,EXECUTE,SUCCESS,10723176,0,0.0
0,503,72,2.0000781234741805,EXECUTE,SUCCESS,10723181,0,0.0
0,504,73,2.0000781234741805,EXECUTE,SUCCESS,10723186,0,0.0
0,505,76,2.0000468744506965,EXECUTE,SUCCESS,10723189,0,0.0
0,506,77,2.0000937478028376,EXECUTE,SUCCESS,10723195,0,0.0
0,507,78,2.0000937478028376,EXECUTE,SUCCESS,10723201,0,0.0
0,508,79,2.0000937478028376,EXECUTE,SUCCESS,10723207,0,0.0
0,509,80,2.0000937478028376,EXECUTE,SUCCESS,10723213,0,0.0
0,510,84,2.0000156249389653,EXECUTE,SUCCESS,10723214,0,0.0
0,511,86,2.0000156249389653,EXECUTE,SUCCESS,10723215,0,0.0
0,512,87,2.0000468744506965,EXECUTE,SUCCESS,10723218,0,0.0
0,513,88,2.0000937478028376,EXECUTE,SUCCESS,10723224,0,0.0
0,514,92,2.0000156249389653,EXECUTE,SUCCESS,10723225,0,0.0
0,515,94,2.0,EXECUTE,CRASH,10723535,309,0.0193125
0,392,78,2.908844272215342,EXECUTE,SUCCESS,10819541,0,0.0
0,393,79,2.814737998464511,EXECUTE,SUCCESS,10819547,0,0.0
0,394,80,2.7173746521228908,EXECUTE,SUCCESS,10819553,0,0.0
0,395,84,2.0,EXECUTE,CRASH,10819573,19,0.0011875
0,392,78,2.908844272215342,EXECUTE,SUCCESS,10899579,0,0.0
0,393,79,2.814737998464511,EXECUTE,SUCCESS,10899585,0,0.0
0,394,80,2.7173746521228908,EXECUTE,SUCCESS,10899591,0,0.0
0,395,84,2.7137036499957032,EXECUTE,SUCCESS,10899592,0,0.0
0,396,86,2.7100276751354406,EXECUTE,SUCCESS,10899593,0,0.0
0,397,87,2.6762730615540713,EXECUTE,SUCCESS,10899596,0,0.0
0,398,88,2.573676844516421,EXECUTE,SUCCESS,10899602,0,0.0
0,399,92,2.569800575920241,EXECUTE,SUCCESS,10899603,0,0.0
0,400,94,2.565918451549075,EXECUTE,SUCCESS,10899604,0,0.0
0,401,95,2.5302420832797803,EXECUTE,SUCCESS,10899607,0,0.0
0,402,96,2.4317560527322644,EXECUTE,SUCCESS,10899612,0,0.0
0,403,100,2.427653187751497,EXECUTE,SUCCESS,10899613,0,0.0
0,404,102,2.4235433769586225,EXECUTE,SUCCESS,10899614,0,0.0
0,405,105,2.396181858707724,EXECUTE,SUCCESS,10899616,0,0.0
0,406,106,2.3685042748536476,EXECUTE,SUCCESS,10899618,0,0.0
0,407,107,2.3404994125186196,EXECUTE,SUCCESS,10899620,0,0.0
0,408,108,2.312155379726891,EXECUTE,SUCCESS,10899622,0,0.0
0,409,109,2.283459546390083,EXECUTE,SUCCESS,10899624,0,0.0
0,410,112,2.2543984785303604,EXECUTE,SUCCESS,10899626,0,0.0
0,411,113,2.224957864769579,EXECUTE,SUCCESS,10899628,0,0.0
0,412,114,2.195122433943037,EXECUTE,SUCCESS,10899630,0,0.0
0,413,115,2.1648758624918893,EXECUTE,SUCCESS,10899632,0,0.0
0,414,116,2.1342006700401908,EXECUTE,SUCCESS,10899634,0,0.0
0,415,117,2.10307810126015,EXECUTE,SUCCESS,10899636,0,0.0
0,416,120,2.071487991758581,EXECUTE,SUCCESS,10899638,0,0.0
0,417,121,2.039408615260806,EXECUTE,SUCCESS,10899640,0,0.0
0,418,122,2.0068165088019376,EXECUTE,SUCCESS,10899642,0,0.0
0,419,123,2.000031249755863,EXECUTE,SUCCESS,10899644,0,0.0
0,420,124,2.000031249755863,EXECUTE,SUCCESS,10899646,0,0.0
0,421,127,2.0000156249389653,EXECUTE,SUCCESS,10899647,0,0.0
0,422,129,2.0000156249389653,EXECUTE,SUCCESS,10899648,0,0.0
0,423,130,2.0000156249389653,EXECUTE,SUCCESS,10899649,0,0.0
0,424,131,2.0000468744506965,EXECUTE,SUCCESS,10899652,0,0.0
0,425,132,2.0000468744506965,EXECUTE,SUCCESS,10899655,0,0.0
0,426,133,2.0000468744506965,EXECUTE,SUCCESS,10899658,0,0.0
0,427,134,2.0000468744506965,EXECUTE,SUCCESS,10899661,0,0.0
0,428,135,2.0000468744506965,EXECUTE,SUCCESS,10899664,0,0.0
0,429,136,2.0000468744506965,EXECUTE,SUCCESS,10899667,0,0.0
0,430,138,2.0000468744506965,EXECUTE,SUCCESS,10899670,0,0.0
0,431,139,2.0000468744506965,EXECUTE,SUCCESS,10899673,0,0.0
0,432,140,2.0000468744506965,EXECUTE,SUCCESS,10899676,0,0.0
0,433,141,2.0000468744506965,EXECUTE,SUCCESS,10899679,0,0.0
0,434,145,2.0000156249389653,EXECUTE,SUCCESS,10899680,0,0.0
0,435,147,2.000031249755863,EXECUTE,SUCCESS,10899682,0,0.0
0,436,149,2.0000156249389653,EXECUTE,SUCCESS,10899683,0,0.0
0,437,151,2.0000468744506965,EXECUTE,SUCCESS,10899686,0,0.0
0,438,152,2.0000156249389653,EXECUTE,SUCCESS,10899687,0,0.0
0,439,153,2.0000156249389653,EXECUTE,SUCCESS,10899688,0,0.0
0,440,154,2.0000156249389653,EXECUTE,SUCCESS,10899689,0,0.0
0,441,155,2.0000156249389653,EXECUTE,SUCCESS,10899690,0,0.0
0,442,158,2.0000156249389653,EXECUTE,SUCCESS,10899691,0,0.0
0,443,159,2.0000156249389653,EXECUTE,SUCCESS,10899692,0,0.0
0,444,160,2.0000156249389653,EXECUTE,SUCCESS,10899693,0,0.0
0,445,163,2.0000156249389653,EXECUTE,SUCCESS,10899694,0,0.0
0,446,165,2.0000156249389653,EXECUTE,SUCCESS,10899695,0,0.0
0,447,167,2.0000468744506965,EXECUTE,SUCCESS,10899698,0,0.0
0,448,168,2.0000468744506965,EXECUTE,SUCCESS,10899701,0,0.0
0,449,169,2.0000468744506965,EXECUTE,SUCCESS,10899704,0,0.0
0,450,171,2.0000156249389653,EXECUTE,SUCCESS,10899705,0,0.0
0,451,174,2.0000156249389653,EXECUTE,SUCCESS,10899706,0,0.0
0,452,176,2.0000156249389653,EXECUTE,SUCCESS,10899707,0,0.0
0,453,182,2.0000468744506965,EXECUTE,SUCCESS,10899710,0,0.0
0,454,183,2.0000156249389653,EXECUTE,SUCCESS,10899711,0,0.0
0,455,186,2.0000156249389653,EXECUTE,SUCCESS,10899712,0,0.0
0,456,189,2.0,EXECUTE,CRASH,10899853,140,0.00875
0,392,78,2.0,EXECUTE,CRASH,10979865,6,0.000375
0,392,78,2.908844272215342,EXECUTE,SUCCESS,11059871,0,0.0
0,393,79,2.814737998464511,EXECUTE,SUCCESS,11059877,0,0.0
0,394,80,2.7173746521228908,EXECUTE,SUCCESS,11059883,0,0.0
0,395,84,2.7137036499957032,EXECUTE,SUCCESS,11059884,0,0.0
0,396,86,2.7100276751354406,EXECUTE,SUCCESS,11059885,0,0.0
0,397,87,2.6762730615540713,EXECUTE,SUCCESS,11059888,0,0.0
0,398,88,2.573676844516421,EXECUTE,SUCCESS,11059894,0,0.0
0,399,92,2.569800575920241,EXECUTE,SUCCESS,11059895,0,0.0
0,400,94,2.565918451549075,EXECUTE,SUCCESS,11059896,0,0.0
0,401,95,2.5302420832797803,EXECUTE,SUCCESS,11059899,0,0.0
0,402,96,2.4317560527322644,EXECUTE,SUCCESS,11059904,0,0.0
0,403,100,2.427653187751497,EXECUTE,SUCCESS,11059905,0,0.0
0,404,102,2.4235433769586225,EXECUTE,SUCCESS,11059906,0,0.0
0,405,105,2.396181858707724,EXECUTE,SUCCESS,11059908,0,0.0
0,406,106,2.3685042748536476,EXECUTE,SUCCESS,11059910,0,0.0
0,407,107,2.3404994125186196,EXECUTE,SUCCESS,11059912,0,0.0
0,408,108,2.312155379726891,EXECUTE,SUCCESS,11059914,0,0.0
0,409,109,2.283459546390083,EXECUTE,SUCCESS,11059916,0,0.0
0,410,112,2.2543984785303604,EXECUTE,SUCCESS,11059918,0,0.0
0,411,113,2.224957864769579,EXECUTE,SUCCESS,11059920,0,0.0
0,412,114,2.195122433943037,EXECUTE,SUCCESS,11059922,0,0.0
0,413,115,2.1648758624918893,EXECUTE,SUCCESS,11059924,0,0.0
0,414,116,2.1342006700401908,EXECUTE,SUCCESS,11059926,0,0.0
0,415,117,2.10307810126015,EXECUTE,SUCCESS,11059928,0,0.0
0,416,120,2.071487991758581,EXECUTE,SUCCESS,11059930,0,0.0
0,417,121,2.039408615260806,EXECUTE,SUCCESS,11059932,0,0.0
0,418,122,2.0068165088019376,EXECUTE,SUCCESS,11059934,0,0.0
0,419,123,2.000031249755863,EXECUTE,SUCCESS,11059936,0,0.0
0,420,124,2.000031249755863,EXECUTE,SUCCESS,11059938,0,0.0
0,421,127,2.0000156249389653,EXECUTE,SUCCESS,11059939,0,0.0
0,422,129,2.0000156249389653,EXECUTE,SUCCESS,11059940,0,0.0
0,423,130,2.0,EXECUTE,CRASH,11060017,76,0.00475
0,392,78,2.908844272215342,EXECUTE,SUCCESS,11140023,0,0.0
0,393,79,2.814737998464511,EXECUTE,SUCCESS,11140029,0,0.0
0,394,80,2.7173746521228908,EXECUTE,SUCCESS,11140035,0,0.0
0,395,84,2.7137036499957032,EXECUTE,SUCCESS,11140036,0,0.0
0,396,86,2.7100276751354406,EXECUTE,SUCCESS,11140037,0,0.0
0,397,87,2.6762730615540713,EXECUTE,SUCCESS,11140040,0,0.0
0,398,88,2.573676844516421,EXECUTE,SUCCESS,11140046,0,0.0
0,399,92,2.569800575920241,EXECUTE,SUCCESS,11140047,0,0.0
0,400,94,2.565918451549075,EXECUTE,SUCCESS,11140048,0,0.0
0,401,95,2.5302420832797803,EXECUTE,SUCCESS,11140051,0,0.0
0,402,96,2.4317560527322644,EXECUTE,SUCCESS,11140056,0,0.0
0,403,100,2.427653187751497,EXECUTE,SUCCESS,11140057,0,0.0
0,404,102,2.4235433769586225,EXECUTE,SUCCESS,11140058,0,0.0
0,405,105,2.396181858707724,EXECUTE,SUCCESS,11140060,0,0.0
0,406,106,2.3685042748536476,EXECUTE,SUCCESS,11140062,0,0.0
0,407,107,2.3404994125186196,EXECUTE,SUCCESS,11140064,0,0.0
0,408,108,2.312155379726891,EXECUTE,SUCCESS,11140066,0,0.0
0,409,109,2.283459546390083,EXECUTE,SUCCESS,11140068,0,0.0
0,410,112,2.2543984785303604,EXECUTE,SUCCESS,11140070,0,0.0
0,411,113,2.224957864769579,EXECUTE,SUCCESS,11140072,0,0.0
0,412,114,2.0,EXECUTE,CRASH,11140131,57,0.0035625
0,392,78,2.908844272215342,EXECUTE,SUCCESS,11252137,0,0.0
0,393,79,2.814737998464511,EXECUTE,SUCCESS,11252143,0,0.0
0,394,80,2.7173746521228908,EXECUTE,SUCCESS,11252149,0,0.0
0,395,84,2.7137036499957032,EXECUTE,SUCCESS,11252150,0,0.0
0,396,86,2.7100276751354406,EXECUTE,SUCCESS,11252151,0,0.0
0,397,87,2.6762730615540713,EXECUTE,SUCCESS,11252154,0,0.0
0,398,88,2.573676844516421,EXECUTE,SUCCESS,11252160,0,0.0
0,399,92,2.569800575920241,EXECUTE,SUCCESS,11252161,0,0.0
0,400,94,2.565918451549075,EXECUTE,SUCCESS,11252162,0,0.0
0,401,95,2.5302420832797803,EXECUTE,SUCCESS,11252165,0,0.0
0,402,96,2.4317560527322644,EXECUTE,SUCCESS,11252170,0,0.0
0,403,100,2.427653187751497,EXECUTE,SUCCESS,11252171,0,0.0
0,404,102,2.4235433769586225,EXECUTE,SUCCESS,11252172,0,0.0
0,405,105,2.396181858707724,EXECUTE,SUCCESS,11252174,0,0.0
0,406,106,2.3685042748536476,EXECUTE,SUCCESS,11252176,0,0.0
0,407,107,2.3404994125186196,EXECUTE,SUCCESS,11252178,0,0.0
0,408,108,2.312155379726891,EXECUTE,SUCCESS,11252180,0,0.0
0,409,109,2.283459546390083,EXECUTE,SUCCESS,11252182,0,0.0
0,410,112,2.2543984785303604,EXECUTE,SUCCESS,11252184,0,0.0
0,411,113,2.224957864769579,EXECUTE,SUCCESS,11252186,0,0.0
0,412,114,2.195122433943037,EXECUTE,SUCCESS,11252188,0,0.0
0,413,115,2.1648758624918893,EXECUTE,SUCCESS,11252190,0,0.0
0,414,116,2.1342006700401908,EXECUTE,SUCCESS,11252192,0,0.0
0,415,117,2.10307810126015,EXECUTE,SUCCESS,11252194,0,0.0
0,416,120,2.071487991758581,EXECUTE,SUCCESS,11252196,0,0.0
0,417,121,2.039408615260806,EXECUTE,SUCCESS,11252198,0,0.0
0,418,122,2.0068165088019376,EXECUTE,SUCCESS,11252200,0,0.0
0,419,123,2.0,EXECUTE,CRASH,11252273,71,0.0044375
0,392,78,2.908844272215342,EXECUTE,SUCCESS,11332279,0,0.0
0,393,79,2.814737998464511,EXECUTE,SUCCESS,11332285,0,0.0
0,394,80,2.7173746521228908,EXECUTE,SUCCESS,11332291,0,0.0
0,395,84,2.7137036499957032,EXECUTE,SUCCESS,11332292,0,0.0
0,396,86,2.7100276751354406,EXECUTE,SUCCESS,11332293,0,0.0
0,397,87,2.6762730615540713,EXECUTE,SUCCESS,11332296,0,0.0
0,398,88,2.573676844516421,EXECUTE,SUCCESS,11332302,0,0.0
0,399,92,2.569800575920241,EXECUTE,SUCCESS,11332303,0,0.0
0,400,94,2.565918451549075,EXECUTE,SUCCESS,11332304,0,0.0
0,401,95,2.5302420832797803,EXECUTE,SUCCESS,11332307,0,0.0
0,402,96,2.4317560527322644,EXECUTE,SUCCESS,11332312,0,0.0
0,403,100,2.427653187751497,EXECUTE,SUCCESS,11332313,0,0.0
0,404,102,2.4235433769586225,EXECUTE,SUCCESS,11332314,0,0.0
0,405,105,2.396181858707724,EXECUTE,SUCCESS,11332316,0,0.0
0,406,106,2.3685042748536476,EXECUTE,SUCCESS,11332318,0,0.0
0,407,107,2.3404994125186196,EXECUTE,SUCCESS,11332320,0,0.0
0,408,108,2.312155379726891,EXECUTE,SUCCESS,11332322,0,0.0
0,409,109,2.283459546390083,EXECUTE,SUCCESS,11332324,0,0.0
0,410,112,2.2543984785303604,EXECUTE,SUCCESS,11332326,0,0.0
0,411,113,2.224957864769579,EXECUTE,SUCCESS,11332328,0,0.0
0,412,114,2.195122433943037,EXECUTE,SUCCESS,11332330,0,0.0
0,413,115,2.1648758624918893,EXECUTE,SUCCESS,11332332,0,0.0
0,414,116,2.1342006700401908,EXECUTE,SUCCESS,11332334,0,0.0
0,415,117,2.10307810126015,EXECUTE,SUCCESS,11332336,0,0.0
0,416,120,2.071487991758581,EXECUTE,SUCCESS,11332338,0,0.0
0,417,121,2.039408615260806,EXECUTE,SUCCESS,11332340,0,0.0
0,418,122,2.0068165088019376,EXECUTE,SUCCESS,11332342,0,0.0
0,419,123,2.000031249755863,EXECUTE,SUCCESS,11332344,0,0.0
0,420,124,2.000031249755863,EXECUTE,SUCCESS,11332346,0,0.0
0,421,127,2.0000156249389653,EXECUTE,SUCCESS,11332347,0,0.0
0,422,129,2.0000156249389653,EXECUTE,SUCCESS,11332348,0,0.0
0,423,130,2.0000156249389653,EXECUTE,SUCCESS,11332349,0,0.0
0,424,131,2.0000468744506965,EXECUTE,SUCCESS,11332352,0,0.0
0,425,132,2.0000468744506965,EXECUTE,SUCCESS,11332355,0,0.0
0,426,133,2.0000468744506965,EXECUTE,SUCCESS,11332358,0,0.0
0,427,134,2.0000468744506965,EXECUTE,SUCCESS,11332361,0,0.0
0,428,135,2.0000468744506965,EXECUTE,SUCCESS,11332364,0,0.0
0,429,136,2.0000468744506965,EXECUTE,SUCCESS,11332367,0,0.0
0,430,138,2.0000468744506965,EXECUTE,SUCCESS,11332370,0,0.0
0,431,139,2.0000468744506965,EXECUTE,SUCCESS,11332373,0,0.0
0,432,140,2.0000468744506965,EXECUTE,SUCCESS,11332376,0,0.0
0,433,141,2.0000468744506965,EXECUTE,SUCCESS,11332379,0,0.0
0,434,145,2.0000156249389653,EXECUTE,SUCCESS,11332380,0,0.0
0,435,147,2.000031249755863,EXECUTE,SUCCESS,11332382,0,0.0
0,436,149,2.0000156249389653,EXECUTE,SUCCESS,11332383,0,0.0
0,437,151,2.0000468744506965,EXECUTE,SUCCESS,11332386,0,0.0
0,438,152,2.0,EXECUTE,CRASH,11332501,114,0.007125
0,392,78,2.908844272215342,EXECUTE,SUCCESS,11412507,0,0.0
0,393,79,2.814737998464511,EXECUTE,SUCCESS,11412513,0,0.0
0,394,80,2.7173746521228908,EXECUTE,SUCCESS,11412519,0,0.0
0,395,84,2.7137036499957032,EXECUTE,SUCCESS,11412520,0,0.0
0,396,86,2.7100276751354406,EXECUTE,SUCCESS,11412521,0,0.0
0,397,87,2.6762730615540713,EXECUTE,SUCCESS,11412524,0,0.0
0,398,88,2.573676844516421,EXECUTE,SUCCESS,11412530,0,0.0
0,399,92,2.569800575920241,EXECUTE,SUCCESS,11412531,0,0.0
0,400,94,2.565918451549075,EXECUTE,SUCCESS,11412532,0,0.0
0,401,95,2.5302420832797803,EXECUTE,SUCCESS,11412535,0,0.0
0,402,96,2.4317560527322644,EXECUTE,SUCCESS,11412540,0,0.0
0,403,100,2.427653187751497,EXECUTE,SUCCESS,11412541,0,0.0
0,404,102,2.4235433769586225,EXECUTE,SUCCESS,11412542,0,0.0
0,405,105,2.396181858707724,EXECUTE,SUCCESS,11412544,0,0.0
0,406,106,2.3685042748536476,EXECUTE,SUCCESS,11412546,0,0.0
0,407,107,2.3404994125186196,EXECUTE,SUCCESS,11412548,0,0.0
0,408,108,2.312155379726891,EXECUTE,SUCCESS,11412550,0,0.0
0,409,109,2.283459546390083,EXECUTE,SUCCESS,11412552,0,0.0
0,410,112,2.2543984785303604,EXECUTE,SUCCESS,11412554,0,0.0
0,411,113,2.224957864769579,EXECUTE,SUCCESS,11412556,0,0.0
0,412,114,2.195122433943037,EXECUTE,SUCCESS,11412558,0,0.0
0,413,115,2.1648758624918893,EXECUTE,SUCCESS,11412560,0,0.0
0,414,116,2.1342006700401908,EXECUTE,SUCCESS,11412562,0,0.0
0,415,117,2.10307810126015,EXECUTE,SUCCESS,11412564,0,0.0
0,416,120,2.071487991758581,EXECUTE,SUCCESS,11412566,0,0.0
0,417,121,2.039408615260806,EXECUTE,SUCCESS,11412568,0,0.0
0,418,122,2.0068165088019376,EXECUTE,SUCCESS,11412570,0,0.0
0,419,123,2.000031249755863,EXECUTE,SUCCESS,11412572,0,0.0
0,420,124,2.000031249755863,EXECUTE,SUCCESS,11412574,0,0.0
0,421,127,2.0000156249389653,EXECUTE,SUCCESS,11412575,0,0.0
0,422,129,2.0000156249389653,EXECUTE,SUCCESS,11412576,0,0.0
0,423,130,2.0000156249389653,EXECUTE,SUCCESS,11412577,0,0.0
0,424,131,2.0000468744506965,EXECUTE,SUCCESS,11412580,0,0.0
0,425,132,2.0000468744506965,EXECUTE,SUCCESS,11412583,0,0.0
0,426,133,2.0000468744506965,EXECUTE,SUCCESS,11412586,0,0.0
0,427,134,2.0000468744506965,EXECUTE,SUCCESS,11412589,0,0.0
0,428,135,2.0000468744506965,EXECUTE,SUCCESS,11412592,0,0.0
0,429,136,2.0000468744506965,EXECUTE,SUCCESS,11412595,0,0.0
0,430,138,2.0000468744506965,EXECUTE,SUCCESS,11412598,0,0.0
0,431,139,2.0000468744506965,EXECUTE,SUCCESS,11412601,0,0.0
0,432,140,2.0000468744506965,EXECUTE,SUCCESS,11412604,0,0.0
0,433,141,2.0000468744506965,EXECUTE,SUCCESS,11412607,0,0.0
0,434,145,2.0000156249389653,EXECUTE,SUCCESS,11412608,0,0.0
0,435,147,2.000031249755863,EXECUTE,SUCCESS,11412610,0,0.0
0,436,149,2.0000156249389653,EXECUTE,SUCCESS,11412611,0,0.0
0,437,151,2.0000468744506965,EXECUTE,SUCCESS,11412614,0,0.0
0,438,152,2.0000156249389653,EXECUTE,SUCCESS,11412615,0,0.0
0,439,153,2.0000156249389653,EXECUTE,SUCCESS,11412616,0,0.0
0,440,154,2.0000156249389653,EXECUTE,SUCCESS,11412617,0,0.0
0,441,155,2.0000156249389653,EXECUTE,SUCCESS,11412618,0,0.0
0,442,158,2.0000156249389653,EXECUTE,SUCCESS,11412619,0,0.0
0,443,159,2.0000156249389653,EXECUTE,SUCCESS,11412620,0,0.0
0,444,160,2.0000156249389653,EXECUTE,SUCCESS,11412621,0,0.0
0,445,163,2.0000156249389653,EXECUTE,SUCCESS,11412622,0,0.0
0,446,165,2.0000156249389653,EXECUTE,SUCCESS,11412623,0,0.0
0,447,167,2.0000468744506965,EXECUTE,SUCCESS,11412626,0,0.0
0,448,168,2.0000468744506965,EXECUTE,SUCCESS,11412629,0,0.0
0,449,169,2.0000468744506965,EXECUTE,SUCCESS,11412632,0,0.0
0,450,171,2.0000156249389653,EXECUTE,SUCCESS,11412633,0,0.0
0,451,174,2.0000156249389653,EXECUTE,SUCCESS,11412634,0,0.0
0,452,176,2.0000156249389653,EXECUTE,SUCCESS,11412635,0,0.0
0,453,182,2.0000468744506965,EXECUTE,SUCCESS,11412638,0,0.0
0,454,183,2.0000156249389653,EXECUTE,SUCCESS,11412639,0,0.0
0,455,186,2.0000156249389653,EXECUTE,SUCCESS,11412640,0,0.0
0,456,189,2.0000156249389653,EXECUTE,SUCCESS,11412641,0,0.0
0,457,191,2.0000156249389653,EXECUTE,SUCCESS,11412642,0,0.0
0,458,192,2.0000156249389653,EXECUTE,SUCCESS,11412643,0,0.0
0,459,193,2.0000156249389653,EXECUTE,SUCCESS,11412644,0,0.0
0,460,7,2.0000156249389653,EXECUTE,SUCCESS,11412645,0,0.0
0,461,15,2.0000781234741805,EXECUTE,SUCCESS,11412650,0,0.0
0,462,16,2.0000156249389653,EXECUTE,SUCCESS,11412651,0,0.0
0,463,17,2.0000156249389653,EXECUTE,SUCCESS,11412652,0,0.0
0,464,18,2.0000156249389653,EXECUTE,SUCCESS,11412653,0,0.0
0,465,19,2.0000156249389653,EXECUTE,SUCCESS,11412654,0,0.0
0,466,20,2.0000156249389653,EXECUTE,SUCCESS,11412655,0,0.0
0,467,21,2.0000156249389653,EXECUTE,SUCCESS,11412656,0,0.0
0,468,22,2.0,EXECUTE,CRASH,11412813,156,0.00975
0,392,78,2.908844272215342,EXECUTE,SUCCESS,11492819,0,0.0
0,393,79,2.814737998464511,EXECUTE,SUCCESS,11492825,0,0.0
0,394,80,2.7173746521228908,EXECUTE,SUCCESS,11492831,0,0.0
0,395,84,2.7137036499957032,EXECUTE,SUCCESS,11492832,0,0.0
0,396,86,2.7100276751354406,EXECUTE,SUCCESS,11492833,0,0.0
0,397,87,2.6762730615540713,EXECUTE,SUCCESS,11492836,0,0.0
0,398,88,2.573676844516421,EXECUTE,SUCCESS,11492842,0,0.0
0,399,92,2.569800575920241,EXECUTE,SUCCESS,11492843,0,0.0
0,400,94,2.565918451549075,EXECUTE,SUCCESS,11492844,0,0.0
0,401,95,2.5302420832797803,EXECUTE,SUCCESS,11492847,0,0.0
0,402,96,2.4317560527322644,EXECUTE,SUCCESS,11492852,0,0.0
0,403,100,2.427653187751497,EXECUTE,SUCCESS,11492853,0,0.0
0,404,102,2.4235433769586225,EXECUTE,SUCCESS,11492854,0,0.0
0,405,105,2.396181858707724,EXECUTE,SUCCESS,11492856,0,0.0
0,406,106,2.3685042748536476,EXECUTE,SUCCESS,11492858,0,0.0
0,407,107,2.3404994125186196,EXECUTE,SUCCESS,11492860,0,0.0
0,408,108,2.312155379726891,EXECUTE,SUCCESS,11492862,0,0.0
0,409,109,2.283459546390083,EXECUTE,SUCCESS,11492864,0,0.0
0,410,112,2.2543984785303604,EXECUTE,SUCCESS,11492866,0,0.0
0,411,113,2.224957864769579,EXECUTE,SUCCESS,11492868,0,0.0
0,412,114,2.195122433943037,EXECUTE,SUCCESS,11492870,0,0.0
0,413,115,2.1648758624918893,EXECUTE,SUCCESS,11492872,0,0.0
0,414,116,2.1342006700401908,EXECUTE,SUCCESS,11492874,0,0.0
0,415,117,2.10307810126015,EXECUTE,SUCCESS,11492876,0,0.0
0,416,120,2.071487991758581,EXECUTE,SUCCESS,11492878,0,0.0
0,417,121,2.039408615260806,EXECUTE,SUCCESS,11492880,0,0.0
0,418,122,2.0068165088019376,EXECUTE,SUCCESS,11492882,0,0.0
0,419,123,2.000031249755863,EXECUTE,SUCCESS,11492884,0,0.0
0,420,124,2.000031249755863,EXECUTE,SUCCESS,11492886,0,0.0
0,421,127,2.0000156249389653,EXECUTE,SUCCESS,11492887,0,0.0
0,422,129,2.0000156249389653,EXECUTE,SUCCESS,11492888,0,0.0
0,423,130,2.0000156249389653,EXECUTE,SUCCESS,11492889,0,0.0
0,424,131,2.0000468744506965,EXECUTE,SUCCESS,11492892,0,0.0
0,425,132,2.0000468744506965,EXECUTE,SUCCESS,11492895,0,0.0
0,426,133,2.0000468744506965,EXECUTE,SUCCESS,11492898,0,0.0
0,427,134,2.0000468744506965,EXECUTE,SUCCESS,11492901,0,0.0
0,428,135,2.0000468744506965,EXECUTE,SUCCESS,11492904,0,0.0
0,429,136,2.0000468744506965,EXECUTE,SUCCESS,11492907,0,0.0
0,430,138,2.0000468744506965,EXECUTE,SUCCESS,11492910,0,0.0
0,431,139,2.0000468744506965,EXECUTE,SUCCESS,11492913,0,0.0
0,432,140,2.0000468744506965,EXECUTE,SUCCESS,11492916,0,0.0
0,433,141,2.0000468744506965,EXECUTE,SUCCESS,11492919,0,0.0
0,434,145,2.0000156249389653,EXECUTE,SUCCESS,11492920,0,0.0
0,435,147,2.000031249755863,EXECUTE,SUCCESS,11492922,0,0.0
0,436,149,2.0000156249389653,EXECUTE,SUCCESS,11492923,0,0.0
0,437,151,2.0000468744506965,EXECUTE,SUCCESS,11492926,0,0.0
0,438,152,2.0000156249389653,EXECUTE,SUCCESS,11492927,0,0.0
0,439,153,2.0000156249389653,EXECUTE,SUCCESS,11492928,0,0.0
0,440,154,2.0000156249389653,EXECUTE,SUCCESS,11492929,0,0.0
0,441,155,2.0000156249389653,EXECUTE,SUCCESS,11492930,0,0.0
0,442,158,2.0000156249389653,EXECUTE,SUCCESS,11492931,0,0.0
0,443,159,2.0000156249389653,EXECUTE,SUCCESS,11492932,0,0.0
0,444,160,2.0000156249389653,EXECUTE,SUCCESS,11492933,0,0.0
0,445,163,2.0000156249389653,EXECUTE,SUCCESS,11492934,0,0.0
0,446,165,2.0000156249389653,EXECUTE,SUCCESS,11492935,0,0.0
0,447,167,2.0000468744506965,EXECUTE,SUCCESS,11492938,0,0.0
0,448,168,2.0,EXECUTE,CRASH,11493069,128,0.008
0,392,78,2.908844272215342,EXECUTE,SUCCESS,11573075,0,0.0
0,393,79,2.814737998464511,EXECUTE,SUCCESS,11573081,0,0.0
0,394,80,2.7173746521228908,EXECUTE,SUCCESS,11573087,0,0.0
0,395,84,2.7137036499957032,EXECUTE,SUCCESS,11573088,0,0.0
0,396,86,2.7100276751354406,EXECUTE,SUCCESS,11573089,0,0.0
0,397,87,2.6762730615540713,EXECUTE,SUCCESS,11573092,0,0.0
0,398,88,2.573676844516421,EXECUTE,SUCCESS,11573098,0,0.0
0,399,92,2.569800575920241,EXECUTE,SUCCESS,11573099,0,0.0
0,400,94,2.565918451549075,EXECUTE,SUCCESS,11573100,0,0.0
0,401,95,2.5302420832797803,EXECUTE,SUCCESS,11573103,0,0.0
0,402,96,2.4317560527322644,EXECUTE,SUCCESS,11573108,0,0.0
0,403,100,2.427653187751497,EXECUTE,SUCCESS,11573109,0,0.0
0,404,102,2.4235433769586225,EXECUTE,SUCCESS,11573110,0,0.0
0,405,105,2.396181858707724,EXECUTE,SUCCESS,11573112,0,0.0
0,406,106,2.3685042748536476,EXECUTE,SUCCESS,11573114,0,0.0
0,407,107,2.3404994125186196,EXECUTE,SUCCESS,11573116,0,0.0
0,408,108,2.312155379726891,EXECUTE,SUCCESS,11573118,0,0.0
0,409,109,2.283459546390083,EXECUTE,SUCCESS,11573120,0,0.0
0,410,112,2.2543984785303604,EXECUTE,SUCCESS,11573122,0,0.0
0,411,113,2.224957864769579,EXECUTE,SUCCESS,11573124,0,0.0
0,412,114,2.195122433943037,EXECUTE,SUCCESS,11573126,0,0.0
0,413,115,2.1648758624918893,EXECUTE,SUCCESS,11573128,0,0.0
0,414,116,2.1342006700401908,EXECUTE,SUCCESS,11573130,0,0.0
0,415,117,2.10307810126015,EXECUTE,SUCCESS,11573132,0,0.0
0,416,120,2.071487991758581,EXECUTE,SUCCESS,11573134,0,0.0
0,417,121,2.039408615260806,EXECUTE,SUCCESS,11573136,0,0.0
0,418,122,2.0068165088019376,EXECUTE,SUCCESS,11573138,0,0.0
0,419,123,2.000031249755863,EXECUTE,SUCCESS,11573140,0,0.0
0,420,124,2.000031249755863,EXECUTE,SUCCESS,11573142,0,0.0
0,421,127,2.0000156249389653,EXECUTE,SUCCESS,11573143,0,0.0
0,422,129,2.0000156249389653,EXECUTE,SUCCESS,11573144,0,0.0
0,423,130,2.0000156249389653,EXECUTE,SUCCESS,11573145,0,0.0
0,424,131,2.0000468744506965,EXECUTE,SUCCESS,11573148,0,0.0
0,425,132,2.0000468744506965,EXECUTE,SUCCESS,11573151,0,0.0
0,426,133,2.0000468744506965,EXECUTE,SUCCESS,11573154,0,0.0
0,427,134,2.0000468744506965,EXECUTE,SUCCESS,11573157,0,0.0
0,428,135,2.0000468744506965,EXECUTE,SUCCESS,11573160,0,0.0
0,429,136,2.0000468744506965,EXECUTE,SUCCESS,11573163,0,0.0
0,430,138,2.0000468744506965,EXECUTE,SUCCESS,11573166,0,0.0
0,431,139,2.0000468744506965,EXECUTE,SUCCESS,11573169,0,0.0
0,432,140,2.0000468744506965,EXECUTE,SUCCESS,11573172,0,0.0
0,433,141,2.0000468744506965,EXECUTE,SUCCESS,11573175,0,0.0
0,434,145,2.0000156249389653,EXECUTE,SUCCESS,11573176,0,0.0
0,435,147,2.000031249755863,EXECUTE,SUCCESS,11573178,0,0.0
0,436,149,2.0000156249389653,EXECUTE,SUCCESS,11573179,0,0.0
0,437,151,2.0000468744506965,EXECUTE,SUCCESS,11573182,0,0.0
0,438,152,2.0000156249389653,EXECUTE,SUCCESS,11573183,0,0.0
0,439,153,2.0000156249389653,EXECUTE,SUCCESS,11573184,0,0.0
0,440,154,2.0000156249389653,EXECUTE,SUCCESS,11573185,0,0.0
0,441,155,2.0000156249389653,EXECUTE,SUCCESS,11573186,0,0.0
0,442,158,2.0000156249389653,EXECUTE,SUCCESS,11573187,0,0.0
0,443,159,2.0000156249389653,EXECUTE,SUCCESS,11573188,0,0.0
0,444,160,2.0000156249389653,EXECUTE,SUCCESS,11573189,0,0.0
0,445,163,2.0000156249389653,EXECUTE,SUCCESS,11573190,0,0.0
0,446,165,2.0000156249389653,EXECUTE,SUCCESS,11573191,0,0.0
0,447,167,2.0000468744506965,EXECUTE,SUCCESS,11573194,0,0.0
0,448,168,2.0000468744506965,EXECUTE,SUCCESS,11573197,0,0.0
0,449,169,2.0000468744506965,EXECUTE,SUCCESS,11573200,0,0.0
0,450,171,2.0000156249389653,EXECUTE,SUCCESS,11573201,0,0.0
0,451,174,2.0000156249389653,EXECUTE,SUCCESS,11573202,0,0.0
0,452,176,2.0000156249389653,EXECUTE,SUCCESS,11573203,0,0.0
0,453,182,2.0000468744506965,EXECUTE,SUCCESS,11573206,0,0.0
0,454,183,2.0000156249389653,EXECUTE,SUCCESS,11573207,0,0.0
0,455,186,2.0000156249389653,EXECUTE,SUCCESS,11573208,0,0.0
0,456,189,2.0000156249389653,EXECUTE,SUCCESS,11573209,0,0.0
0,457,191,2.0000156249389653,EXECUTE,SUCCESS,11573210,0,0.0
0,458,192,2.0000156249389653,EXECUTE,SUCCESS,11573211,0,0.0
0,459,193,2.0000156249389653,EXECUTE,SUCCESS,11573212,0,0.0
0,460,7,2.0000156249389653,EXECUTE,SUCCESS,11573213,0,0.0
0,461,15,2.0000781234741805,EXECUTE,SUCCESS,11573218,0,0.0
0,462,16,2.0000156249389653,EXECUTE,SUCCESS,11573219,0,0.0
0,463,17,2.0000156249389653,EXECUTE,SUCCESS,11573220,0,0.0
0,464,18,2.0000156249389653,EXECUTE,SUCCESS,11573221,0,0.0
0,465,19,2.0000156249389653,EXECUTE,SUCCESS,11573222,0,0.0
0,466,20,2.0000156249389653,EXECUTE,SUCCESS,11573223,0,0.0
0,467,21,2.0000156249389653,EXECUTE,SUCCESS,11573224,0,0.0
0,468,22,2.0000156249389653,EXECUTE,SUCCESS,11573225,0,0.0
0,469,23,2.0000156249389653,EXECUTE,SUCCESS,11573226,0,0.0
0,470,24,2.0000156249389653,EXECUTE,SUCCESS,11573227,0,0.0
0,471,25,2.0000156249389653,EXECUTE,SUCCESS,11573228,0,0.0
0,472,26,2.0000156249389653,EXECUTE,SUCCESS,11573229,0,0.0
0,473,27,2.0000156249389653,EXECUTE,SUCCESS,11573230,0,0.0
0,474,28,2.0000156249389653,EXECUTE,SUCCESS,11573231,0,0.0
0,475,29,2.0000156249389653,EXECUTE,SUCCESS,11573232,0,0.0
0,476,30,2.0000156249389653,EXECUTE,SUCCESS,11573233,0,0.0
0,477,31,2.0000156249389653,EXECUTE,SUCCESS,11573234,0,0.0
0,478,35,2.0000781234741805,EXECUTE,SUCCESS,11573239,0,0.0
0,479,36,2.0000156249389653,EXECUTE,SUCCESS,11573240,0,0.0
0,480,40,2.0000156249389653,EXECUTE,SUCCESS,11573241,0,0.0
0,481,41,2.0000156249389653,EXECUTE,SUCCESS,11573242,0,0.0
0,482,42,2.0000468744506965,EXECUTE,SUCCESS,11573245,0,0.0
0,483,44,2.0000156249389653,EXECUTE,SUCCESS,11573246,0,0.0
0,484,46,2.000031249755863,EXECUTE,SUCCESS,11573248,0,0.0
0,485,49,2.0000156249389653,EXECUTE,SUCCESS,11573249,0,0.0
0,486,51,2.0000156249389653,EXECUTE,SUCCESS,11573250,0,0.0
0,487,52,2.0000468744506965,EXECUTE,SUCCESS,11573253,0,0.0
0,488,54,2.0000468744506965,EXECUTE,SUCCESS,11573256,0,0.0
0,489,55,2.0000937478028376,EXECUTE,SUCCESS,11573262,0,0.0
0,490,56,2.0000937478028376,EXECUTE,SUCCESS,11573268,0,0.0
0,491,57,2.0000937478028376,EXECUTE,SUCCESS,11573274,0,0.0
0,492,58,2.0,EXECUTE,CRASH,11573491,211,0.0131875
0,392,78,2.908844272215342,EXECUTE,SUCCESS,11653497,0,0.0
0,393,79,2.814737998464511,EXECUTE,SUCCESS,11653503,0,0.0
0,394,80,2.7173746521228908,EXECUTE,SUCCESS,11653509,0,0.0
0,395,84,2.7137036499957032,EXECUTE,SUCCESS,11653510,0,0.0
0,396,86,2.7100276751354406,EXECUTE,SUCCESS,11653511,0,0.0
0,397,87,2.0,EXECUTE,CRASH,11653537,23,0.0014375
0,392,78,2.908844272215342,EXECUTE,SUCCESS,11733543,0,0.0
0,393,79,2.814737998464511,EXECUTE,SUCCESS,11733549,0,0.0
0,394,80,2.7173746521228908,EXECUTE,SUCCESS,11733555,0,0.0
0,395,84,2.7137036499957032,EXECUTE,SUCCESS,11733556,0,0.0
0,396,86,2.7100276751354406,EXECUTE,SUCCESS,11733557,0,0.0
0,397,87,2.6762730615540713,EXECUTE,SUCCESS,11733560,0,0.0
0,398,88,2.573676844516421,EXECUTE,SUCCESS,11733566,0,0.0
0,399,92,2.569800575920241,EXECUTE,SUCCESS,11733567,0,0.0
0,400,94,2.565918451549075,EXECUTE,SUCCESS,11733568,0,0.0
0,401,95,2.5302420832797803,EXECUTE,SUCCESS,11733571,0,0.0
0,402,96,2.4317560527322644,EXECUTE,SUCCESS,11733576,0,0.0
0,403,100,2.427653187751497,EXECUTE,SUCCESS,11733577,0,0.0
0,404,102,2.4235433769586225,EXECUTE,SUCCESS,11733578,0,0.0
0,405,105,2.396181858707724,EXECUTE,SUCCESS,11733580,0,0.0
0,406,106,2.3685042748536476,EXECUTE,SUCCESS,11733582,0,0.0
0,407,107,2.3404994125186196,EXECUTE,SUCCESS,11733584,0,0.0
0,408,108,2.312155379726891,EXECUTE,SUCCESS,11733586,0,0.0
0,409,109,2.283459546390083,EXECUTE,SUCCESS,11733588,0,0.0
0,410,112,2.2543984785303604,EXECUTE,SUCCESS,11733590,0,0.0
0,411,113,2.224957864769579,EXECUTE,SUCCESS,11733592,0,0.0
0,412,114,2.195122433943037,EXECUTE,SUCCESS,11733594,0,0.0
0,413,115,2.1648758624918893,EXECUTE,SUCCESS,11733596,0,0.0
0,414,116,2.1342006700401908,EXECUTE,SUCCESS,11733598,0,0.0
0,415,117,2.10307810126015,EXECUTE,SUCCESS,11733600,0,0.0
0,416,120,2.071487991758581,EXECUTE,SUCCESS,11733602,0,0.0
0,417,121,2.039408615260806,EXECUTE,SUCCESS,11733604,0,0.0
0,418,122,2.0068165088019376,EXECUTE,SUCCESS,11733606,0,0.0
0,419,123,2.000031249755863,EXECUTE,SUCCESS,11733608,0,0.0
0,420,124,2.000031249755863,EXECUTE,SUCCESS,11733610,0,0.0
0,421,127,2.0000156249389653,EXECUTE,SUCCESS,11733611,0,0.0
0,422,129,2.0000156249389653,EXECUTE,SUCCESS,11733612,0,0.0
0,423,130,2.0000156249389653,EXECUTE,SUCCESS,11733613,0,0.0
0,424,131,2.0000468744506965,EXECUTE,SUCCESS,11733616,0,0.0
0,425,132,2.0000468744506965,EXECUTE,SUCCESS,11733619,0,0.0
0,426,133,2.0000468744506965,EXECUTE,SUCCESS,11733622,0,0.0
0,427,134,2.0000468744506965,EXECUTE,SUCCESS,11733625,0,0.0
0,428,135,2.0000468744506965,EXECUTE,SUCCESS,11733628,0,0.0
0,429,136,2.0000468744506965,EXECUTE,SUCCESS,11733631,0,0.0
0,430,138,2.0000468744506965,EXECUTE,SUCCESS,11733634,0,0.0
0,431,139,2.0000468744506965,EXECUTE,SUCCESS,11733637,0,0.0
0,432,140,2.0,EXECUTE,CRASH,11733743,103,0.0064375
0,392,78,2.908844272215342,EXECUTE,SUCCESS,11813749,0,0.0
0,393,79,2.814737998464511,EXECUTE,SUCCESS,11813755,0,0.0
0,394,80,2.7173746521228908,EXECUTE,SUCCESS,11813761,0,0.0
0,395,84,2.7137036499957032,EXECUTE,SUCCESS,11813762,0,0.0
0,396,86,2.7100276751354406,EXECUTE,SUCCESS,11813763,0,0.0
0,397,87,2.6762730615540713,EXECUTE,SUCCESS,11813766,0,0.0
0,398,88,2.573676844516421,EXECUTE,SUCCESS,11813772,0,0.0
0,399,92,2.569800575920241,EXECUTE,SUCCESS,11813773,0,0.0
0,400,94,2.565918451549075,EXECUTE,SUCCESS,11813774,0,0.0
0,401,95,2.5302420832797803,EXECUTE,SUCCESS,11813777,0,0.0
0,402,96,2.4317560527322644,EXECUTE,SUCCESS,11813782,0,0.0
0,403,100,2.427653187751497,EXECUTE,SUCCESS,11813783,0,0.0
0,404,102,2.4235433769586225,EXECUTE,SUCCESS,11813784,0,0.0
0,405,105,2.396181858707724,EXECUTE,SUCCESS,11813786,0,0.0
0,406,106,2.3685042748536476,EXECUTE,SUCCESS,11813788,0,0.0
0,407,107,2.3404994125186196,EXECUTE,SUCCESS,11813790,0,0.0
0,408,108,2.312155379726891,EXECUTE,SUCCESS,11813792,0,0.0
0,409,109,2.283459546390083,EXECUTE,SUCCESS,11813794,0,0.0
0,410,112,2.0,EXECUTE,CRASH,11813849,53,0.0033125
0,392,78,2.908844272215342,EXECUTE,SUCCESS,11893855,0,0.0
0,393,79,2.814737998464511,EXECUTE,SUCCESS,11893861,0,0.0
0,394,80,2.7173746521228908,EXECUTE,SUCCESS,11893867,0,0.0
0,395,84,2.7137036499957032,EXECUTE,SUCCESS,11893868,0,0.0
0,396,86,2.7100276751354406,EXECUTE,SUCCESS,11893869,0,0.0
0,397,87,2.6762730615540713,EXECUTE,SUCCESS,11893872,0,0.0
0,398,88,2.573676844516421,EXECUTE,SUCCESS,11893878,0,0.0
0,399,92,2.569800575920241,EXECUTE,SUCCESS,11893879,0,0.0
0,400,94,2.565918451549075,EXECUTE,SUCCESS,11893880,0,0.0
0,401,95,2.5302420832797803,EXECUTE,SUCCESS,11893883,0,0.0
0,402,96,2.4317560527322644,EXECUTE,SUCCESS,11893888,0,0.0
0,403,100,2.427653187751497,EXECUTE,SUCCESS,11893889,0,0.0
0,404,102,2.4235433769586225,EXECUTE,SUCCESS,11893890,0,0.0
0,405,105,2.396181858707724,EXECUTE,SUCCESS,11893892,0,0.0
0,406,106,2.3685042748536476,EXECUTE,SUCCESS,11893894,0,0.0
0,407,107,2.3404994125186196,EXECUTE,SUCCESS,11893896,0,0.0
0,408,108,2.312155379726891,EXECUTE,SUCCESS,11893898,0,0.0
0,409,109,2.283459546390083,EXECUTE,SUCCESS,11893900,0,0.0
0,410,112,2.2543984785303604,EXECUTE,SUCCESS,11893902,0,0.0
0,411,113,2.224957864769579,EXECUTE,SUCCESS,11893904,0,0.0
0,412,114,2.195122433943037,EXECUTE,SUCCESS,11893906,0,0.0
0,413,115,2.1648758624918893,EXECUTE,SUCCESS,11893908,0,0.0
0,414,116,2.1342006700401908,EXECUTE,SUCCESS,11893910,0,0.0
0,415,117,2.10307810126015,EXECUTE,SUCCESS,11893912,0,0.0
0,416,120,2.071487991758581,EXECUTE,SUCCESS,11893914,0,0.0
0,417,121,2.039408615260806,EXECUTE,SUCCESS,11893916,0,0.0
0,418,122,2.0068165088019376,EXECUTE,SUCCESS,11893918,0,0.0
0,419,123,2.000031249755863,EXECUTE,SUCCESS,11893920,0,0.0
0,420,124,2.000031249755863,EXECUTE,SUCCESS,11893922,0,0.0
0,421,127,2.0000156249389653,EXECUTE,SUCCESS,11893923,0,0.0
0,422,129,2.0000156249389653,EXECUTE,SUCCESS,11893924,0,0.0
0,423,130,2.0000156249389653,EXECUTE,SUCCESS,11893925,0,0.0
0,424,131,2.0000468744506965,EXECUTE,SUCCESS,11893928,0,0.0
0,425,132,2.0000468744506965,EXECUTE,SUCCESS,11893931,0,0.0
0,426,133,2.0000468744506965,EXECUTE,SUCCESS,11893934,0,0.0
0,427,134,2.0000468744506965,EXECUTE,SUCCESS,11893937,0,0.0
0,428,135,2.0000468744506965,EXECUTE,SUCCESS,11893940,0,0.0
0,429,136,2.0,EXECUTE,CRASH,11894037,94,0.005875
0,392,78,2.908844272215342,EXECUTE,SUCCESS,11974043,0,0.0
0,393,79,2.814737998464511,EXECUTE,SUCCESS,11974049,0,0.0
0,394,80,2.7173746521228908,EXECUTE,SUCCESS,11974055,0,0.0
0,395,84,2.7137036499957032,EXECUTE,SUCCESS,11974056,0,0.0
0,396,86,2.7100276751354406,EXECUTE,SUCCESS,11974057,0,0.0
0,397,87,2.6762730615540713,EXECUTE,SUCCESS,11974060,0,0.0
0,398,88,2.573676844516421,EXECUTE,SUCCESS,11974066,0,0.0
0,399,92,2.569800575920241,EXECUTE,SUCCESS,11974067,0,0.0
0,400,94,2.565918451549075,EXECUTE,SUCCESS,11974068,0,0.0
0,401,95,2.5302420832797803,EXECUTE,SUCCESS,11974071,0,0.0
0,402,96,2.4317560527322644,EXECUTE,SUCCESS,11974076,0,0.0
0,403,100,2.427653187751497,EXECUTE,SUCCESS,11974077,0,0.0
0,404,102,2.4235433769586225,EXECUTE,SUCCESS,11974078,0,0.0
0,405,105,2.396181858707724,EXECUTE,SUCCESS,11974080,0,0.0
0,406,106,2.3685042748536476,EXECUTE,SUCCESS,11974082,0,0.0
0,407,107,2.3404994125186196,EXECUTE,SUCCESS,11974084,0,0.0
0,408,108,2.312155379726891,EXECUTE,SUCCESS,11974086,0,0.0
0,409,109,2.283459546390083,EXECUTE,SUCCESS,11974088,0,0.0
0,410,112,2.2543984785303604,EXECUTE,SUCCESS,11974090,0,0.0
0,411,113,2.224957864769579,EXECUTE,SUCCESS,11974092,0,0.0
0,412,114,2.195122433943037,EXECUTE,SUCCESS,11974094,0,0.0
0,413,115,2.1648758624918893,EXECUTE,SUCCESS,11974096,0,0.0
0,414,116,2.1342006700401908,EXECUTE,SUCCESS,11974098,0,0.0
0,415,117,2.10307810126015,EXECUTE,SUCCESS,11974100,0,0.0
0,416,120,2.071487991758581,EXECUTE,SUCCESS,11974102,0,0.0
0,417,121,2.0,EXECUTE,CRASH,11974171,67,0.0041875
0,392,78,2.908844272215342,EXECUTE,SUCCESS,12054177,0,0.0
0,393,79,2.814737998464511,EXECUTE,SUCCESS,12054183,0,0.0
0,394,80,2.7173746521228908,EXECUTE,SUCCESS,12054189,0,0.0
0,395,84,2.7137036499957032,EXECUTE,SUCCESS,12054190,0,0.0
0,396,86,2.7100276751354406,EXECUTE,SUCCESS,12054191,0,0.0
0,397,87,2.6762730615540713,EXECUTE,SUCCESS,12054194,0,0.0
0,398,88,2.573676844516421,EXECUTE,SUCCESS,12054200,0,0.0
0,399,92,2.569800575920241,EXECUTE,SUCCESS,12054201,0,0.0
0,400,94,2.565918451549075,EXECUTE,SUCCESS,12054202,0,0.0
0,401,95,2.5302420832797803,EXECUTE,SUCCESS,12054205,0,0.0
0,402,96,2.4317560527322644,EXECUTE,SUCCESS,12054210,0,0.0
0,403,100,2.427653187751497,EXECUTE,SUCCESS,12054211,0,0.0
0,404,102,2.4235433769586225,EXECUTE,SUCCESS,12054212,0,0.0
0,405,105,2.396181858707724,EXECUTE,SUCCESS,12054214,0,0.0
0,406,106,2.3685042748536476,EXECUTE,SUCCESS,12054216,0,0.0
0,407,107,2.3404994125186196,EXECUTE,SUCCESS,12054218,0,0.0
0,408,108,2.312155379726891,EXECUTE,SUCCESS,12054220,0,0.0
0,409,109,2.283459546390083,EXECUTE,SUCCESS,12054222,0,0.0
0,410,112,2.2543984785303604,EXECUTE,SUCCESS,12054224,0,0.0
0,411,113,2.224957864769579,EXECUTE,SUCCESS,12054226,0,0.0
0,412,114,2.195122433943037,EXECUTE,SUCCESS,12054228,0,0.0
0,413,115,2.1648758624918893,EXECUTE,SUCCESS,12054230,0,0.0
0,414,116,2.1342006700401908,EXECUTE,SUCCESS,12054232,0,0.0
0,415,117,2.10307810126015,EXECUTE,SUCCESS,12054234,0,0.0
0,416,120,2.071487991758581,EXECUTE,SUCCESS,12054236,0,0.0
0,417,121,2.039408615260806,EXECUTE,SUCCESS,12054238,0,0.0
0,418,122,2.0068165088019376,EXECUTE,SUCCESS,12054240,0,0.0
0,419,123,2.000031249755863,EXECUTE,SUCCESS,12054242,0,0.0
0,420,124,2.000031249755863,EXECUTE,SUCCESS,12054244,0,0.0
0,421,127,2.0000156249389653,EXECUTE,SUCCESS,12054245,0,0.0
0,422,129,2.0000156249389653,EXECUTE,SUCCESS,12054246,0,0.0
0,423,130,2.0000156249389653,EXECUTE,SUCCESS,12054247,0,0.0
0,424,131,2.0000468744506965,EXECUTE,SUCCESS,12054250,0,0.0
0,425,132,2.0000468744506965,EXECUTE,SUCCESS,12054253,0,0.0
0,426,133,2.0000468744506965,EXECUTE,SUCCESS,12054256,0,0.0
0,427,134,2.0000468744506965,EXECUTE,SUCCESS,12054259,0,0.0
0,428,135,2.0000468744506965,EXECUTE,SUCCESS,12054262,0,0.0
0,429,136,2.0000468744506965,EXECUTE,SUCCESS,12054265,0,0.0
0,430,138,2.0000468744506965,EXECUTE,SUCCESS,12054268,0,0.0
0,431,139,2.0000468744506965,EXECUTE,SUCCESS,12054271,0,0.0
0,432,140,2.0039960079800556,CHECKPOINT,SUCCESS,12054527,0,0.0
0,432,140,2.0000468744506965,EXECUTE,SUCCESS,12054530,0,0.0
0,433,141,2.0000468744506965,EXECUTE,SUCCESS,12054533,0,0.0
0,434,145,2.0000156249389653,EXECUTE,SUCCESS,12054534,0,0.0
0,435,147,2.000031249755863,EXECUTE,SUCCESS,12054536,0,0.0
0,436,149,2.0000156249389653,EXECUTE,SUCCESS,12054537,0,0.0
0,437,151,2.0000468744506965,EXECUTE,SUCCESS,12054540,0,0.0
0,438,152,2.0000156249389653,EXECUTE,SUCCESS,12054541,0,0.0
0,439,153,2.0000156249389653,EXECUTE,SUCCESS,12054542,0,0.0
0,440,154,2.0000156249389653,EXECUTE,SUCCESS,12054543,0,0.0
0,441,155,2.0000156249389653,EXECUTE,SUCCESS,12054544,0,0.0
0,442,158,2.0000156249389653,EXECUTE,SUCCESS,12054545,0,0.0
0,443,159,2.0000156249389653,EXECUTE,SUCCESS,12054546,0,0.0
0,444,160,2.0000156249389653,EXECUTE,SUCCESS,12054547,0,0.0
0,445,163,2.0000156249389653,EXECUTE,SUCCESS,12054548,0,0.0
0,446,165,2.0000156249389653,EXECUTE,SUCCESS,12054549,0,0.0
0,447,167,2.0000468744506965,EXECUTE,SUCCESS,12054552,0,0.0
0,448,168,2.0000468744506965,EXECUTE,SUCCESS,12054555,0,0.0
0,449,169,2.0000468744506965,EXECUTE,SUCCESS,12054558,0,0.0
0,450,171,2.0000156249389653,EXECUTE,SUCCESS,12054559,0,0.0
0,451,174,2.0000156249389653,EXECUTE,SUCCESS,12054560,0,0.0
0,452,176,2.0000156249389653,EXECUTE,SUCCESS,12054561,0,0.0
0,453,182,2.0000468744506965,EXECUTE,SUCCESS,12054564,0,0.0
0,454,183,2.0000156249389653,EXECUTE,SUCCESS,12054565,0,0.0
0,455,186,2.0000156249389653,EXECUTE,SUCCESS,12054566,0,0.0
0,456,189,2.0000156249389653,EXECUTE,SUCCESS,12054567,0,0.0
0,457,191,2.0000156249389653,EXECUTE,SUCCESS,12054568,0,0.0
0,458,192,2.0000156249389653,EXECUTE,SUCCESS,12054569,0,0.0
0,459,193,2.0000156249389653,EXECUTE,SUCCESS,12054570,0,0.0
0,460,7,2.0000156249389653,EXECUTE,SUCCESS,12054571,0,0.0
0,461,15,2.0000781234741805,EXECUTE,SUCCESS,12054576,0,0.0
0,462,16,2.0000156249389653,EXECUTE,SUCCESS,12054577,0,0.0
0,463,17,2.0000156249389653,EXECUTE,SUCCESS,12054578,0,0.0
0,464,18,2.0000156249389653,EXECUTE,SUCCESS,12054579,0,0.0
0,465,19,2.0000156249389653,EXECUTE,SUCCESS,12054580,0,0.0
0,466,20,2.0000156249389653,EXECUTE,SUCCESS,12054581,0,0.0
0,467,21,2.0000156249389653,EXECUTE,SUCCESS,12054582,0,0.0
0,468,22,2.0000156249389653,EXECUTE,SUCCESS,12054583,0,0.0
0,469,23,2.0000156249389653,EXECUTE,SUCCESS,12054584,0,0.0
0,470,24,2.0000156249389653,EXECUTE,SUCCESS,12054585,0,0.0
0,471,25,2.0000156249389653,EXECUTE,SUCCESS,12054586,0,0.0
0,472,26,2.0000156249389653,EXECUTE,SUCCESS,12054587,0,0.0
0,473,27,2.0000156249389653,EXECUTE,SUCCESS,12054588,0,0.0
0,474,28,2.0000156249389653,EXECUTE,SUCCESS,12054589,0,0.0
0,475,29,2.0000156249389653,EXECUTE,SUCCESS,12054590,0,0.0
0,476,30,2.0000156249389653,EXECUTE,SUCCESS,12054591,0,0.0
0,477,31,2.0000156249389653,EXECUTE,SUCCESS,12054592,0,0.0
0,478,35,2.0000781234741805,EXECUTE,SUCCESS,12054597,0,0.0
0,479,36,2.0000156249389653,EXECUTE,SUCCESS,12054598,0,0.0
0,480,40,2.0000156249389653,EXECUTE,SUCCESS,12054599,0,0.0
0,481,41,2.0000156249389653,EXECUTE,SUCCESS,12054600,0,0.0
0,482,42,2.0000468744506965,EXECUTE,SUCCESS,12054603,0,0.0
0,483,44,2.0000156249389653,EXECUTE,SUCCESS,12054604,0,0.0
0,484,46,2.000031249755863,EXECUTE,SUCCESS,12054606,0,0.0
0,485,49,2.0000156249389653,EXECUTE,SUCCESS,12054607,0,0.0
0,486,51,2.0000156249389653,EXECUTE,SUCCESS,12054608,0,0.0
0,487,52,2.0000468744506965,EXECUTE,SUCCESS,12054611,0,0.0
0,488,54,2.0000468744506965,EXECUTE,SUCCESS,12054614,0,0.0
0,489,55,2.0000937478028376,EXECUTE,SUCCESS,12054620,0,0.0
0,490,56,2.0000937478028376,EXECUTE,SUCCESS,12054626,0,0.0
0,491,57,2.0000937478028376,EXECUTE,SUCCESS,12054632,0,0.0
0,492,58,2.0000937478028376,EXECUTE,SUCCESS,12054638,0,0.0
0,493,61,2.0000468744506965,EXECUTE,SUCCESS,12054641,0,0.0
0,494,62,2.0000468744506965,EXECUTE,SUCCESS,12054644,0,0.0
0,495,63,2.0000937478028376,EXECUTE,SUCCESS,12054650,0,0.0
0,496,64,2.0000937478028376,EXECUTE,SUCCESS,12054656,0,0.0
0,497,65,2.0000937478028376,EXECUTE,SUCCESS,12054662,0,0.0
0,498,66,2.0000937478028376,EXECUTE,SUCCESS,12054668,0,0.0
0,499,68,2.000031249755863,EXECUTE,SUCCESS,12054670,0,0.0
0,500,69,2.0000781234741805,EXECUTE,SUCCESS,12054675,0,0.0
0,501,70,2.0000937478028376,EXECUTE,SUCCESS,12054681,0,0.0
0,502,71,2.0000781234741805,EXECUTE,SUCCESS,12054686,0,0.0
0,503,72,2.0000781234741805,EXECUTE,SUCCESS,12054691,0,0.0
0,504,73,2.0000781234741805,EXECUTE,SUCCESS,12054696,0,0.0
0,505,76,2.0000468744506965,EXECUTE,SUCCESS,12054699,0,0.0
0,506,77,2.0000937478028376,EXECUTE,SUCCESS,12054705,0,0.0
0,507,78,2.0000937478028376,EXECUTE,SUCCESS,12054711,0,0.0
0,508,79,2.0000937478028376,EXECUTE,SUCCESS,12054717,0,0.0
0,509,80,2.0000937478028376,EXECUTE,SUCCESS,12054723,0,0.0
0,510,84,2.0000156249389653,EXECUTE,SUCCESS,12054724,0,0.0
0,511,86,2.0000156249389653,EXECUTE,SUCCESS,12054725,0,0.0
0,512,87,2.0000468744506965,EXECUTE,SUCCESS,12054728,0,0.0
0,513,88,2.0000937478028376,EXECUTE,SUCCESS,12054734,0,0.0
0,514,92,2.0000156249389653,EXECUTE,SUCCESS,12054735,0,0.0
0,515,94,2.0000156249389653,EXECUTE,SUCCESS,12054736,0,0.0
0,516,95,2.0000468744506965,EXECUTE,SUCCESS,12054739,0,0.0
0,517,96,2.0000781234741805,EXECUTE,SUCCESS,12054744,0,0.0
0,518,100,2.0000156249389653,EXECUTE,SUCCESS,12054745,0,0.0
0,519,102,2.0000156249389653,EXECUTE,SUCCESS,12054746,0,0.0
0,520,105,2.000031249755863,EXECUTE,SUCCESS,12054748,0,0.0
0,521,106,2.000031249755863,EXECUTE,SUCCESS,12054750,0,0.0
0,522,107,2.000031249755863,EXECUTE,SUCCESS,12054752,0,0.0
0,523,108,2.000031249755863,EXECUTE,SUCCESS,12054754,0,0.0
0,524,109,2.000031249755863,EXECUTE,SUCCESS,12054756,0,0.0
0,525,112,2.000031249755863,EXECUTE,SUCCESS,12054758,0,0.0
0,526,113,2.000031249755863,EXECUTE,SUCCESS,12054760,0,0.0
0,527,114,2.000031249755863,EXECUTE,SUCCESS,12054762,0,0.0
0,528,115,2.000031249755863,EXECUTE,SUCCESS,12054764,0,0.0
0,529,116,2.000031249755863,EXECUTE,SUCCESS,12054766,0,0.0
0,530,117,2.000031249755863,EXECUTE,SUCCESS,12054768,0,0.0
0,531,120,2.000031249755863,EXECUTE,SUCCESS,12054770,0,0.0
0,532,121,2.000031249755863,EXECUTE,SUCCESS,12054772,0,0.0
0,533,122,2.000031249755863,EXECUTE,SUCCESS,12054774,0,0.0
0,534,123,2.000031249755863,EXECUTE,SUCCESS,12054776,0,0.0
0,535,124,2.000031249755863,EXECUTE,SUCCESS,12054778,0,0.0
0,536,127,2.0000156249389653,EXECUTE,SUCCESS,12054779,0,0.0
0,537,129,2.0000156249389653,EXECUTE,SUCCESS,12054780,0,0.0
0,538,130,2.0000156249389653,EXECUTE,SUCCESS,12054781,0,0.0
0,539,131,2.0000468744506965,EXECUTE,SUCCESS,12054784,0,0.0
0,540,132,2.0000468744506965,EXECUTE,SUCCESS,12054787,0,0.0
0,541,133,2.0000468744506965,EXECUTE,SUCCESS,12054790,0,0.0
0,542,134,2.0000468744506965,EXECUTE,SUCCESS,12054793,0,0.0
0,543,135,2.0000468744506965,EXECUTE,SUCCESS,12054796,0,0.0
0,544,136,2.0000468744506965,EXECUTE,SUCCESS,12054799,0,0.0
0,545,138,2.0000468744506965,EXECUTE,SUCCESS,12054802,0,0.0
0,546,139,2.0000468744506965,EXECUTE,SUCCESS,12054805,0,0.0
0,547,140,2.0000468744506965,EXECUTE,SUCCESS,12054808,0,0.0
0,548,141,2.0000468744506965,EXECUTE,SUCCESS,12054811,0,0.0
0,549,145,2.0000156249389653,EXECUTE,SUCCESS,12054812,0,0.0
0,550,147,2.000031249755863,EXECUTE,SUCCESS,12054814,0,0.0
0,551,149,2.0000156249389653,EXECUTE,SUCCESS,12054815,0,0.0
0,552,151,2.0000468744506965,EXECUTE,SUCCESS,12054818,0,0.0
0,553,152,2.0000156249389653,EXECUTE,SUCCESS,12054819,0,0.0
0,554,153,2.0000156249389653,EXECUTE,SUCCESS,12054820,0,0.0
0,555,154,2.0000156249389653,EXECUTE,SUCCESS,12054821,0,0.0
0,556,155,2.0000156249389653,EXECUTE,SUCCESS,12054822,0,0.0
0,557,158,2.0000156249389653,EXECUTE,SUCCESS,12054823,0,0.0
0,558,159,2.0000156249389653,EXECUTE,SUCCESS,12054824,0,0.0
0,559,160,2.0000156249389653,EXECUTE,SUCCESS,12054825,0,0.0
0,560,163,2.0000156249389653,EXECUTE,SUCCESS,12054826,0,0.0
0,561,165,2.0000156249389653,EXECUTE,SUCCESS,12054827,0,0.0
0,562,167,2.0000468744506965,EXECUTE,SUCCESS,12054830,0,0.0
0,563,168,2.0000468744506965,EXECUTE,SUCCESS,12054833,0,0.0
0,564,169,2.0000468744506965,EXECUTE,SUCCESS,12054836,0,0.0
0,565,171,2.0000156249389653,EXECUTE,SUCCESS,12054837,0,0.0
0,566,174,2.0000156249389653,EXECUTE,SUCCESS,12054838,0,0.0
0,567,176,2.0000156249389653,EXECUTE,SUCCESS,12054839,0,0.0
0,568,182,2.0000468744506965,EXECUTE,SUCCESS,12054842,0,0.0
0,569,183,2.0000156249389653,EXECUTE,SUCCESS,12054843,0,0.0
0,570,186,2.0000156249389653,EXECUTE,SUCCESS,12054844,0,0.0
0,571,189,2.0000156249389653,EXECUTE,SUCCESS,12054845,0,0.0
0,572,191,2.0000156249389653,EXECUTE,SUCCESS,12054846,0,0.0
0,573,192,2.0000156249389653,EXECUTE,SUCCESS,12054847,0,0.0
0,574,193,2.0000156249389653,EXECUTE,SUCCESS,12054848,0,0.0
